scenario_id,maturity_days,maturity_years,fraction_fixed,n_fixed,n_future,moneyness,strike
0,21,0.08333333333333333,0.0,0,22,0.6,60.0
1,21,0.08333333333333333,0.0,0,22,0.75,75.0
2,21,0.08333333333333333,0.0,0,22,0.9,90.0
3,21,0.08333333333333333,0.0,0,22,1.0,100.0
4,21,0.08333333333333333,0.0,0,22,1.1,110.00000000000001
5,21,0.08333333333333333,0.0,0,22,1.25,125.0
6,21,0.08333333333333333,0.0,0,22,1.5,150.0
7,21,0.08333333333333333,0.2727272727272727,6,16,0.6,60.0
8,21,0.08333333333333333,0.2727272727272727,6,16,0.75,75.0
9,21,0.08333333333333333,0.2727272727272727,6,16,0.9,90.0
10,21,0.08333333333333333,0.2727272727272727,6,16,1.0,100.0
11,21,0.08333333333333333,0.2727272727272727,6,16,1.1,110.00000000000001
12,21,0.08333333333333333,0.2727272727272727,6,16,1.25,125.0
13,21,0.08333333333333333,0.2727272727272727,6,16,1.5,150.0
14,21,0.08333333333333333,0.5,11,11,0.6,60.0
15,21,0.08333333333333333,0.5,11,11,0.75,75.0
16,21,0.08333333333333333,0.5,11,11,0.9,90.0
17,21,0.08333333333333333,0.5,11,11,1.0,100.0
18,21,0.08333333333333333,0.5,11,11,1.1,110.00000000000001
19,21,0.08333333333333333,0.5,11,11,1.25,125.0
20,21,0.08333333333333333,0.5,11,11,1.5,150.0
21,21,0.08333333333333333,0.7272727272727273,16,6,0.6,60.0
22,21,0.08333333333333333,0.7272727272727273,16,6,0.75,75.0
23,21,0.08333333333333333,0.7272727272727273,16,6,0.9,90.0
24,21,0.08333333333333333,0.7272727272727273,16,6,1.0,100.0
25,21,0.08333333333333333,0.7272727272727273,16,6,1.1,110.00000000000001
26,21,0.08333333333333333,0.7272727272727273,16,6,1.25,125.0
27,21,0.08333333333333333,0.7272727272727273,16,6,1.5,150.0
28,21,0.08333333333333333,0.9090909090909091,20,2,0.6,60.0
29,21,0.08333333333333333,0.9090909090909091,20,2,0.75,75.0
30,21,0.08333333333333333,0.9090909090909091,20,2,0.9,90.0
31,21,0.08333333333333333,0.9090909090909091,20,2,1.0,100.0
32,21,0.08333333333333333,0.9090909090909091,20,2,1.1,110.00000000000001
33,21,0.08333333333333333,0.9090909090909091,20,2,1.25,125.0
34,21,0.08333333333333333,0.9090909090909091,20,2,1.5,150.0
35,21,0.08333333333333333,0.9545454545454546,21,1,0.6,60.0
36,21,0.08333333333333333,0.9545454545454546,21,1,0.75,75.0
37,21,0.08333333333333333,0.9545454545454546,21,1,0.9,90.0
38,21,0.08333333333333333,0.9545454545454546,21,1,1.0,100.0
39,21,0.08333333333333333,0.9545454545454546,21,1,1.1,110.00000000000001
40,21,0.08333333333333333,0.9545454545454546,21,1,1.25,125.0
41,21,0.08333333333333333,0.9545454545454546,21,1,1.5,150.0
42,63,0.25,0.0,0,22,0.6,60.0
43,63,0.25,0.0,0,22,0.75,75.0
44,63,0.25,0.0,0,22,0.9,90.0
45,63,0.25,0.0,0,22,1.0,100.0
46,63,0.25,0.0,0,22,1.1,110.00000000000001
47,63,0.25,0.0,0,22,1.25,125.0
48,63,0.25,0.0,0,22,1.5,150.0
49,63,0.25,0.2727272727272727,6,16,0.6,60.0
50,63,0.25,0.2727272727272727,6,16,0.75,75.0
51,63,0.25,0.2727272727272727,6,16,0.9,90.0
52,63,0.25,0.2727272727272727,6,16,1.0,100.0
53,63,0.25,0.2727272727272727,6,16,1.1,110.00000000000001
54,63,0.25,0.2727272727272727,6,16,1.25,125.0
55,63,0.25,0.2727272727272727,6,16,1.5,150.0
56,63,0.25,0.5,11,11,0.6,60.0
57,63,0.25,0.5,11,11,0.75,75.0
58,63,0.25,0.5,11,11,0.9,90.0
59,63,0.25,0.5,11,11,1.0,100.0
60,63,0.25,0.5,11,11,1.1,110.00000000000001
61,63,0.25,0.5,11,11,1.25,125.0
62,63,0.25,0.5,11,11,1.5,150.0
63,63,0.25,0.7272727272727273,16,6,0.6,60.0
64,63,0.25,0.7272727272727273,16,6,0.75,75.0
65,63,0.25,0.7272727272727273,16,6,0.9,90.0
66,63,0.25,0.7272727272727273,16,6,1.0,100.0
67,63,0.25,0.7272727272727273,16,6,1.1,110.00000000000001
68,63,0.25,0.7272727272727273,16,6,1.25,125.0
69,63,0.25,0.7272727272727273,16,6,1.5,150.0
70,63,0.25,0.9090909090909091,20,2,0.6,60.0
71,63,0.25,0.9090909090909091,20,2,0.75,75.0
72,63,0.25,0.9090909090909091,20,2,0.9,90.0
73,63,0.25,0.9090909090909091,20,2,1.0,100.0
74,63,0.25,0.9090909090909091,20,2,1.1,110.00000000000001
75,63,0.25,0.9090909090909091,20,2,1.25,125.0
76,63,0.25,0.9090909090909091,20,2,1.5,150.0
77,63,0.25,0.9545454545454546,21,1,0.6,60.0
78,63,0.25,0.9545454545454546,21,1,0.75,75.0
79,63,0.25,0.9545454545454546,21,1,0.9,90.0
80,63,0.25,0.9545454545454546,21,1,1.0,100.0
81,63,0.25,0.9545454545454546,21,1,1.1,110.00000000000001
82,63,0.25,0.9545454545454546,21,1,1.25,125.0
83,63,0.25,0.9545454545454546,21,1,1.5,150.0
84,126,0.5,0.0,0,22,0.6,60.0
85,126,0.5,0.0,0,22,0.75,75.0
86,126,0.5,0.0,0,22,0.9,90.0
87,126,0.5,0.0,0,22,1.0,100.0
88,126,0.5,0.0,0,22,1.1,110.00000000000001
89,126,0.5,0.0,0,22,1.25,125.0
90,126,0.5,0.0,0,22,1.5,150.0
91,126,0.5,0.2727272727272727,6,16,0.6,60.0
92,126,0.5,0.2727272727272727,6,16,0.75,75.0
93,126,0.5,0.2727272727272727,6,16,0.9,90.0
94,126,0.5,0.2727272727272727,6,16,1.0,100.0
95,126,0.5,0.2727272727272727,6,16,1.1,110.00000000000001
96,126,0.5,0.2727272727272727,6,16,1.25,125.0
97,126,0.5,0.2727272727272727,6,16,1.5,150.0
98,126,0.5,0.5,11,11,0.6,60.0
99,126,0.5,0.5,11,11,0.75,75.0
100,126,0.5,0.5,11,11,0.9,90.0
101,126,0.5,0.5,11,11,1.0,100.0
102,126,0.5,0.5,11,11,1.1,110.00000000000001
103,126,0.5,0.5,11,11,1.25,125.0
104,126,0.5,0.5,11,11,1.5,150.0
105,126,0.5,0.7272727272727273,16,6,0.6,60.0
106,126,0.5,0.7272727272727273,16,6,0.75,75.0
107,126,0.5,0.7272727272727273,16,6,0.9,90.0
108,126,0.5,0.7272727272727273,16,6,1.0,100.0
109,126,0.5,0.7272727272727273,16,6,1.1,110.00000000000001
110,126,0.5,0.7272727272727273,16,6,1.25,125.0
111,126,0.5,0.7272727272727273,16,6,1.5,150.0
112,126,0.5,0.9090909090909091,20,2,0.6,60.0
113,126,0.5,0.9090909090909091,20,2,0.75,75.0
114,126,0.5,0.9090909090909091,20,2,0.9,90.0
115,126,0.5,0.9090909090909091,20,2,1.0,100.0
116,126,0.5,0.9090909090909091,20,2,1.1,110.00000000000001
117,126,0.5,0.9090909090909091,20,2,1.25,125.0
118,126,0.5,0.9090909090909091,20,2,1.5,150.0
119,126,0.5,0.9545454545454546,21,1,0.6,60.0
120,126,0.5,0.9545454545454546,21,1,0.75,75.0
121,126,0.5,0.9545454545454546,21,1,0.9,90.0
122,126,0.5,0.9545454545454546,21,1,1.0,100.0
123,126,0.5,0.9545454545454546,21,1,1.1,110.00000000000001
124,126,0.5,0.9545454545454546,21,1,1.25,125.0
125,126,0.5,0.9545454545454546,21,1,1.5,150.0
126,252,1.0,0.0,0,22,0.6,60.0
127,252,1.0,0.0,0,22,0.75,75.0
128,252,1.0,0.0,0,22,0.9,90.0
129,252,1.0,0.0,0,22,1.0,100.0
130,252,1.0,0.0,0,22,1.1,110.00000000000001
131,252,1.0,0.0,0,22,1.25,125.0
132,252,1.0,0.0,0,22,1.5,150.0
133,252,1.0,0.2727272727272727,6,16,0.6,60.0
134,252,1.0,0.2727272727272727,6,16,0.75,75.0
135,252,1.0,0.2727272727272727,6,16,0.9,90.0
136,252,1.0,0.2727272727272727,6,16,1.0,100.0
137,252,1.0,0.2727272727272727,6,16,1.1,110.00000000000001
138,252,1.0,0.2727272727272727,6,16,1.25,125.0
139,252,1.0,0.2727272727272727,6,16,1.5,150.0
140,252,1.0,0.5,11,11,0.6,60.0
141,252,1.0,0.5,11,11,0.75,75.0
142,252,1.0,0.5,11,11,0.9,90.0
143,252,1.0,0.5,11,11,1.0,100.0
144,252,1.0,0.5,11,11,1.1,110.00000000000001
145,252,1.0,0.5,11,11,1.25,125.0
146,252,1.0,0.5,11,11,1.5,150.0
147,252,1.0,0.7272727272727273,16,6,0.6,60.0
148,252,1.0,0.7272727272727273,16,6,0.75,75.0
149,252,1.0,0.7272727272727273,16,6,0.9,90.0
150,252,1.0,0.7272727272727273,16,6,1.0,100.0
151,252,1.0,0.7272727272727273,16,6,1.1,110.00000000000001
152,252,1.0,0.7272727272727273,16,6,1.25,125.0
153,252,1.0,0.7272727272727273,16,6,1.5,150.0
154,252,1.0,0.9090909090909091,20,2,0.6,60.0
155,252,1.0,0.9090909090909091,20,2,0.75,75.0
156,252,1.0,0.9090909090909091,20,2,0.9,90.0
157,252,1.0,0.9090909090909091,20,2,1.0,100.0
158,252,1.0,0.9090909090909091,20,2,1.1,110.00000000000001
159,252,1.0,0.9090909090909091,20,2,1.25,125.0
160,252,1.0,0.9090909090909091,20,2,1.5,150.0
161,252,1.0,0.9545454545454546,21,1,0.6,60.0
162,252,1.0,0.9545454545454546,21,1,0.75,75.0
163,252,1.0,0.9545454545454546,21,1,0.9,90.0
164,252,1.0,0.9545454545454546,21,1,1.0,100.0
165,252,1.0,0.9545454545454546,21,1,1.1,110.00000000000001
166,252,1.0,0.9545454545454546,21,1,1.25,125.0
167,252,1.0,0.9545454545454546,21,1,1.5,150.0
