date,close,log_return,usable_inference_return
2024-01-02 05:00:00,70.37999725341797,,False
2024-01-03 05:00:00,72.69999694824219,0.03243224969365954,True
2024-01-04 05:00:00,72.19000244140625,-0.007039776591817315,True
2024-01-05 05:00:00,73.80999755859375,0.02219262473481276,True
2024-01-08 05:00:00,70.7699966430664,-0.042059056051780175,True
2024-01-09 05:00:00,72.23999786376953,0.020558744884156432,True
2024-01-10 05:00:00,71.37000274658203,-0.012116228070753188,True
2024-01-11 05:00:00,72.0199966430664,0.009066160142918278,True
2024-01-12 05:00:00,72.68000030517578,0.009122436117268151,True
2024-01-16 05:00:00,72.4000015258789,-0.003859927259520113,True
2024-01-17 05:00:00,72.55999755859375,0.002207451692810558,True
2024-01-18 05:00:00,74.08000183105469,0.020731842895027164,True
2024-01-19 05:00:00,73.41000366210938,-0.009085399046793619,True
2024-01-22 05:00:00,75.19000244140625,0.02395805985137134,True
2024-01-23 05:00:00,74.37000274658203,-0.010965604213236446,True
2024-01-24 05:00:00,75.08999633789062,0.00963467369566473,True
2024-01-25 05:00:00,77.36000061035156,0.029782513692604873,True
2024-01-26 05:00:00,78.01000213623047,0.00836719194948543,True
2024-01-29 05:00:00,76.77999877929688,-0.015892877310340836,True
2024-01-30 05:00:00,77.81999969482422,0.013454289960908028,True
2024-01-31 05:00:00,75.8499984741211,-0.0256407779573653,True
2024-02-01 05:00:00,73.81999969482422,-0.02712799220968254,True
2024-02-02 05:00:00,72.27999877929688,-0.02108224463230446,True
2024-02-05 05:00:00,72.77999877929688,0.006893726576010728,True
2024-02-06 05:00:00,73.30999755859375,0.007255816521489322,True
2024-02-07 05:00:00,73.86000061035156,0.007474425755050085,True
2024-02-08 05:00:00,76.22000122070312,0.03145249377319104,True
2024-02-09 05:00:00,76.83999633789062,0.008101378780224877,True
2024-02-12 05:00:00,76.91999816894531,0.0010406066744543807,True
2024-02-13 05:00:00,77.87000274658203,0.012274907944354041,True
2024-02-14 05:00:00,76.63999938964844,-0.015921679161541746,True
2024-02-15 05:00:00,78.02999877929688,0.017974226785918646,True
2024-02-16 05:00:00,79.19000244140625,0.014756706567403022,True
2024-02-20 05:00:00,78.18000030517578,-0.01283619478373943,True
2024-02-21 05:00:00,77.91000366210938,-0.003459502921188573,True
2024-02-22 05:00:00,78.61000061035156,0.008944564222842288,True
2024-02-23 05:00:00,76.48999786376953,-0.027338940164422176,True
2024-02-26 05:00:00,77.58000183105469,0.014149700208427873,True
2024-02-27 05:00:00,78.87000274658203,0.016491276620095974,True
2024-02-28 05:00:00,78.54000091552734,-0.0041929014273733856,True
2024-02-29 05:00:00,78.26000213623047,-0.0035714167278451114,True
2024-03-01 05:00:00,79.97000122070312,0.02161493552946414,True
2024-03-04 05:00:00,78.73999786376953,-0.015500321222901015,True
2024-03-05 05:00:00,78.1500015258789,-0.007521181992922621,True
2024-03-06 05:00:00,79.12999725341797,0.012461958518869665,True
2024-03-07 05:00:00,78.93000030517578,-0.002530647324635815,True
2024-03-08 05:00:00,78.01000213623047,-0.011724336602441099,True
2024-03-11 04:00:00,77.93000030517578,-0.0010260592127862012,True
2024-03-12 04:00:00,77.55999755859375,-0.004759192874690399,True
2024-03-13 04:00:00,79.72000122070312,0.027468711760172404,True
2024-03-14 04:00:00,81.26000213623047,0.01913340619143611,True
2024-03-15 04:00:00,81.04000091552734,-0.002711045610756635,True
2024-03-18 04:00:00,82.72000122070312,0.02051855427951299,True
2024-03-19 04:00:00,83.47000122070312,0.009025874969929681,True
2024-03-20 04:00:00,81.68000030517578,-0.02167812289445159,True
2024-03-21 04:00:00,81.06999969482422,-0.007496202357380355,True
2024-03-22 04:00:00,80.62999725341797,-0.005442220602357217,True
2024-03-25 04:00:00,81.94999694824219,0.01623851331766346,True
2024-03-26 04:00:00,81.62000274658203,-0.004034904322067767,True
2024-03-27 04:00:00,81.3499984741211,-0.003313548720420556,True
2024-03-28 04:00:00,83.16999816894531,0.022125868956703876,True
2024-04-01 04:00:00,83.70999908447266,0.0064717498702835385,True
2024-04-02 04:00:00,85.1500015258789,0.017055991293518424,True
2024-04-03 04:00:00,85.43000030517578,0.00328290570716927,True
2024-04-04 04:00:00,86.58999633789062,0.013486962431429106,True
2024-04-05 04:00:00,86.91000366210938,0.003688849418979956,True
2024-04-08 04:00:00,86.43000030517578,-0.0055383012907208595,True
2024-04-09 04:00:00,85.2300033569336,-0.013981317374481605,True
2024-04-10 04:00:00,86.20999908447266,0.01143264568113267,True
2024-04-11 04:00:00,85.0199966430664,-0.013899686155501634,True
2024-04-12 04:00:00,85.66000366210938,0.007499531492312528,True
2024-04-15 04:00:00,85.41000366210938,-0.0029227821040329616,True
2024-04-16 04:00:00,85.36000061035156,-0.0005856186910557781,True
2024-04-17 04:00:00,82.69000244140625,-0.03177890888493984,True
2024-04-18 04:00:00,82.7300033569336,0.00048362852018968283,True
2024-04-19 04:00:00,83.13999938964844,0.004943592704170108,True
2024-04-22 04:00:00,82.8499984741211,-0.0034942010280367697,True
2024-04-23 04:00:00,83.36000061035156,0.006136859871728184,True
2024-04-24 04:00:00,82.80999755859375,-0.006619787763345819,True
2024-04-25 04:00:00,83.56999969482422,0.009135802798019732,True
2024-04-26 04:00:00,83.8499984741211,0.0033448697098901192,True
2024-04-29 04:00:00,82.62999725341797,-0.014656692597929677,True
2024-04-30 04:00:00,81.93000030517578,-0.008507549595007546,True
2024-05-01 04:00:00,79.0,-0.036417375411537556,True
2024-05-02 04:00:00,78.94999694824219,-0.000633150419681705,True
2024-05-03 04:00:00,78.11000061035156,-0.010696604611133864,True
2024-05-06 04:00:00,78.4800033569336,0.004725760595284179,True
2024-05-07 04:00:00,78.37999725341797,-0.0012751003018784957,True
2024-05-08 04:00:00,78.98999786376953,0.00775247740240026,True
2024-05-09 04:00:00,79.26000213623047,0.003412379582464986,True
2024-05-10 04:00:00,78.26000213623047,-0.01269697063562969,True
2024-05-13 04:00:00,79.12000274658203,0.010929077949739963,True
2024-05-14 04:00:00,78.0199966430664,-0.014000560976655585,True
2024-05-15 04:00:00,78.62999725341797,0.007788110021032857,True
2024-05-16 04:00:00,79.2300033569336,0.007601786273661482,True
2024-05-17 04:00:00,80.05999755859375,0.010421265723094209,True
2024-05-20 04:00:00,79.80000305175781,-0.0032527803713788828,True
2024-05-21 04:00:00,79.26000213623047,-0.006789927983864352,True
2024-05-22 04:00:00,77.56999969482422,-0.02155286414589508,True
2024-05-23 04:00:00,76.87000274658203,-0.009065031477321739,True
2024-05-24 04:00:00,77.72000122070312,0.010996921124401204,True
2024-05-28 04:00:00,79.83000183105469,0.026786756378970544,True
2024-05-29 04:00:00,79.2300033569336,-0.007544339248005905,True
2024-05-30 04:00:00,77.91000366210938,-0.016800695999504178,True
2024-05-31 04:00:00,76.98999786376953,-0.011878845804019988,True
2024-06-03 04:00:00,74.22000122070312,-0.03664184346355892,True
2024-06-04 04:00:00,73.25,-0.013155424182365927,True
2024-06-05 04:00:00,74.06999969482422,0.011132340007921293,True
2024-06-06 04:00:00,75.55000305175781,0.019784141207532357,True
2024-06-07 04:00:00,75.52999877929688,-0.0002648169491052954,True
2024-06-10 04:00:00,77.73999786376953,0.028839985781384136,True
2024-06-11 04:00:00,77.9000015258789,0.002056074519455109,True
2024-06-12 04:00:00,78.5,0.007672652323998719,True
2024-06-13 04:00:00,78.62000274658203,0.001527530140252864,True
2024-06-14 04:00:00,78.44999694824219,-0.0021647146502488113,True
2024-06-17 04:00:00,80.33000183105469,0.02368173270151175,True
2024-06-18 04:00:00,81.56999969482422,0.015318370591335118,True
2024-06-20 04:00:00,82.16999816894531,0.007328706088144621,True
2024-06-21 04:00:00,80.7300033569336,-0.017679954670203557,True
2024-06-24 04:00:00,81.62999725341797,0.011086512827385597,True
2024-06-25 04:00:00,80.83000183105469,-0.009848601417631109,True
2024-06-26 04:00:00,80.9000015258789,0.0008656365268331356,True
2024-06-27 04:00:00,81.73999786376953,0.0103296090759315,True
2024-06-28 04:00:00,81.54000091552734,-0.0024497433826136117,True
2024-07-01 04:00:00,83.37999725341797,0.022314730893051582,True
2024-07-02 04:00:00,82.80999755859375,-0.006859641948525841,True
2024-07-03 04:00:00,83.87999725341797,0.01283837572594937,True
2024-07-05 04:00:00,83.16000366210938,-0.008620666262815213,True
2024-07-08 04:00:00,82.33000183105469,-0.0100309234759548,True
2024-07-09 04:00:00,81.41000366210938,-0.01123742298134811,True
2024-07-10 04:00:00,82.0999984741211,0.008439837303350295,True
2024-07-11 04:00:00,82.62000274658203,0.006313817339399286,True
2024-07-12 04:00:00,82.20999908447266,-0.00497487718457279,True
2024-07-15 04:00:00,81.91000366210938,-0.0036558097911436604,True
2024-07-16 04:00:00,80.76000213623047,-0.0141393083402237,True
2024-07-17 04:00:00,82.8499984741211,0.02554990555897696,True
2024-07-18 04:00:00,82.81999969482422,-0.00036215102259085086,True
2024-07-19 04:00:00,80.12999725341797,-0.03301929291921013,True
2024-07-22 04:00:00,79.77999877929688,-0.004377450337009314,True
2024-07-23 04:00:00,76.95999908447266,-0.035987036715088294,True
2024-07-24 04:00:00,77.58999633789062,0.008152711246338207,True
2024-07-25 04:00:00,78.27999877929688,0.008853621226170283,True
2024-07-26 04:00:00,77.16000366210938,-0.014410891435045592,True
2024-07-29 04:00:00,75.80999755859375,-0.017651057634833656,True
2024-07-30 04:00:00,74.7300033569336,-0.014348515000907724,True
2024-07-31 04:00:00,77.91000366210938,0.04167269848409472,True
2024-08-01 04:00:00,76.30999755859375,-0.020750402038848037,True
2024-08-02 04:00:00,73.5199966430664,-0.037246526920984735,True
2024-08-05 04:00:00,72.94000244140625,-0.007920213535323128,True
2024-08-06 04:00:00,73.19999694824219,0.0035581604246184284,True
2024-08-07 04:00:00,75.2300033569336,0.02735475291781775,True
2024-08-08 04:00:00,76.19000244140625,0.012680120334173317,True
2024-08-09 04:00:00,76.83999633789062,0.008495037712886067,True
2024-08-12 04:00:00,80.05999755859375,0.04105103282825873,True
2024-08-13 04:00:00,78.3499984741211,-0.021590373742851554,True
2024-08-14 04:00:00,76.9800033569336,-0.01764025786340273,True
2024-08-15 04:00:00,78.16000366210938,0.015212363125069572,True
2024-08-16 04:00:00,76.6500015258789,-0.01950842936361674,True
2024-08-19 04:00:00,74.37000274658203,-0.03019695357839325,True
2024-08-20 04:00:00,74.04000091552734,-0.004447171575921338,True
2024-08-21 04:00:00,71.93000030517578,-0.028912071948662188,True
2024-08-22 04:00:00,73.01000213623047,0.014903019205474877,True
2024-08-23 04:00:00,74.83000183105469,0.024622451234376896,True
2024-08-26 04:00:00,77.41999816894531,0.034026222936781814,True
2024-08-27 04:00:00,75.52999877929688,-0.024715209335050226,True
2024-08-28 04:00:00,74.5199966430664,-0.013462411477556557,True
2024-08-29 04:00:00,75.91000366210938,0.018480975585486448,True
2024-08-30 04:00:00,73.55000305175781,-0.031582987731720635,True
2024-09-03 04:00:00,70.33999633789062,-0.04462491355686993,True
2024-09-04 04:00:00,69.19999694824219,-0.016339756459788468,True
2024-09-05 04:00:00,69.1500015258789,-0.0007227383460923775,True
2024-09-06 04:00:00,67.66999816894531,-0.021635156991438365,True
2024-09-09 04:00:00,68.70999908447266,0.015251812532925513,True
2024-09-10 04:00:00,65.75,-0.04403506466059692,True
2024-09-11 04:00:00,67.30999755859375,0.023449106693669286,True
2024-09-12 04:00:00,68.97000122070312,0.02436286739070148,True
2024-09-13 04:00:00,68.6500015258789,-0.004650490701332721,True
2024-09-16 04:00:00,70.08999633789062,0.020758923822648434,True
2024-09-17 04:00:00,71.19000244140625,0.015572315146450855,True
2024-09-18 04:00:00,70.91000366210938,-0.0039408744496371995,True
2024-09-19 04:00:00,71.94999694824219,0.014559871958021553,True
2024-09-20 04:00:00,71.91999816894531,-0.0004170262146345749,True
2024-09-23 04:00:00,70.37000274658203,-0.02178728969472221,True
2024-09-24 04:00:00,71.55999755859375,0.016769149514566983,True
2024-09-25 04:00:00,69.69000244140625,-0.026479354040803038,True
2024-09-26 04:00:00,67.66999816894531,-0.029413947297257437,True
2024-09-27 04:00:00,68.18000030517578,0.007508348000242471,True
2024-09-30 04:00:00,68.16999816894531,-0.00014671267121890708,True
2024-10-01 04:00:00,69.83000183105469,0.024059184564979574,True
2024-10-02 04:00:00,70.0999984741211,0.0038590291938218613,True
2024-10-03 04:00:00,73.70999908447266,0.05021569050716046,True
2024-10-04 04:00:00,74.37999725341797,0.009048588790040668,True
2024-10-07 04:00:00,77.13999938964844,0.03643489329725291,True
2024-10-08 04:00:00,73.56999969482422,-0.047384615071751846,True
2024-10-09 04:00:00,73.23999786376953,-0.004495639157300779,True
2024-10-10 04:00:00,75.8499984741211,0.03501599503871056,True
2024-10-11 04:00:00,75.55999755859375,-0.0038306753550028105,True
2024-10-14 04:00:00,73.83000183105469,-0.023161832450448117,True
2024-10-15 04:00:00,70.58000183105469,-0.04501833368193964,True
2024-10-16 04:00:00,70.38999938964844,-0.0026956452410500376,True
2024-10-17 04:00:00,70.66999816894531,0.003969929843791853,True
2024-10-18 04:00:00,69.22000122070312,-0.020731272950514246,True
2024-10-21 04:00:00,70.55999755859375,0.019173521255787307,True
2024-10-22 04:00:00,72.08999633789062,0.02145191051924833,True
2024-10-23 04:00:00,70.7699966430664,-0.018480152964078123,True
2024-10-24 04:00:00,70.19000244140625,-0.008229249128125282,True
2024-10-25 04:00:00,71.77999877929688,0.022399983188136297,True
2024-10-28 04:00:00,67.37999725341797,-0.06325767149745243,True
2024-10-29 04:00:00,67.20999908447266,-0.002526164855852997,True
2024-10-30 04:00:00,68.61000061035156,0.020616273238773353,True
2024-10-31 04:00:00,69.26000213623047,0.00942926421915935,True
2024-11-01 04:00:00,69.48999786376953,0.0033152567667684707,True
2024-11-04 05:00:00,71.47000122070312,0.028094971727140816,True
2024-11-05 05:00:00,71.98999786376953,0.0072493924953977995,True
2024-11-06 05:00:00,71.69000244140625,-0.004175888887395729,True
2024-11-07 05:00:00,72.36000061035156,0.009302367042198334,True
2024-11-08 05:00:00,70.37999725341797,-0.027744576093622797,True
2024-11-11 05:00:00,68.04000091552734,-0.03381331188501857,True
2024-11-12 05:00:00,68.12000274658203,0.0011751151308629915,True
2024-11-13 05:00:00,68.43000030517578,0.004540433309838221,True
2024-11-14 05:00:00,68.69999694824219,0.003937825382706706,True
2024-11-15 05:00:00,67.0199966430664,-0.024758122586162834,True
2024-11-18 05:00:00,69.16000366210938,0.0314316815457234,True
2024-11-19 05:00:00,69.38999938964844,0.0033200423491468456,True
2024-11-20 05:00:00,68.87000274658203,-0.00752204667821843,True
2024-11-21 05:00:00,70.0999984741211,0.017702062836089993,True
2024-11-22 05:00:00,71.23999786376953,0.01613165616169976,True
2024-11-25 05:00:00,68.94000244140625,-0.032817831932857366,True
2024-11-26 05:00:00,68.7699966430664,-0.0024690419843933498,True
2024-11-27 05:00:00,68.72000122070312,-0.0007272590783866661,True
2024-11-29 05:00:00,68.0,-0.010532590263325758,True
2024-12-02 05:00:00,68.0999984741211,0.0014694855729144862,True
2024-12-03 05:00:00,69.94000244140625,0.02666057579336023,True
2024-12-04 05:00:00,68.54000091552734,-0.020220236738356157,True
2024-12-05 05:00:00,68.30000305175781,-0.0035077185456158233,True
2024-12-06 05:00:00,67.19999694824219,-0.016236609142369574,True
2024-12-09 05:00:00,68.37000274658203,0.017260969981989227,True
2024-12-10 05:00:00,68.58999633789062,0.003212526021897588,True
2024-12-11 05:00:00,70.29000091552734,0.024482856092888028,True
2024-12-12 05:00:00,70.0199966430664,-0.0038486866287925636,True
2024-12-13 05:00:00,71.29000091552734,0.017975210387811913,True
2024-12-16 05:00:00,70.70999908447266,-0.008169085303321388,True
2024-12-17 05:00:00,70.08000183105469,-0.00894951991231352,True
2024-12-18 05:00:00,70.58000183105469,0.007109371433892342,True
2024-12-19 05:00:00,69.91000366210938,-0.009538091283001648,True
2024-12-20 05:00:00,69.45999908447266,-0.006457718771803123,True
2024-12-23 05:00:00,69.23999786376953,-0.003172334679828026,True
2024-12-24 05:00:00,70.0999984741211,0.012344072817911389,True
2024-12-26 05:00:00,69.62000274658203,-0.006870850439029574,True
2024-12-27 05:00:00,70.5999984741211,0.01397820105183989,True
2024-12-30 05:00:00,70.98999786376953,0.005508869073121758,True
2024-12-31 05:00:00,71.72000122070312,0.010230673798029777,True
2025-01-02 05:00:00,73.12999725341797,0.01946897596799868,True
2025-01-03 05:00:00,73.95999908447266,0.01128575241491081,True
2025-01-06 05:00:00,73.55999755859375,-0.005423027593439933,True
2025-01-07 05:00:00,74.25,0.00933641113600725,True
2025-01-08 05:00:00,73.31999969482422,-0.01260435887354916,True
2025-01-09 05:00:00,73.91999816894531,0.008149983753407142,True
2025-01-10 05:00:00,76.56999969482422,0.035221948576785955,True
2025-01-13 05:00:00,78.81999969482422,0.028961416755598712,True
2025-01-14 05:00:00,77.5,-0.01688883153575027,True
2025-01-15 05:00:00,80.04000091552734,0.03224858479460391,True
2025-01-16 05:00:00,78.68000030517578,-0.01713752375435096,True
2025-01-17 05:00:00,77.87999725341797,-0.010219852162403065,True
2025-01-21 05:00:00,75.88999938964844,-0.025884229863912367,True
2025-01-22 05:00:00,75.44000244140625,-0.005947244685811981,True
2025-01-23 05:00:00,74.62000274658203,-0.010929066086830197,True
2025-01-24 05:00:00,74.66000366210938,0.0005359179363271238,True
2025-01-27 05:00:00,73.16999816894531,-0.020159046665649605,True
2025-01-28 05:00:00,73.7699966430664,0.008166623519532124,True
2025-01-29 05:00:00,72.62000274658203,-0.0157116955833283,True
2025-01-30 05:00:00,72.7300033569336,0.001513596515076543,True
2025-01-31 05:00:00,72.52999877929688,-0.0027537477775538832,True
2025-02-03 05:00:00,73.16000366210938,0.008648621033832349,True
2025-02-04 05:00:00,72.69999694824219,-0.006307531016771506,True
2025-02-05 05:00:00,71.02999877929688,-0.02323903673808303,True
2025-02-06 05:00:00,70.61000061035156,-0.005930519651741406,True
2025-02-07 05:00:00,71.0,0.00550809086907833,True
2025-02-10 05:00:00,72.31999969482422,0.018420834822808096,True
2025-02-11 05:00:00,73.31999969482422,0.013732706945136286,True
2025-02-12 05:00:00,71.37000274658203,-0.02695576734257976,True
2025-02-13 05:00:00,71.29000091552734,-0.0011215734948457623,True
2025-02-14 05:00:00,70.73999786376953,-0.00774492439283847,True
2025-02-18 05:00:00,71.8499984741211,0.015569437709031853,True
2025-02-19 05:00:00,72.25,0.005551735704513838,True
2025-02-20 05:00:00,72.56999969482422,0.004419282092243293,True
2025-02-21 05:00:00,70.4000015258789,-0.030358324246371637,True
2025-02-24 05:00:00,70.69999694824219,0.004252244899221935,True
2025-02-25 05:00:00,68.93000030517578,-0.025354028412746032,True
2025-02-26 05:00:00,68.62000274658203,-0.004507423868616911,True
2025-02-27 05:00:00,70.3499984741211,0.024898684414305094,True
2025-02-28 05:00:00,69.76000213623047,-0.008421951647283876,True
2025-03-03 05:00:00,68.37000274658203,-0.02012663812526405,True
2025-03-04 05:00:00,68.26000213623047,-0.0016101973239743828,True
2025-03-05 05:00:00,66.30999755859375,-0.028983296211349874,True
2025-03-06 05:00:00,66.36000061035156,0.0007537959571211061,True
2025-03-07 05:00:00,67.04000091552734,0.010194995310435218,True
2025-03-10 04:00:00,66.02999877929688,-0.01518030411088045,True
2025-03-11 04:00:00,66.25,0.0033262991469502623,True
2025-03-12 04:00:00,67.68000030517578,0.02135525494073498,True
2025-03-13 04:00:00,66.55000305175781,-0.016837129109330107,True
2025-03-14 04:00:00,67.18000030517578,0.009421998029068845,True
2025-03-17 04:00:00,67.58000183105469,0.005936519653962691,True
2025-03-18 04:00:00,66.9000015258789,-0.010113118438230373,True
2025-03-19 04:00:00,67.16000366210938,0.003878896794933695,True
2025-03-20 04:00:00,68.26000213623047,0.016246088036584005,True
2025-03-21 04:00:00,68.27999877929688,0.0002929052742830507,True
2025-03-24 04:00:00,69.11000061035156,0.012082566886560286,True
2025-03-25 04:00:00,69.0,-0.0015929423376386254,True
2025-03-26 04:00:00,69.6500015258789,0.00937621753636364,True
2025-03-27 04:00:00,69.91999816894531,0.0038689830258036295,True
2025-03-28 04:00:00,69.36000061035156,-0.008041363887377528,True
2025-03-31 04:00:00,71.4800033569336,0.030107395982433616,True
2025-04-01 04:00:00,71.19999694824219,-0.003924961698320573,True
2025-04-02 04:00:00,71.70999908447266,0.0071374195712401445,True
2025-04-03 04:00:00,66.94999694824219,-0.06868416857286341,True
2025-04-04 04:00:00,61.9900016784668,-0.07697291776429882,True
2025-04-07 04:00:00,60.70000076293945,-0.021029398155769208,True
2025-04-08 04:00:00,59.58000183105469,-0.01862373261662853,True
2025-04-09 04:00:00,62.349998474121094,0.04544366963540547,True
2025-04-10 04:00:00,60.06999969482422,-0.037253103871513815,True
2025-04-11 04:00:00,61.5,0.023526631030738265,True
2025-04-14 04:00:00,61.529998779296875,0.00048766610077244366,True
2025-04-15 04:00:00,61.33000183105469,-0.003255691419577822,True
2025-04-16 04:00:00,62.470001220703125,0.018417311552441085,True
2025-04-17 04:00:00,64.68000030517578,0.03476557838103833,True
2025-04-21 04:00:00,63.08000183105469,-0.02504824830480956,True
2025-04-22 04:00:00,64.30999755859375,0.01931131106134476,True
2025-04-23 04:00:00,62.27000045776367,-0.0322353259480499,True
2025-04-24 04:00:00,62.790000915527344,0.008316063471168533,True
2025-04-25 04:00:00,63.02000045776367,0.0036563038861121555,True
2025-04-28 04:00:00,62.04999923706055,-0.015511644237856004,True
2025-04-29 04:00:00,60.41999816894531,-0.026620353701971133,True
2025-04-30 04:00:00,58.209999084472656,-0.03726300009744943,True
2025-05-01 04:00:00,59.2400016784668,0.0175398721772968,True
2025-05-02 04:00:00,58.290000915527344,-0.016166449969052366,True
2025-05-05 04:00:00,57.130001068115234,-0.02010117633128594,True
2025-05-06 04:00:00,59.09000015258789,0.03373231650728492,True
2025-05-07 04:00:00,58.06999969482422,-0.01741253381123009,True
2025-05-08 04:00:00,59.90999984741211,0.03119425942023213,True
2025-05-09 04:00:00,61.02000045776367,0.018358253241505196,True
2025-05-12 04:00:00,61.95000076293945,0.01512593360017167,True
2025-05-13 04:00:00,63.66999816894531,0.027385844879860066,True
2025-05-14 04:00:00,63.150001525878906,-0.008200592311149002,True
2025-05-15 04:00:00,61.619998931884766,-0.024526397124652988,True
2025-05-16 04:00:00,62.4900016784668,0.014020094966140206,True
2025-05-19 04:00:00,62.689998626708984,0.0031953525790582304,True
2025-05-20 04:00:00,62.560001373291016,-0.0020758051911764497,True
2025-05-21 04:00:00,61.56999969482422,-0.01595138422208553,True
2025-05-22 04:00:00,61.20000076293945,-0.006027531981941614,True
2025-05-23 04:00:00,61.529998779296875,0.005377638928633743,True
2025-05-27 04:00:00,60.88999938964844,-0.010455893316601461,True
2025-05-28 04:00:00,61.84000015258789,0.015481459149985888,True
2025-05-29 04:00:00,60.939998626708984,-0.0146606557241995,True
2025-05-30 04:00:00,60.790000915527344,-0.002464434201306709,True
2025-06-02 04:00:00,62.52000045776367,0.028061196054028237,True
2025-06-03 04:00:00,63.40999984741211,0.01413506243041951,True
2025-06-04 04:00:00,62.849998474121094,-0.008870664547419693,True
2025-06-05 04:00:00,63.369998931884766,0.008239635722055105,True
2025-06-06 04:00:00,64.58000183105469,0.018914247203200674,True
2025-06-09 04:00:00,65.29000091552734,0.01093410553760954,True
2025-06-10 04:00:00,64.9800033569336,-0.004759317319035894,True
2025-06-11 04:00:00,68.1500015258789,0.04763159863056643,True
2025-06-12 04:00:00,68.04000091552734,-0.0016153995491636763,True
2025-06-13 04:00:00,72.9800033569336,0.07008969602291071,True
2025-06-16 04:00:00,71.7699966430664,-0.016718962337807675,True
2025-06-17 04:00:00,74.83999633789062,0.04188593780488681,True
2025-06-18 04:00:00,75.13999938964844,0.004000579549590988,True
2025-06-20 04:00:00,74.93000030517578,-0.0027986835739328697,True
2025-06-23 04:00:00,68.51000213623047,-0.0895745972529296,True
2025-06-24 04:00:00,64.37000274658203,-0.06233202246291203,True
2025-06-25 04:00:00,64.91999816894531,0.008507985708414267,True
2025-06-26 04:00:00,65.23999786376953,0.004917030567026082,True
2025-06-27 04:00:00,65.5199966430664,0.0042826433009324205,True
2025-06-30 04:00:00,65.11000061035156,-0.006277231686631524,True
2025-07-01 04:00:00,65.44999694824219,0.005208289105660846,True
2025-07-02 04:00:00,67.44999694824219,0.030100091680430374,True
2025-07-03 04:00:00,67.0,-0.006693918018056522,True
2025-07-04 04:00:00,66.5,-0.007490671729157405,True
2025-07-07 04:00:00,67.93000030517578,0.021275820033905823,True
2025-07-08 04:00:00,68.33000183105469,0.005871167894201612,True
2025-07-09 04:00:00,68.37999725341797,0.0007314084547864752,True
2025-07-10 04:00:00,66.56999969482422,-0.02682632301637433,True
2025-07-11 04:00:00,68.44999694824219,0.02784948612237681,True
2025-07-14 04:00:00,66.9800033569336,-0.021709389666200174,True
2025-07-15 04:00:00,66.5199966430664,-0.0068915136248062225,True
2025-07-16 04:00:00,66.37999725341797,-0.0021068389445204616,True
2025-07-17 04:00:00,67.54000091552734,0.01732426359757877,True
2025-07-18 04:00:00,67.33999633789062,-0.0029656691622079734,True
2025-07-21 04:00:00,67.19999694824219,-0.002081157234508524,True
2025-07-22 04:00:00,66.20999908447266,-0.014841707006914895,True
2025-07-23 04:00:00,65.25,-0.014605448906322316,True
2025-07-24 04:00:00,66.02999877929688,0.011883119516578056,True
2025-07-25 04:00:00,65.16000366210938,-0.013263325783737123,True
2025-07-28 04:00:00,66.70999908447266,0.02350901306179054,True
2025-07-29 04:00:00,69.20999908447266,0.036790494628085035,True
2025-07-30 04:00:00,70.0,0.011349894423839935,True
2025-07-31 04:00:00,69.26000213623047,-0.01062767223144423,True
2025-08-01 04:00:00,67.33000183105469,-0.028261640065498028,True
2025-08-04 04:00:00,66.29000091552734,-0.015566859688174617,True
2025-08-05 04:00:00,65.16000366210938,-0.017193230128598636,True
2025-08-06 04:00:00,64.3499984741211,-0.01250892960569061,True
2025-08-07 04:00:00,63.880001068115234,-0.007330570262490177,True
2025-08-08 04:00:00,63.880001068115234,0.0,True
2025-08-11 04:00:00,63.959999084472656,0.0012515335842291364,True
2025-08-12 04:00:00,63.16999816894531,-0.012428397727227036,True
2025-08-13 04:00:00,62.650001525878906,-0.00826577022677899,True
2025-08-14 04:00:00,63.959999084472656,0.020694167954006026,True
2025-08-15 04:00:00,62.79999923706055,-0.0183028123262563,True
2025-08-18 04:00:00,63.41999816894531,0.009824178912883674,True
2025-08-19 04:00:00,62.349998474121094,-0.01701559258507146,True
2025-08-20 04:00:00,63.209999084472656,0.013698854347058642,True
2025-08-21 04:00:00,63.52000045776367,0.00489232214518065,True
2025-08-22 04:00:00,63.65999984741211,0.002201595311539961,True
2025-08-25 04:00:00,64.80000305175781,0.017749230996228604,True
2025-08-26 04:00:00,63.25,-0.024210522845626414,True
2025-08-27 04:00:00,64.1500015258789,0.01412898724012468,True
2025-08-28 04:00:00,64.5999984741211,0.00699027232038496,True
2025-08-29 04:00:00,64.01000213623047,-0.009175032640841074,True
2025-09-02 04:00:00,65.58999633789062,0.024383834944995186,True
2025-09-03 04:00:00,63.970001220703125,-0.025008946927815856,True
2025-09-04 04:00:00,63.47999954223633,-0.0076893540974172225,True
2025-09-05 04:00:00,61.869998931884766,-0.025689496168026515,True
2025-09-08 04:00:00,62.2599983215332,0.006283745775436778,True
2025-09-09 04:00:00,62.630001068115234,0.005925275537221886,True
2025-09-10 04:00:00,63.66999816894531,0.016469051678726032,True
2025-09-11 04:00:00,62.369998931884766,-0.020629091857852444,True
2025-09-12 04:00:00,62.689998626708984,0.005117549967248891,True
2025-09-15 04:00:00,63.29999923706055,0.009683393717559774,True
2025-09-16 04:00:00,64.5199966430664,0.019089884130282897,True
2025-09-17 04:00:00,64.05000305175781,-0.007311125238423699,True
2025-09-18 04:00:00,63.56999969482422,-0.007522419841541783,True
2025-09-19 04:00:00,62.68000030517578,-0.014099233791081467,True
2025-09-22 04:00:00,62.63999938964844,-0.0006383804178620167,True
2025-09-23 04:00:00,63.40999984741211,0.012217533366822408,True
2025-09-24 04:00:00,64.98999786376953,0.0246118037305445,True
2025-09-25 04:00:00,64.9800033569336,-0.00015379713413476992,True
2025-09-26 04:00:00,65.72000122070312,0.011323729841388186,True
2025-09-29 04:00:00,63.45000076293945,-0.03515110555871015,True
2025-09-30 04:00:00,62.369998931884766,-0.017167832772092773,True
2025-10-01 04:00:00,61.779998779296875,-0.009504705681003145,True
2025-10-02 04:00:00,60.47999954223633,-0.02126694342912927,True
2025-10-03 04:00:00,60.880001068115234,0.006592006795596461,True
2025-10-06 04:00:00,61.689998626708984,0.013217089862355813,True
2025-10-07 04:00:00,61.72999954223633,0.0006482080298395587,True
2025-10-08 04:00:00,62.54999923706055,0.013196195725421411,True
2025-10-09 04:00:00,61.5099983215332,-0.01676648878307585,True
2025-10-10 04:00:00,58.900001525878906,-0.04335861936876739,True
2025-10-13 04:00:00,59.4900016784668,0.009967142850277888,True
2025-10-14 04:00:00,58.70000076293945,-0.01336851958276597,True
2025-10-15 04:00:00,58.27000045776367,-0.007352350820426068,True
2025-10-16 04:00:00,57.459999084472656,-0.013998351393044395,True
2025-10-17 04:00:00,57.540000915527344,0.0013913364167024156,True
2025-10-20 04:00:00,57.52000045776367,-0.00034765266341718615,True
2025-10-21 04:00:00,57.81999969482422,0.005202009939038632,True
2025-10-22 04:00:00,58.5,0.011692022927642043,True
2025-10-23 04:00:00,61.790000915527344,0.054714799651833346,True
2025-10-24 04:00:00,61.5,-0.004704379077171694,True
2025-10-27 04:00:00,61.310001373291016,-0.0030941906387402796,True
2025-10-28 04:00:00,60.150001525878906,-0.019101516385149786,True
2025-10-29 04:00:00,60.47999954223633,0.005471256513851053,True
2025-10-30 04:00:00,60.56999969482422,0.001486991652024372,True
2025-10-31 04:00:00,60.97999954223633,0.006746218098866663,True
2025-11-03 05:00:00,61.04999923706055,0.0011472540064279002,True
2025-11-04 05:00:00,60.560001373291016,-0.008058556254023408,True
2025-11-05 05:00:00,59.599998474121094,-0.015979083336420175,True
2025-11-06 05:00:00,59.43000030517578,-0.0028563939556933704,True
2025-11-07 05:00:00,59.75,0.005370036298004699,True
2025-11-10 05:00:00,60.130001068115234,0.006339712003289755,True
2025-11-11 05:00:00,61.040000915527344,0.015020499160101508,True
2025-11-12 05:00:00,58.4900016784668,-0.042673573823432065,True
2025-11-13 05:00:00,58.689998626708984,0.0034135030196003058,True
2025-11-14 05:00:00,60.09000015258789,0.02357410971397922,True
2025-11-17 05:00:00,59.90999984741211,-0.003000007336277477,True
2025-11-18 05:00:00,60.7400016784668,0.013759053702353086,True
2025-11-19 05:00:00,59.439998626708984,-0.02163510994555029,True
2025-11-20 05:00:00,59.13999938964844,-0.00505987320180612,True
2025-11-21 05:00:00,58.060001373291016,-0.018430521854432058,True
2025-11-24 05:00:00,58.84000015258789,0.013344916077058677,True
2025-11-25 05:00:00,57.95000076293945,-0.015241315375265962,True
2025-11-26 05:00:00,58.650001525878906,0.012007018164935879,True
2025-11-28 05:00:00,58.54999923706055,-0.0017065241030111977,True
2025-12-01 05:00:00,59.31999969482422,0.013065435111999868,True
2025-12-02 05:00:00,58.63999938964844,-0.011529464955218671,True
2025-12-03 05:00:00,58.95000076293945,0.005272592755580341,True
2025-12-04 05:00:00,59.66999816894531,0.012139710922111746,True
2025-12-05 05:00:00,60.08000183105469,0.006847687085183907,True
2025-12-08 05:00:00,58.880001068115234,-0.020175545371656334,True
2025-12-09 05:00:00,58.25,-0.010757400115354088,True
2025-12-10 05:00:00,58.459999084472656,0.0035986515765413785,True
2025-12-11 05:00:00,57.599998474121094,-0.01482020281145946,True
2025-12-12 05:00:00,57.439998626708984,-0.002781640379193817,True
2025-12-15 05:00:00,56.81999969482422,-0.010852529776578024,True
2025-12-16 05:00:00,55.27000045776367,-0.02765809692763188,True
2025-12-17 05:00:00,55.939998626708984,0.012049389096968177,True
2025-12-18 05:00:00,56.150001525878906,0.003747045135042093,True
2025-12-19 05:00:00,56.65999984741211,0.009041783349827526,True
2025-12-22 05:00:00,58.0099983215332,0.02354688883455225,True
2025-12-23 05:00:00,58.380001068115234,0.006358003178000615,True
2025-12-24 05:00:00,58.349998474121094,-0.0005140511397669911,True
2025-12-26 05:00:00,56.7400016784668,-0.027979873619687012,True
2025-12-29 05:00:00,58.08000183105469,0.023341943080538385,True
2025-12-30 05:00:00,57.95000076293945,-0.0022408190917246884,True
2025-12-31 05:00:00,57.41999816894531,-0.009187940147118212,True
2026-01-02 05:00:00,57.31999969482422,-0.0017430451682214354,True
2026-01-05 05:00:00,58.31999969482422,0.01729548483172305,True
2026-01-06 05:00:00,57.130001068115234,-0.020615691035027695,True
2026-01-07 05:00:00,55.9900016784668,-0.02015625809381838,True
2026-01-08 05:00:00,57.7599983215332,0.031123332186465902,True
2026-01-09 05:00:00,59.119998931884766,0.023272793047802054,True
2026-01-12 05:00:00,59.5,0.006407053978540134,True
2026-01-13 05:00:00,61.150001525878906,0.027353574534645375,True
2026-01-14 05:00:00,62.02000045776367,0.01412703396697701,True
2026-01-15 05:00:00,59.189998626708984,-0.04670433555197562,True
2026-01-16 05:00:00,59.439998626708984,0.004214791804453277,True
2026-01-20 05:00:00,60.34000015258789,0.015027858954032247,True
2026-01-21 05:00:00,60.619998931884766,0.004629617750091519,True
2026-01-22 05:00:00,59.36000061035156,-0.021004244868480626,True
2026-01-23 05:00:00,61.06999969482422,0.028400133096568858,True
2026-01-26 05:00:00,60.630001068115234,-0.007230904537314231,True
2026-01-27 05:00:00,62.38999938964844,0.02861515863927,True
2026-01-28 05:00:00,63.209999084472656,0.013057505660454716,True
2026-01-29 05:00:00,65.41999816894531,0.03436549212071238,True
2026-01-30 05:00:00,65.20999908447266,-0.0032151767555852473,True
2026-02-02 05:00:00,62.13999938964844,-0.048222923222733804,True
2026-02-03 05:00:00,63.209999084472656,0.01707260785760667,True
2026-02-04 05:00:00,65.13999938964844,0.03007628847793775,True
2026-02-05 05:00:00,63.290000915527344,-0.02881143722543822,True
2026-02-06 05:00:00,63.54999923706055,0.004099632377315032,True
2026-02-09 05:00:00,64.36000061035156,0.012665345977460163,True
2026-02-10 05:00:00,63.959999084472656,-0.006234457955889283,True
2026-02-11 05:00:00,64.62999725341797,0.010420783126097177,True
2026-02-12 05:00:00,62.84000015258789,-0.028086840962171955,True
2026-02-13 05:00:00,62.88999938964844,0.0007953430347287238,True
2026-02-17 05:00:00,62.33000183105469,-0.008944278652807114,True
2026-02-18 05:00:00,65.19000244140625,0.04486324018953347,True
2026-02-19 05:00:00,66.43000030517578,0.018842645884022957,True
2026-02-20 05:00:00,66.38999938964844,-0.0006023327334538919,True
2026-02-23 05:00:00,66.30999755859375,-0.0012057549749364682,True
2026-02-24 05:00:00,65.62999725341797,-0.01030781192656427,True
2026-02-25 05:00:00,65.41999816894531,-0.003204872515121693,True
2026-02-26 05:00:00,65.20999908447266,-0.0032151767555852473,True
2026-02-27 05:00:00,67.0199966430664,0.02737821485519465,True
2026-03-02 05:00:00,71.2300033569336,0.06092309289771958,True
2026-03-03 05:00:00,74.55999755859375,0.045690012514804756,True
2026-03-04 05:00:00,74.66000366210938,0.0013403849037709747,True
2026-03-05 05:00:00,81.01000213623047,0.08162810767543593,True
2026-03-06 05:00:00,90.9000015258789,0.11518738775741966,True
2026-03-09 04:00:00,94.7699966430664,0.04169285009042234,True
2026-03-10 04:00:00,83.44999694824219,-0.12720525452225395,True
2026-03-11 04:00:00,87.25,0.04452994754458839,True
2026-03-12 04:00:00,95.7300033569336,0.09275420294240799,True
2026-03-13 04:00:00,98.70999908447266,0.03065448512993285,True
2026-03-16 04:00:00,93.5,-0.054224812860235616,True
2026-03-17 04:00:00,96.20999908447266,0.028571856562604303,True
2026-03-18 04:00:00,96.31999969482422,0.0011426855349121467,True
2026-03-19 04:00:00,96.13999938964844,-0.0018705222749133554,True
2026-03-20 04:00:00,98.31999969482422,0.02242200603663136,True
2026-03-23 04:00:00,88.12999725341797,-0.10941449620742727,True
2026-03-24 04:00:00,92.3499984741211,0.04677272417601852,True
2026-03-25 04:00:00,90.31999969482422,-0.0222267736598889,True
2026-03-26 04:00:00,94.4800033569336,0.0450292909571548,True
2026-03-27 04:00:00,99.63999938964844,0.05317547684867918,True
2026-03-30 04:00:00,102.87999725341797,0.0319995495239489,True
2026-03-31 04:00:00,101.37999725341797,-0.014687427840109457,True
2026-04-01 04:00:00,100.12000274658203,-0.012506311955777782,True
2026-04-02 04:00:00,111.54000091552734,0.10801378517299653,True
2026-04-06 04:00:00,112.41000366210938,0.007769654882380905,True
2026-04-07 04:00:00,112.94999694824219,0.004792281843498891,True
2026-04-08 04:00:00,94.41000366210938,-0.17929817736150344,True
2026-04-09 04:00:00,97.87000274658203,0.03599305696745514,True
2026-04-10 04:00:00,96.56999969482422,-0.01337196468262647,True
2026-04-13 04:00:00,99.08000183105469,0.025659492283050866,True
2026-04-14 04:00:00,91.27999877929688,-0.08199593092107804,True
2026-04-15 04:00:00,91.29000091552734,0.00010957042512149684,True
2026-04-16 04:00:00,94.69000244140625,0.03656716117278602,True
2026-04-17 04:00:00,83.8499984741211,-0.12157895370705951,True
2026-04-20 04:00:00,89.61000061035156,0.06643745763583109,True
2026-04-21 04:00:00,92.12999725341797,0.02773366560148638,True
2026-04-22 04:00:00,92.95999908447266,0.008968689946171615,True
2026-04-23 04:00:00,95.8499984741211,0.030615170317221718,True
2026-04-24 04:00:00,94.4000015258789,-0.015243364256781078,True
2026-04-27 04:00:00,96.37000274658203,0.020653889048153573,True
2026-04-28 04:00:00,99.93000030517578,0.03627496556401422,True
2026-04-29 04:00:00,106.87999725341797,0.06723674016293035,True
2026-04-30 04:00:00,105.06999969482422,-0.017079892294339594,True
2026-05-01 04:00:00,101.94000244140625,-0.030242362934846057,True
2026-05-04 04:00:00,106.41999816894531,0.043009083100958634,True
2026-05-05 04:00:00,102.2699966430664,-0.03977716996860181,True
2026-05-06 04:00:00,95.08000183105469,-0.07289768024365983,True
2026-05-07 04:00:00,94.80999755859375,-0.0028437985706819546,True
2026-05-08 04:00:00,95.41999816894531,0.006413317719184519,True
2026-05-11 04:00:00,98.06999969482422,0.0273933253938754,True
2026-05-12 04:00:00,102.18000030517578,0.041054460596887665,True
2026-05-13 04:00:00,101.0199966430664,-0.011417483079781299,True
2026-05-14 04:00:00,101.16999816894531,0.0014837683094883758,True
2026-05-15 04:00:00,105.41999816894531,0.04115010193891333,True
2026-05-18 04:00:00,108.66000366210938,0.030271420767915558,True
2026-05-19 04:00:00,107.7699966430664,-0.00822447936615145,True
2026-05-20 04:00:00,98.26000213623047,-0.09238224697859287,True
2026-05-21 04:00:00,96.3499984741211,-0.019629669457550847,True
2026-05-22 04:00:00,96.5999984741211,0.002591346399082539,True
2026-05-26 04:00:00,93.88999938964844,-0.028454847652877646,True
2026-05-27 04:00:00,88.68000030517578,-0.05708948958032156,True
2026-05-28 04:00:00,88.9000015258789,0.002477771494425518,True
2026-05-29 04:00:00,87.36000061035156,-0.017474640700631205,True
2026-06-01 04:00:00,92.16000366210938,0.053488717700791,True
2026-06-02 04:00:00,93.76000213623047,0.01721211192871941,True
2026-06-03 04:00:00,96.0199966430664,0.023818119529289028,True
2026-06-04 04:00:00,93.04000091552734,-0.03152695009146189,True
2026-06-05 04:00:00,90.54000091552734,-0.02723776593088978,True
2026-06-08 04:00:00,91.30000305175781,0.008359068906861111,True
2026-06-09 04:00:00,88.19999694824219,-0.03454389261421209,True
2026-06-10 04:00:00,90.02999877929688,0.020536006149220576,True
2026-06-11 04:00:00,87.70999908447266,-0.026107027036364805,True
2026-06-12 04:00:00,84.87999725341797,-0.0327974455778568,True
2026-06-15 04:00:00,80.75,-0.049880499844549675,True
2026-06-16 04:00:00,76.05000305175781,-0.059966903269156546,True
2026-06-17 04:00:00,76.79000091552734,0.00968337643132422,True
2026-06-18 04:00:00,76.5999984741211,-0.0024773784384777287,True
2026-06-22 04:00:00,74.81999969482422,-0.023511831985254972,True
2026-06-23 04:00:00,73.20999908447266,-0.021753213688144868,True
2026-06-24 04:00:00,70.33999633789062,-0.039991436170191186,True
2026-06-25 04:00:00,71.91999816894531,0.022213789720896493,True
2026-06-26 04:00:00,69.2300033569336,-0.038120021524248315,True
2026-06-29 04:00:00,70.75,0.02171819334383418,True
2026-06-30 04:00:00,69.5,-0.017825783952600815,True
2026-07-01 04:00:00,68.58000183105469,-0.013325778836429159,True
2026-07-02 04:00:00,68.69000244140625,0.0016026900338550476,True
2026-07-06 04:00:00,68.55000305175781,-0.002040213241135902,True
2026-07-07 04:00:00,70.44000244140625,0.027197867760341943,True
2026-07-08 04:00:00,73.5199966430664,0.04279611409991091,True
2026-07-09 04:00:00,72.08000183105469,-0.019780793684117448,True
2026-07-10 04:00:00,71.41000366210938,-0.009338671859289605,True
2026-07-13 04:00:00,78.13999938964844,0.09006411497204247,True
2026-07-14 04:00:00,79.33999633789062,0.015240287113094553,True
2026-07-15 04:00:00,79.5999984741211,0.0032717047519854603,True
2026-07-16 04:00:00,78.94999694824219,-0.008199371633664576,True
2026-07-17 04:00:00,82.48999786376953,0.04386234592845817,True
2026-07-20 04:00:00,83.2300033569336,0.008930852115421217,True
2026-07-21 04:00:00,84.91000366210938,0.019984015049358206,True
2026-07-22 04:00:00,86.83000183105469,0.022360290019787676,True
2026-07-23 04:00:00,92.19000244140625,0.05989948613246998,True
2026-07-24 04:00:00,89.30999755859375,-0.03173825493335514,True
2026-07-27 04:00:00,82.61000061035156,-0.07798269039671624,True
2026-07-28 04:00:00,79.26000213623047,-0.04139713124828681,True
2026-07-29 04:00:00,84.45999908447266,0.06354442395154614,True
2026-07-30 04:00:00,83.58999633789062,-0.01035418676533606,True
2026-07-31 04:00:00,84.66999816894531,0.012837474127719517,True
2026-08-03 04:00:00,80.33999633789062,-0.05249374267991236,True
2026-08-04 04:00:00,75.7699966430664,-0.05856519170947028,True
2026-08-05 04:00:00,75.22000122070312,-0.007285222368395239,True
2026-08-06 04:00:00,77.29000091552734,0.027147423693504535,True
2026-08-07 04:00:00,78.18000030517578,0.011449271304177167,True
2026-08-10 04:00:00,82.12999725341797,0.04928946004190493,True
2026-08-11 04:00:00,83.19999694824219,0.012943986837165689,True
2026-08-12 04:00:00,83.2699966430664,0.0008409887865044041,True
2026-08-13 04:00:00,81.25,-0.024557478724038795,True
2026-08-14 04:00:00,82.4000015258789,0.014054634223526818,True
2026-08-17 04:00:00,84.5,0.025166078929754754,True
2026-08-18 04:00:00,84.94000244140625,0.005193619264711735,True
2026-08-19 04:00:00,85.83000183105469,0.010423463435793145,True
2026-08-20 04:00:00,87.83000183105469,0.023034531713106432,True
2026-08-21 04:00:00,87.05999755859375,-0.008805640695388917,True
2026-08-24 04:00:00,85.01000213623047,-0.0238285863229164,True
2026-08-25 04:00:00,82.36000061035156,-0.031669032188069046,True
2026-08-26 04:00:00,82.2300033569336,-0.0015796497638529416,True
2026-08-27 04:00:00,83.52999877929688,0.01568559434735395,True
2026-08-28 04:00:00,83.4000015258789,-0.0015575064932553673,True
2026-08-31 04:00:00,85.76000213623047,0.027904394571284463,True
2026-09-01 04:00:00,90.22000122070312,0.050698423278648264,True
2026-09-02 04:00:00,91.01000213623047,0.008718268551201724,True
2026-09-03 04:00:00,91.30000305175781,0.0031814069647833065,True
2026-09-04 04:00:00,91.4800033569336,0.0019695848238709956,True
