contract_id,sigma,model_price,pricing_se,n_paths
jaoh8_6151c,0.34435848656012835,14.815351262592792,0.07366470145345896,100000
jaoh8_6200c,0.34435848656012835,14.570103408635084,0.07323885423814382,100000
jaoh8_6420c,0.34435848656012835,13.509572628893856,0.07130467609492169,100000
jaoh8_6500c,0.34435848656012835,13.140245734103795,0.07059357817667702,100000
jaoh8_6600c,0.34435848656012835,12.690649799817102,0.06970001166530156,100000
jaoh8_6775c,0.34435848656012835,11.935333124477882,0.06812684604164286,100000
jaoh8_6875c,0.34435848656012835,11.521265359796777,0.06722421207471212,100000
jaoh8_6890c,0.34435848656012835,11.460267648399025,0.06708860999727259,100000
jaoh8_7000c,0.34435848656012835,11.02142103935153,0.06609345368082131,100000
jaoh8_7110c,0.34435848656012835,10.597602491268212,0.06509720735016229,100000
jaoh8_7275c,0.34435848656012835,9.989739753937394,0.0636023727983593,100000
jaoh8_7340c,0.34435848656012835,9.758967564235117,0.06301443827874212,100000
jaoh8_7450c,0.34435848656012835,9.379621530959307,0.06202100599813557,100000
jaoh8_7475c,0.34435848656012835,9.295327837896192,0.06179558903071342,100000
jaoh8_7500c,0.34435848656012835,9.211714751571144,0.06157036161603279,100000
jaoh8_7550c,0.34435848656012835,9.046367917560355,0.06112073749672219,100000
jaoh8_7670c,0.34435848656012835,8.660340327332191,0.06004546900285322,100000
jaoh8_7700c,0.34435848656012835,8.566241605240554,0.05977749159394949,100000
jaoh8_7775c,0.34435848656012835,8.33512855346368,0.05910919184683085,100000
jaoh8_5740p,0.34435848656012835,5.097637343143712,0.026168703261425615,100000
jaoh8_5900p,0.34435848656012835,5.710170403469109,0.027931806713768343,100000
jaoh8_6000p,0.34435848656012835,6.112236606598124,0.029037356026896572,100000
jaoh8_6165p,0.34435848656012835,6.8069288844284195,0.03086470816928692,100000
jaoh8_6200p,0.34435848656012835,6.959360672444926,0.031252117714436575,100000
jaoh8_6250p,0.34435848656012835,7.180002928428542,0.03180559681244604,100000
jaoh8_6500p,0.34435848656012835,8.33446791449806,0.034565918072574385,100000
jaoh8_6600p,0.34435848656012835,8.81986028573951,0.03566381680465031,100000
jaoh8_6750p,0.34435848656012835,9.572450641430496,0.03730105803173974,100000
jaoh8_7000p,0.34435848656012835,10.890584747386503,0.03999567453900969,100000
jaoh8_7450p,0.34435848656012835,13.456232613870913,0.044695628350284844,100000
jaoh8_6151c,0.3482463894770814,14.924205719498048,0.07460294579637447,100000
jaoh8_6200c,0.3482463894770814,14.680018072941282,0.07417722896741505,100000
jaoh8_6420c,0.3482463894770814,13.623621559368384,0.07224461746903951,100000
jaoh8_6500c,0.3482463894770814,13.255629806795683,0.07153428117233983,100000
jaoh8_6600c,0.3482463894770814,12.807574812845283,0.0706417871718366,100000
jaoh8_6775c,0.3482463894770814,12.054623707431121,0.06907074464972025,100000
jaoh8_6875c,0.3482463894770814,11.64166536291479,0.06816952405384531,100000
jaoh8_6890c,0.3482463894770814,11.580826421204636,0.06803413161826913,100000
jaoh8_7000c,0.3482463894770814,11.14303342781818,0.06704057330743185,100000
jaoh8_7110c,0.3482463894770814,10.720135359022729,0.06604591228689521,100000
jaoh8_7275c,0.3482463894770814,10.113287148511652,0.0645535809477736,100000
jaoh8_7340c,0.3482463894770814,9.882828584731618,0.06396660825158919,100000
jaoh8_7450c,0.3482463894770814,9.503870049957598,0.0629748103816991,100000
jaoh8_7475c,0.3482463894770814,9.419642011930344,0.06274976068470679,100000
jaoh8_7500c,0.3482463894770814,9.336081483943023,0.06252490583622052,100000
jaoh8_7550c,0.3482463894770814,9.170819518943704,0.06207601341153068,100000
jaoh8_7670c,0.3482463894770814,8.78488688245487,0.061002420706437924,100000
jaoh8_7700c,0.3482463894770814,8.690784994123597,0.060734847748980456,100000
jaoh8_7775c,0.3482463894770814,8.459617151665105,0.060067531378911555,100000
jaoh8_5740p,0.3482463894770814,5.196434154929909,0.026505144919266473,100000
jaoh8_5900p,0.3482463894770814,5.81331806500192,0.028270371342988168,100000
jaoh8_6000p,0.3482463894770814,6.217858346496867,0.029377047751638817,100000
jaoh8_6165p,0.3482463894770814,6.916260005081576,0.03120590799926388,100000
jaoh8_6200p,0.3482463894770814,7.0694403628577005,0.03159354837858506,100000
jaoh8_6250p,0.3482463894770814,7.291035922878259,0.03214750884322025,100000
jaoh8_6500p,0.3482463894770814,8.450017013296524,0.034909065663182866,100000
jaoh8_6600p,0.3482463894770814,8.936950324874266,0.03600731055645263,100000
jaoh8_6750p,0.3482463894770814,9.691588674638194,0.03764494298214842,100000
jaoh8_7000p,0.3482463894770814,11.012362161959727,0.040340292422506224,100000
jaoh8_7450p,0.3482463894770814,13.580646158975782,0.045042181519053676,100000
jaoh8_6151c,0.35213429239403454,15.033124716130164,0.07554641682717828,100000
jaoh8_6200c,0.35213429239403454,14.789947391663713,0.07512092325989371,100000
jaoh8_6420c,0.35213429239403454,13.73766688173556,0.07318988557646229,100000
jaoh8_6500c,0.35213429239403454,13.370989616761731,0.07248034094201641,100000
jaoh8_6600c,0.35213429239403454,12.924444378214279,0.07158896715245339,100000
jaoh8_6775c,0.35213429239403454,12.173845791357097,0.07002005985696472,100000
jaoh8_6875c,0.35213429239403454,11.762008664642359,0.06912023049947937,100000
jaoh8_6890c,0.35213429239403454,11.701315364962955,0.06898507016439033,100000
jaoh8_7000c,0.35213429239403454,11.264575593772163,0.06799311317674725,100000
jaoh8_7110c,0.35213429239403454,10.842607575955666,0.06700002950111161,100000
jaoh8_7275c,0.35213429239403454,10.236778733068613,0.06551021534251356,100000
jaoh8_7340c,0.35213429239403454,10.006640777295157,0.06492420564741334,100000
jaoh8_7450c,0.35213429239403454,9.62807852055705,0.06393405383276823,100000
jaoh8_7475c,0.35213429239403454,9.543920112606934,0.06370937195555368,100000
jaoh8_7500c,0.35213429239403454,9.46041378330116,0.06348489405218863,100000
jaoh8_7550c,0.35213429239403454,9.295244120453901,0.06303673695248017,100000
jaoh8_7670c,0.35213429239403454,8.909425607382701,0.061964832768004054,100000
jaoh8_7700c,0.35213429239403454,8.8153260372241,0.06169766776339597,100000
jaoh8_7775c,0.35213429239403454,8.584117711722135,0.06103134502218658,100000
jaoh8_5740p,0.35213429239403454,5.295420998371184,0.02683972420520838,100000
jaoh8_5900p,0.35213429239403454,5.9165697247997855,0.02860705838597395,100000
jaoh8_6000p,0.35213429239403454,6.323584660428741,0.029714755939286314,100000
jaoh8_6165p,0.35213429239403454,7.025662484445203,0.031545041119728834,100000
jaoh8_6200p,0.35213429239403454,7.1795381296168586,0.03193300217570267,100000
jaoh8_6250p,0.35213429239403454,7.402101145697276,0.03248737237649602,100000
jaoh8_6500p,0.35213429239403454,8.565545271299303,0.035250130982737334,100000
jaoh8_6600p,0.35213429239403454,9.05398833827999,0.03634875246728001,100000
jaoh8_6750p,0.35213429239403454,9.810682605046068,0.03798670395006354,100000
jaoh8_7000p,0.35213429239403454,11.13407277595044,0.040682799662629505,100000
jaoh8_7450p,0.35213429239403454,13.70502307761196,0.04538656634449958,100000
jaoh8_6151c,0.3560221953109876,15.142115643541263,0.0764951318072679,100000
jaoh8_6200c,0.3560221953109876,14.89989300019559,0.07606996547967836,100000
jaoh8_6420c,0.3560221953109876,13.851692695307198,0.07414054320996583,100000
jaoh8_6500c,0.3560221953109876,13.486323066476572,0.07343179468552083,100000
jaoh8_6600c,0.3560221953109876,13.041262884764299,0.0725415772456355,100000
jaoh8_6775c,0.3560221953109876,12.292999232784645,0.07097482613558641,100000
jaoh8_6875c,0.3560221953109876,11.882276145606353,0.07007639849284628,100000
jaoh8_6890c,0.3560221953109876,11.821740077460888,0.06994145061087936,100000
jaoh8_7000c,0.3560221953109876,11.386049933953746,0.06895110394662884,100000
jaoh8_7110c,0.3560221953109876,10.965013157618344,0.06795960328996281,100000
jaoh8_7275c,0.3560221953109876,10.3602139291218,0.06647231105452725,100000
jaoh8_7340c,0.3560221953109876,10.130402880516305,0.06588726629216984,100000
jaoh8_7450c,0.3560221953109876,9.752247542539234,0.0648987686735829,100000
jaoh8_7475c,0.3560221953109876,9.668158532797362,0.06467446129441763,100000
jaoh8_7500c,0.3560221953109876,9.584709338562316,0.0644503625609672,100000
jaoh8_7550c,0.3560221953109876,9.419639193433804,0.06400294429506799,100000
jaoh8_7670c,0.3560221953109876,9.03395377762638,0.06293274037871677,100000
jaoh8_7700c,0.3560221953109876,8.939861795523981,0.06266598677577567,100000
jaoh8_7775c,0.3560221953109876,8.708627268545762,0.062000666976054,100000
jaoh8_5740p,0.3560221953109876,5.394626464346861,0.027172369468442436,100000
jaoh8_5900p,0.3560221953109876,6.019970945735942,0.028941763874209044,100000
jaoh8_6000p,0.3560221953109876,6.429368763820585,0.03005057246558065,100000
jaoh8_6165p,0.3560221953109876,7.135118902420343,0.03188214428671111,100000
jaoh8_6200p,0.3560221953109876,7.289655661852507,0.03227047312602868,100000
jaoh8_6250p,0.3560221953109876,7.513192702066196,0.032825199810448374,100000
jaoh8_6500p,0.3560221953109876,8.681050644717914,0.03558912245906309,100000
jaoh8_6600p,0.3560221953109876,9.170978768533782,0.036688136285674335,100000
jaoh8_6750p,0.3560221953109876,9.929728200903439,0.0383263580411022,100000
jaoh8_7000p,0.3560221953109876,11.25571903983579,0.041023196444649745,100000
jaoh8_7450p,0.3560221953109876,13.829364023297916,0.04572878545483985,100000
jaoh8_6151c,0.3599100982279407,15.251148640294792,0.07744918196432786,100000
jaoh8_6200c,0.3599100982279407,15.009844194101566,0.07702440869826188,100000
jaoh8_6420c,0.3599100982279407,13.96570164976618,0.07509661865087117,100000
jaoh8_6500c,0.3599100982279407,13.601640528342626,0.07438865693148744,100000
jaoh8_6600c,0.3599100982279407,13.158019206030376,0.07349967140992411,100000
jaoh8_6775c,0.3599100982279407,12.412086051296018,0.07193507454548558,100000
jaoh8_6875c,0.3599100982279407,12.002477729622132,0.07103804600797758,100000
jaoh8_6890c,0.3599100982279407,11.942096651567057,0.07090331444597434,100000
jaoh8_7000c,0.3599100982279407,11.50744851545279,0.06991459366846,100000
jaoh8_7110c,0.3599100982279407,11.08735086572772,0.06892467055165755,100000
jaoh8_7275c,0.3599100982279407,10.483589938027334,0.0674399069504759,100000
jaoh8_7340c,0.3599100982279407,10.254109496390198,0.06685583272974337,100000
jaoh8_7450c,0.3599100982279407,9.876372351775942,0.06586899568108578,100000
jaoh8_7475c,0.3599100982279407,9.792356023378778,0.06564506400885477,100000
jaoh8_7500c,0.3599100982279407,9.708966065174241,0.06542134772285887,100000
jaoh8_7550c,0.3599100982279407,9.544002198741806,0.06497467204921745,100000
jaoh8_7670c,0.3599100982279407,9.15846882310726,0.06390617898527731,100000
jaoh8_7700c,0.3599100982279407,9.064389421309693,0.06363984028688115,100000
jaoh8_7775c,0.3599100982279407,8.833142761043153,0.06297553211336238,100000
jaoh8_5740p,0.3599100982279407,5.493997794919869,0.027503170945975205,100000
jaoh8_5900p,0.3599100982279407,6.123505159369368,0.029274513164254053,100000
jaoh8_6000p,0.3599100982279407,6.535227197934608,0.030384454812610595,100000
jaoh8_6165p,0.3599100982279407,7.244591533930257,0.03221729874288624,100000
jaoh8_6200p,0.3599100982279407,7.39978230953345,0.03260598334267763,100000
jaoh8_6250p,0.3599100982279407,7.624314837074862,0.03316098120156514,100000
jaoh8_6500p,0.3599100982279407,8.796543560358934,0.03592601859561564,100000
jaoh8_6600p,0.3599100982279407,9.287910543574826,0.037025494512402224,100000
jaoh8_6750p,0.3599100982279407,10.048713387898044,0.03866394259685352,100000
jaoh8_7000p,0.3599100982279407,11.377293075109804,0.041361511226909606,100000
jaoh8_7450p,0.3599100982279407,13.953664286309587,0.04606885772441549,100000
jaoh8_6151c,0.3637980011448938,15.36019411070617,0.07840865826567218,100000
jaoh8_6200c,0.3637980011448938,15.119831087831047,0.07798422667287097,100000
jaoh8_6420c,0.3637980011448938,14.079688899154533,0.07605815460758039,100000
jaoh8_6500c,0.3637980011448938,13.716940953942453,0.07535096379410394,100000
jaoh8_6600c,0.3637980011448938,13.274744832372242,0.07446322757616301,100000
jaoh8_6775c,0.3637980011448938,12.531091117644598,0.07290086609396865,100000
jaoh8_6875c,0.3637980011448938,12.122611362483255,0.07200521166345014,100000
jaoh8_6890c,0.3637980011448938,12.062391419104493,0.07187068617833516,100000
jaoh8_7000c,0.3637980011448938,11.628776241478532,0.07088360950776075,100000
jaoh8_7110c,0.3637980011448938,11.209621097833091,0.06989526588099068,100000
jaoh8_7275c,0.3637980011448938,10.606904121100088,0.06841304199434574,100000
jaoh8_7340c,0.3637980011448938,10.37776102250519,0.0678299389352996,100000
jaoh8_7450c,0.3637980011448938,10.000451001135081,0.06684477177545448,100000
jaoh8_7475c,0.3637980011448938,9.916511173313102,0.06662121604273309,100000
jaoh8_7500c,0.3637980011448938,9.833182967329268,0.06639788468164172,100000
jaoh8_7550c,0.3637980011448938,9.66833179658473,0.06595195547902871,100000
jaoh8_7670c,0.3637980011448938,9.282968077341375,0.0648851846435854,100000
jaoh8_7700c,0.3637980011448938,9.188906129037761,0.0646192641942581,100000
jaoh8_7775c,0.3637980011448938,8.95766080808752,0.06395597628235007,100000
jaoh8_5740p,0.3637980011448938,5.5935606375547495,0.02783206356425131,100000
jaoh8_5900p,0.3637980011448938,6.227127507887276,0.029605390703559182,100000
jaoh8_6000p,0.3637980011448938,6.641149332158575,0.030716419330788874,100000
jaoh8_6165p,0.3637980011448938,7.354081129161686,0.032550500455867395,100000
jaoh8_6200p,0.3637980011448938,7.509948242183262,0.0329394632507865,100000
jaoh8_6250p,0.3637980011448938,7.735466390825331,0.03349471898201832,100000
jaoh8_6500p,0.3637980011448938,8.912023024879096,0.03626082556621378,100000
jaoh8_6600p,0.3637980011448938,9.404815208837025,0.03736075299835037,100000
jaoh8_6750p,0.3637980011448938,10.16763107830828,0.03899948208615683,100000
jaoh8_7000p,0.3637980011448938,11.498799840055877,0.041697737215038486,100000
jaoh8_7450p,0.3637980011448938,14.077921974589062,0.04640679355303751,100000
jaoh8_6151c,0.36768590406184687,15.469254730012565,0.07937358818253178,100000
jaoh8_6200c,0.36768590406184687,15.229834816326443,0.07894948925971598,100000
jaoh8_6420c,0.36768590406184687,14.19365564477675,0.07702518289334445,100000
jaoh8_6500c,0.36768590406184687,13.83219037003036,0.07631881155282264,100000
jaoh8_6600c,0.36768590406184687,13.391433676952161,0.07543229144576742,100000
jaoh8_6775c,0.36768590406184687,12.650022654993677,0.073872221861526,100000
jaoh8_6875c,0.36768590406184687,12.242679727810085,0.07297792646612883,100000
jaoh8_6890c,0.36768590406184687,12.182616767565193,0.07284361414856402,100000
jaoh8_7000c,0.36768590406184687,11.750031216154646,0.07185819020010885,100000
jaoh8_7110c,0.36768590406184687,11.331825316418414,0.07087142250341733,100000
jaoh8_7275c,0.36768590406184687,10.730155610466504,0.06939175271729961,100000
jaoh8_7340c,0.36768590406184687,10.50135318119146,0.06880962640902594,100000
jaoh8_7450c,0.36768590406184687,10.124481734837422,0.06782613396706416,100000
jaoh8_7475c,0.36768590406184687,10.040620090675382,0.06760295742740276,100000
jaoh8_7500c,0.36768590406184687,9.957357984510981,0.06738001056438608,100000
jaoh8_7550c,0.36768590406184687,9.792625156916925,0.06693483245368091,100000
jaoh8_7670c,0.36768590406184687,9.407448906452922,0.06586979382740392,100000
jaoh8_7700c,0.36768590406184687,9.313409218658972,0.06560429475264597,100000
jaoh8_7775c,0.36768590406184687,9.082178414993823,0.064942035305963,100000
jaoh8_5740p,0.36768590406184687,5.693342925611898,0.028158979545121546,100000
jaoh8_5900p,0.36768590406184687,6.330875532001662,0.02993430896432415,100000
jaoh8_6000p,0.36768590406184687,6.747165735131537,0.03104639475120913,100000
jaoh8_6165p,0.36768590406184687,7.4635795123216315,0.032881766015978385,100000
jaoh8_6200p,0.36768590406184687,7.620134650491315,0.033270954673449794,100000
jaoh8_6250p,0.36768590406184687,7.846637420079172,0.03382643617381675,100000
jaoh8_6500p,0.36768590406184687,9.027455120779656,0.036593630641616984,100000
jaoh8_6600p,0.36768590406184687,9.521686733229597,0.03769393197624191,100000
jaoh8_6750p,0.36768590406184687,10.286482940856336,0.039332978248298955,100000
jaoh8_7000p,0.36768590406184687,11.620237494544645,0.042031886199965736,100000
jaoh8_7450p,0.36768590406184687,14.20213538810406,0.04674260280041642,100000
jaoh8_6151c,0.37157380697879994,15.578318331360022,0.08034402857883997,100000
jaoh8_6200c,0.37157380697879994,15.339871360991655,0.07992019922409478,100000
jaoh8_6420c,0.37157380697879994,14.307592529136409,0.07799775526531888,100000
jaoh8_6500c,0.37157380697879994,13.947402086538258,0.0772922108806634,100000
jaoh8_6600c,0.37157380697879994,13.508092612135904,0.07640688609701178,100000
jaoh8_6775c,0.37157380697879994,12.768891889313695,0.07484915817630083,100000
jaoh8_6875c,0.37157380697879994,12.362683276686683,0.07395622550731241,100000
jaoh8_6890c,0.37157380697879994,12.302774270814648,0.07382213159778567,100000
jaoh8_7000c,0.37157380697879994,11.871217067580405,0.07283836574804288,100000
jaoh8_7110c,0.37157380697879994,11.4539581891551,0.07185318485558595,100000
jaoh8_7275c,0.37157380697879994,10.853348804786327,0.07037606788276901,100000
jaoh8_7340c,0.37157380697879994,10.624885710929583,0.06979493085207251,100000
jaoh8_7450c,0.37157380697879994,10.248462120149401,0.06881312066379054,100000
jaoh8_7475c,0.37157380697879994,10.164682917288847,0.06859032257648996,100000
jaoh8_7500c,0.37157380697879994,10.081489877871368,0.06836776167990338,100000
jaoh8_7550c,0.37157380697879994,9.916880364975201,0.06792333991156974,100000
jaoh8_7670c,0.37157380697879994,9.531909210056861,0.06686004270843306,100000
jaoh8_7700c,0.37157380697879994,9.437895899189881,0.06659496881868407,100000
jaoh8_7775c,0.37157380697879994,9.206692520437343,0.06593374560979422,100000
jaoh8_5740p,0.37157380697879994,5.793294832663578,0.028484007922965918,100000
jaoh8_5900p,0.37157380697879994,6.434749865394141,0.030261259776528618,100000
jaoh8_6000p,0.37157380697879994,6.853237195296954,0.03137446086828574,100000
jaoh8_6165p,0.37157380697879994,7.573110227395948,0.03321104031127497,100000
jaoh8_6200p,0.37157380697879994,7.7303575722840945,0.033600420241505086,100000
jaoh8_6250p,0.37157380697879994,7.957823246823232,0.03415614378342237,100000
jaoh8_6500p,0.37157380697879994,9.142853214415121,0.036924404517707,100000
jaoh8_6600p,0.37157380697879994,9.638532045540908,0.0380250189033906,100000
jaoh8_6750p,0.37157380697879994,10.405266533040049,0.039664443566745734,100000
jaoh8_7000p,0.37157380697879994,11.741609723097973,0.042363954706660774,100000
jaoh8_7450p,0.37157380697879994,14.326302150543604,0.04707629740471234,100000
jaoh8_6151c,0.375461709895753,15.687412651158253,0.08131995933993987,100000
jaoh8_6200c,0.375461709895753,15.449930012333994,0.08089641134279929,100000
jaoh8_6420c,0.375461709895753,14.421513973142826,0.07897588009278117,100000
jaoh8_6500c,0.375461709895753,14.062573787695998,0.07827120104214902,100000
jaoh8_6600c,0.375461709895753,13.62470625334495,0.07738707435050682,100000
jaoh8_6775c,0.375461709895753,12.88769603545492,0.0758317158386672,100000
jaoh8_6875c,0.375461709895753,12.482616215757243,0.07494015469063704,100000
jaoh8_6890c,0.375461709895753,12.422855726340925,0.07480628839952484,100000
jaoh8_7000c,0.375461709895753,11.992344617808946,0.07382415482796378,100000
jaoh8_7110c,0.375461709895753,11.576022245141615,0.07284058516330578,100000
jaoh8_7275c,0.375461709895753,10.976482178585874,0.07136602576627761,100000
jaoh8_7340c,0.375461709895753,10.748357062587287,0.07078589029920712,100000
jaoh8_7450c,0.375461709895753,10.372394537244258,0.06980576348358454,100000
jaoh8_7475c,0.375461709895753,10.288698383971418,0.06958334840153592,100000
jaoh8_7500c,0.375461709895753,10.205576825701575,0.06936117559608547,100000
jaoh8_7550c,0.375461709895753,10.0410964083582,0.06891751388752093,100000
jaoh8_7670c,0.375461709895753,9.656346193561562,0.06785596890538713,100000
jaoh8_7700c,0.375461709895753,9.562363994443507,0.06759132284525132,100000
jaoh8_7775c,0.375461709895753,9.331200228838387,0.06693114388945473,100000
jaoh8_5740p,0.375461709895753,5.893389721636151,0.028807190919401513,100000
jaoh8_5900p,0.375461709895753,6.538722458864071,0.03058629542863358,100000
jaoh8_6000p,0.375461709895753,6.959375273461029,0.03170058725660035,100000
jaoh8_6165p,0.375461709895753,7.682665713714078,0.033538339666880974,100000
jaoh8_6200p,0.375461709895753,7.840606355170029,0.033927884034680736,100000
jaoh8_6250p,0.375461709895753,8.069012087149856,0.0344838697468737,100000
jaoh8_6500p,0.375461709895753,9.258215047116456,0.03725315695477436,100000
jaoh8_6600p,0.375461709895753,9.75533581829355,0.038354057694065254,100000
jaoh8_6750p,0.375461709895753,10.523969444935666,0.03999391652279334,100000
jaoh8_7000p,0.375461709895753,11.862927404870112,0.04269391921734973,100000
jaoh8_7450p,0.375461709895753,14.450424699182062,0.04740787468884027,100000
jaoh8_6151c,0.3793496128127061,15.796526656409332,0.08230143603927531,100000
jaoh8_6200c,0.3793496128127061,15.560011191449425,0.08187815936349972,100000
jaoh8_6420c,0.3793496128127061,14.53540254185793,0.0799596246281989,100000
jaoh8_6500c,0.3793496128127061,14.177708028714234,0.07925581302859576,100000
jaoh8_6600c,0.3793496128127061,13.741275531897987,0.07837289056532208,100000
jaoh8_6775c,0.3793496128127061,13.006440865780839,0.07681992138888462,100000
jaoh8_6875c,0.3793496128127061,12.602479621378645,0.07592974875403806,100000
jaoh8_6890c,0.3793496128127061,12.542857497978662,0.07579612712719896,100000
jaoh8_7000c,0.3793496128127061,12.113414150612439,0.07481559367203158,100000
jaoh8_7110c,0.3793496128127061,11.698023861958498,0.07383364987522593,100000
jaoh8_7275c,0.3793496128127061,11.09954817986764,0.0723616742699024,100000
jaoh8_7340c,0.3793496128127061,10.87176841335858,0.07178253900552042,100000
jaoh8_7450c,0.3793496128127061,10.496278027542985,0.07080409942131347,100000
jaoh8_7475c,0.3793496128127061,10.412664911152353,0.07058207266103728,100000
jaoh8_7500c,0.3793496128127061,10.329616435884997,0.07036029111902732,100000
jaoh8_7550c,0.3793496128127061,10.165271214811264,0.06991739237559715,100000
jaoh8_7670c,0.3793496128127061,9.780758207217136,0.06885760885799376,100000
jaoh8_7700c,0.3793496128127061,9.686811001443257,0.06859339421316848,100000
jaoh8_7775c,0.3793496128127061,9.455698780361306,0.06793426714686361,100000
jaoh8_5740p,0.3793496128127061,5.993621826916966,0.029128529256717058,100000
jaoh8_5900p,0.3793496128127061,6.642747884432509,0.030909505700177708,100000
jaoh8_6000p,0.3793496128127061,7.0655853553185635,0.032024758418104794,100000
jaoh8_6165p,0.3793496128127061,7.792253118546398,0.03386364668512572,100000
jaoh8_6200p,0.3793496128127061,7.9508814780276715,0.03425334486643821,100000
jaoh8_6250p,0.3793496128127061,8.180206547110323,0.03480960836464831,100000
jaoh8_6500p,0.3793496128127061,9.373543231876901,0.03757988548970305,100000
jaoh8_6600p,0.3793496128127061,9.872099040588795,0.03868105075514337,100000
jaoh8_6750p,0.3793496128127061,10.642611016686635,0.04032135229591911,100000
jaoh8_7000p,0.3793496128127061,11.98419088141581,0.04302178535914282,100000
jaoh8_7450p,0.3793496128127061,14.574502133222996,0.04773734212816137,100000
jaoh8_6151c,0.3832375157296592,15.905669756771449,0.08328847544927173,100000
jaoh8_6200c,0.3832375157296592,15.670101458396594,0.08286550387297109,100000
jaoh8_6420c,0.3832375157296592,14.649276621286818,0.08094899109926047,100000
jaoh8_6500c,0.3832375157296592,14.292789030434886,0.08024611103265561,100000
jaoh8_6600c,0.3832375157296592,13.85779833476413,0.07936437477645603,100000
jaoh8_6775c,0.3832375157296592,13.125128387497497,0.07781380820952243,100000
jaoh8_6875c,0.3832375157296592,12.722262344090014,0.07692506308678912,100000
jaoh8_6890c,0.3832375157296592,12.662786806999296,0.07679167268731776,100000
jaoh8_7000c,0.3832375157296592,12.234415932616992,0.0758127351104564,100000
jaoh8_7110c,0.3832375157296592,11.819950078139762,0.07483243650200935,100000
jaoh8_7275c,0.3832375157296592,11.222544443534222,0.07336305363288058,100000
jaoh8_7340c,0.3832375157296592,10.995120958329984,0.07278491157989005,100000
jaoh8_7450c,0.3832375157296592,10.62011043835774,0.07180816763180392,100000
jaoh8_7475c,0.3832375157296592,10.536578722818794,0.07158653675027912,100000
jaoh8_7500c,0.3832375157296592,10.453608004508105,0.0713651449638129,100000
jaoh8_7550c,0.3832375157296592,10.289402231603285,0.07092301447770999,100000
jaoh8_7670c,0.3832375157296592,9.905142388313477,0.06986500118038556,100000
jaoh8_7700c,0.3832375157296592,9.811234442968228,0.06960122072598073,100000
jaoh8_7775c,0.3832375157296592,9.580185317835763,0.06894315300904838,100000
jaoh8_5740p,0.3832375157296592,6.0939813152693105,0.029448032687863123,100000
jaoh8_5900p,0.3832375157296592,6.746844411012968,0.031230844564986412,100000
jaoh8_6000p,0.3832375157296592,7.171880039482186,0.03234694246508852,100000
jaoh8_6165p,0.3832375157296592,7.901868286958444,0.0341869705394839,100000
jaoh8_6200p,0.3832375157296592,8.061169559382718,0.03457683376750145,100000
jaoh8_6250p,0.3832375157296592,8.291403077942022,0.035133369031209845,100000
jaoh8_6500p,0.3832375157296592,9.48882204800543,0.03790463339663441,100000
jaoh8_6600p,0.3832375157296592,9.988819657862818,0.039006008383858294,100000
jaoh8_6750p,0.3832375157296592,10.761188818556391,0.04064676331142579,100000
jaoh8_7000p,0.3832375157296592,12.105390477828244,0.04334758653783433,100000
jaoh8_7450p,0.3832375157296592,14.698532358445627,0.04806471085400961,100000
jaoh8_6151c,0.38712541864661226,16.014835546773593,0.08428112506335064,100000
jaoh8_6200c,0.38712541864661226,15.780200208546018,0.08385848137935921,100000
jaoh8_6420c,0.38712541864661226,14.763129088036218,0.08194402865253649,100000
jaoh8_6500c,0.38712541864661226,14.407813885385128,0.08124213651497907,100000
jaoh8_6600c,0.38712541864661226,13.974278664772227,0.0803615566909949,100000
jaoh8_6775c,0.38712541864661226,13.243759023588812,0.07881341273063507,100000
jaoh8_6875c,0.38712541864661226,12.841966564890747,0.07792613127285182,100000
jaoh8_6890c,0.38712541864661226,12.782651538068764,0.0777929492996003,100000
jaoh8_7000c,0.38712541864661226,12.355353445604727,0.07681561088350496,100000
jaoh8_7110c,0.38712541864661226,11.941802126479459,0.07583698037154875,100000
jaoh8_7275c,0.38712541864661226,11.345474287715344,0.07437019574935701,100000
jaoh8_7340c,0.38712541864661226,11.118407839535536,0.07379305518202693,100000
jaoh8_7450c,0.38712541864661226,10.743887480921833,0.07281801080003292,100000
jaoh8_7475c,0.38712541864661226,10.660439528013349,0.07259677730141313,100000
jaoh8_7500c,0.38712541864661226,10.577548415789567,0.07237577778056377,100000
jaoh8_7550c,0.38712541864661226,10.41348852175479,0.07193441735444528,100000
jaoh8_7670c,0.38712541864661226,10.02949594598707,0.07087818482516117,100000
jaoh8_7700c,0.38712541864661226,9.935632369536837,0.07061483989892277,100000
jaoh8_7775c,0.38712541864661226,9.704657407183984,0.06995783899904462,100000
jaoh8_5740p,0.38712541864661226,6.194434248889657,0.029765760476884996,100000
jaoh8_5900p,0.38712541864661226,6.851002580969134,0.03155032624844264,100000
jaoh8_6000p,0.38712541864661226,7.278260030146685,0.0326671350008205,100000
jaoh8_6165p,0.38712541864661226,8.011511098152905,0.03450831118959297,100000
jaoh8_6200p,0.38712541864661226,8.171470053760254,0.03489835224328286,100000
jaoh8_6250p,0.38712541864661226,8.402601334711557,0.035455153428353925,100000
jaoh8_6500p,0.38712541864661226,9.604048647183788,0.03822741186193698,100000
jaoh8_6600p,0.38712541864661226,10.105501732099029,0.03932892529280444,100000
jaoh8_6750p,0.38712541864661226,10.879710774294876,0.04097013455618437,100000
jaoh8_7000p,0.38712541864661226,12.226529735044092,0.04367131934235472,100000
jaoh8_7450p,0.38712541864661226,14.822511145237833,0.04838999856550078,100000
jaoh8_6151c,0.3910133215635654,16.12402523688614,0.08527941832480716,100000
jaoh8_6200c,0.3910133215635654,15.890290299992296,0.0848571599810352,100000
jaoh8_6420c,0.3910133215635654,14.876953110874291,0.08294478611119759,100000
jaoh8_6500c,0.3910133215635654,14.522779332860273,0.08224393185985818,100000
jaoh8_6600c,0.3910133215635654,14.09070894118231,0.08136448666942644,100000
jaoh8_6775c,0.3910133215635654,13.36233307067515,0.0798187719784945,100000
jaoh8_6875c,0.3910133215635654,12.96160390850775,0.07893297172358793,100000
jaoh8_6890c,0.3910133215635654,12.90244102279289,0.07880001217616692,100000
jaoh8_7000c,0.3910133215635654,12.476223188768959,0.0778242643395391,100000
jaoh8_7110c,0.3910133215635654,12.06358902364064,0.07684730491374978,100000
jaoh8_7275c,0.3910133215635654,11.4683409360444,0.07538313305403294,100000
jaoh8_7340c,0.3910133215635654,11.24162841216889,0.07480700792864194,100000
jaoh8_7450c,0.3910133215635654,10.867609506179777,0.07383366513719444,100000
jaoh8_7475c,0.3910133215635654,10.784244927477259,0.07361283444562813,100000
jaoh8_7500c,0.3910133215635654,10.701435411022944,0.07339222935212339,100000
jaoh8_7550c,0.3910133215635654,10.537530756300594,0.07295163625704858,100000
jaoh8_7670c,0.3910133215635654,10.153816928686442,0.07189719799654698,100000
jaoh8_7700c,0.3910133215635654,10.060002278503262,0.0716342904800889,100000
jaoh8_7775c,0.3910133215635654,9.829112336744478,0.07097836350554784,100000
jaoh8_5740p,0.3910133215635654,6.29503081522533,0.03008159940431691,100000
jaoh8_5900p,0.3910133215635654,6.955253247946879,0.03186787881911787,100000
jaoh8_6000p,0.3910133215635654,7.384696500341989,0.032985397093076366,100000
jaoh8_6165p,0.3910133215635654,8.12117155067532,0.03482769174246391,100000
jaoh8_6200p,0.3910133215635654,8.281765879100092,0.03521794051343997,100000
jaoh8_6250p,0.3910133215635654,8.513795055895976,0.03577497748823078,100000
jaoh8_6500p,0.3910133215635654,9.719219828552493,0.038548233154579246,100000
jaoh8_6600p,0.3910133215635654,10.222137742402673,0.03964982575197945,100000
jaoh8_6750p,0.3910133215635654,10.998175857376184,0.041291474674755524,100000
jaoh8_7000p,0.3910133215635654,12.347605212101886,0.04399299983527579,100000
jaoh8_7450p,0.3910133215635654,14.946438904389339,0.04871320878175203,100000
jaoh8_6151c,0.39490122448051845,16.233227432368306,0.08628341298506959,100000
jaoh8_6200c,0.39490122448051845,16.00038811003989,0.08586154509775921,100000
jaoh8_6420c,0.39490122448051845,14.990719724735865,0.08395135252151475,100000
jaoh8_6500c,0.39490122448051845,14.637695337346218,0.0832515165884701,100000
jaoh8_6600c,0.39490122448051845,14.207084640226634,0.08237320995615267,100000
jaoh8_6775c,0.39490122448051845,13.480840337123047,0.08082994087865439,100000
jaoh8_6875c,0.39490122448051845,13.081168647307823,0.07994563179187891,100000
jaoh8_6890c,0.39490122448051845,13.02215726979848,0.07981289596860845,100000
jaoh8_7000c,0.39490122448051845,12.597012873837631,0.078838753263013,100000
jaoh8_7110c,0.39490122448051845,12.185302491904213,0.07786346114342016,100000
jaoh8_7275c,0.39490122448051845,11.591139881912358,0.07640191014147842,100000
jaoh8_7340c,0.39490122448051845,11.364781656363094,0.07582680887135927,100000
jaoh8_7450c,0.39490122448051845,10.99127204383797,0.07485517434295914,100000
jaoh8_7475c,0.39490122448051845,10.907994232536021,0.07463474619162357,100000
jaoh8_7500c,0.39490122448051845,10.825270582887004,0.07441453424202901,100000
jaoh8_7550c,0.39490122448051845,10.661524716320022,0.0739747139188225,100000
jaoh8_7670c,0.39490122448051845,10.278103923301233,0.0729220785811533,100000
jaoh8_7700c,0.39490122448051845,10.184341780427795,0.07265961150666934,100000
jaoh8_7775c,0.39490122448051845,9.953547351236775,0.0720047654517015,100000
jaoh8_5740p,0.39490122448051845,6.395757118677972,0.03039557039902869,100000
jaoh8_5900p,0.39490122448051845,7.059556346869008,0.032183584480159615,100000
jaoh8_6000p,0.39490122448051845,7.49121584023725,0.03330166713478561,100000
jaoh8_6165p,0.39490122448051845,8.230845334666174,0.03514512223256067,100000
jaoh8_6200p,0.39490122448051845,8.392073473245697,0.03553556067187585,100000
jaoh8_6250p,0.39490122448051845,8.624979337180093,0.036092854356719675,100000
jaoh8_6500p,0.39490122448051845,9.834345617136446,0.0388670760680144,100000
jaoh8_6600p,0.39490122448051845,10.338723225545005,0.03996872643268681,100000
jaoh8_6750p,0.39490122448051845,11.1165888587517,0.04161077682956988,100000
jaoh8_7000p,0.39490122448051845,12.468604681268564,0.0443126686535855,100000
jaoh8_7450p,0.39490122448051845,15.070311226145536,0.049034359817689194,100000
jaoh8_6151c,0.3987891273974715,16.34243876840915,0.08729315196342426,100000
jaoh8_6200c,0.3987891273974715,16.11048089760509,0.08687169727904587,100000
jaoh8_6420c,0.3987891273974715,15.104452285779537,0.08496372320253917,100000
jaoh8_6500c,0.3987891273974715,14.75258368570015,0.08426488982397999,100000
jaoh8_6600c,0.3987891273974715,14.323398711425364,0.08338777655783614,100000
jaoh8_6775c,0.3987891273974715,13.599267954532708,0.08184697910941613,100000
jaoh8_6875c,0.3987891273974715,13.200660005129608,0.08096415108280083,100000
jaoh8_6890c,0.3987891273974715,13.141800992978494,0.08083163784459568,100000
jaoh8_7000c,0.3987891273974715,12.717723352514273,0.07985911463261747,100000
jaoh8_7110c,0.3987891273974715,12.306934208078632,0.0788855004310736,100000
jaoh8_7275c,0.3987891273974715,11.71387133608221,0.0774265647779249,100000
jaoh8_7340c,0.3987891273974715,11.48786664008183,0.07685249730820184,100000
jaoh8_7450c,0.3987891273974715,11.114874970570122,0.07588257610011943,100000
jaoh8_7475c,0.3987891273974715,11.031687226752974,0.07566255025914745,100000
jaoh8_7500c,0.3987891273974715,10.949050760961985,0.07544273435475697,100000
jaoh8_7550c,0.3987891273974715,10.785468106509288,0.07500369069222132,100000
jaoh8_7670c,0.3987891273974715,10.402354455636349,0.0739528664024171,100000
jaoh8_7700c,0.3987891273974715,10.308649114476658,0.07369084158123644,100000
jaoh8_7775c,0.3987891273974715,10.07795979309394,0.07303708409525059,100000
jaoh8_5740p,0.3987891273974715,6.496566113307654,0.03070776390810025,100000
jaoh8_5900p,0.3987891273974715,7.163921750408658,0.032497416530899007,100000
jaoh8_6000p,0.3987891273974715,7.597752197533843,0.0336160904985495,100000
jaoh8_6165p,0.3987891273974715,8.340518006248296,0.035460636694732255,100000
jaoh8_6200p,0.3987891273974715,8.502380156349371,0.03585124324543597,100000
jaoh8_6250p,0.3987891273974715,8.736161745995842,0.03640876728679366,100000
jaoh8_6500p,0.3987891273974715,9.949447861028858,0.039183889938682485,100000
jaoh8_6600p,0.3987891273974715,10.455251192282212,0.040285650403069834,100000
jaoh8_6750p,0.3987891273974715,11.234948829936314,0.04192804942269882,100000
jaoh8_7000p,0.3987891273974715,12.589529055483686,0.04463032962493232,100000
jaoh8_7450p,0.3987891273974715,15.194128048416173,0.04935345666731544,100000
jaoh8_6151c,0.4026770303144246,16.451643419558607,0.0883087018510839,100000
jaoh8_6200c,0.4026770303144246,16.22056350692885,0.08788766310030668,100000
jaoh8_6420c,0.4026770303144246,15.218146297525056,0.0859819439553062,100000
jaoh8_6500c,0.4026770303144246,14.867435104811596,0.08528410596003551,100000
jaoh8_6600c,0.4026770303144246,14.439652123498675,0.08440822299410525,100000
jaoh8_6775c,0.4026770303144246,13.717628539654354,0.08286990418563002,100000
jaoh8_6875c,0.4026770303144246,13.32007702020101,0.08198856984160934,100000
jaoh8_6890c,0.4026770303144246,13.261369946791955,0.08185628014297636,100000
jaoh8_7000c,0.4026770303144246,12.838350705448429,0.08088539341754793,100000
jaoh8_7110c,0.4026770303144246,12.428483364687539,0.07991346271578963,100000
jaoh8_7275c,0.4026770303144246,11.836536932574129,0.07845713296274415,100000
jaoh8_7340c,0.4026770303144246,11.610887574073073,0.07788410521526117,100000
jaoh8_7450c,0.4026770303144246,11.238419151756624,0.07691590704534158,100000
jaoh8_7475c,0.4026770303144246,11.155321813195657,0.07669628750768714,100000
jaoh8_7500c,0.4026770303144246,11.072774167837277,0.07647686996360946,100000
jaoh8_7550c,0.4026770303144246,10.909359190934492,0.0760386065267641,100000
jaoh8_7670c,0.4026770303144246,10.526565051342477,0.07498960312472505,100000
jaoh8_7700c,0.4026770303144246,10.432922687143268,0.07472801952059499,100000
jaoh8_7775c,0.4026770303144246,10.202347860935333,0.07407535798005394,100000
jaoh8_5740p,0.4026770303144246,6.597487807090276,0.031018108386769216,100000
jaoh8_5900p,0.4026770303144246,7.268360693781466,0.032809346671252126,100000
jaoh8_6000p,0.4026770303144246,7.704302313268953,0.03392867178378751,100000
jaoh8_6165p,0.4026770303144246,8.450202404170184,0.03577420521147272,100000
jaoh8_6200p,0.4026770303144246,8.612680834588403,0.03616500134155461,100000
jaoh8_6250p,0.4026770303144246,8.847334181652387,0.03672273742846389,100000
jaoh8_6500p,0.4026770303144246,10.064517349055572,0.03949870237768742,100000
jaoh8_6600p,0.4026770303144246,10.571722673270795,0.040600600022798014,100000
jaoh8_6750p,0.4026770303144246,11.353253610192917,0.04224330407754017,100000
jaoh8_7000p,0.4026770303144246,12.71037447733311,0.04494599992727713,100000
jaoh8_7450p,0.4026770303144246,15.317890298517943,0.04967050126853631,100000
jaoh8_6151c,0.4065649332313777,16.560857047286838,0.08933007084741544,100000
jaoh8_6200c,0.4065649332313777,16.33064273244323,0.08890946753078842,100000
jaoh8_6420c,0.4065649332313777,15.331791968492947,0.08700607020398449,100000
jaoh8_6500c,0.4065649332313777,14.982254721210362,0.08630919444846825,100000
jaoh8_6600c,0.4065649332313777,14.555857696961903,0.08543456591711848,100000
jaoh8_6775c,0.4065649332313777,13.83591572409954,0.0838987655926143,100000
jaoh8_6875c,0.4065649332313777,13.439421761880121,0.08301892375281666,100000
jaoh8_6890c,0.4065649332313777,13.38086279725845,0.08288686410284628,100000
jaoh8_7000c,0.4065649332313777,12.95891298686663,0.08191760005205956,100000
jaoh8_7110c,0.4065649332313777,12.549953057795165,0.08094738220540153,100000
jaoh8_7275c,0.4065649332313777,11.95913708892917,0.07949365291378375,100000
jaoh8_7340c,0.4065649332313777,11.73383752192103,0.07892168161646322,100000
jaoh8_7450c,0.4065649332313777,11.361898848837665,0.0779552138640102,100000
jaoh8_7475c,0.4065649332313777,11.278897009747261,0.0777359975704185,100000
jaoh8_7500c,0.4065649332313777,11.19643853607642,0.07751698244426736,100000
jaoh8_7550c,0.4065649332313777,11.033195915509868,0.07707950223319181,100000
jaoh8_7670c,0.4065649332313777,10.650737290314268,0.07603232374646664,100000
jaoh8_7700c,0.4065649332313777,10.55716044202319,0.0757711852352507,100000
jaoh8_7775c,0.4065649332313777,10.326709284597364,0.075119626764879,100000
jaoh8_5740p,0.4065649332313777,6.698536618166603,0.03132656698998791,100000
jaoh8_5900p,0.4065649332313777,7.372879559752095,0.03311935665567122,100000
jaoh8_6000p,0.4065649332313777,7.810867250242601,0.034239406206188795,100000
jaoh8_6165p,0.4065649332313777,8.559880721640255,0.03608587053632751,100000
jaoh8_6200p,0.4065649332313777,8.7229823650348,0.03647681971658885,100000
jaoh8_6250p,0.4065649332313777,8.958493304075569,0.03703477454203034,100000
jaoh8_6500p,0.4065649332313777,10.179559270386354,0.039811504709530036,100000
jaoh8_6600p,0.4065649332313777,10.688150551666036,0.04091354686329161,100000
jaoh8_6750p,0.4065649332313777,11.471483486997045,0.04255659953660953,100000
jaoh8_7000p,0.4065649332313777,12.831159063683328,0.04525963460383129,100000
jaoh8_7450p,0.4065649332313777,15.441592300531001,0.04998551591649615,100000
jaoh8_6151c,0.4104528361483308,16.670059017032845,0.09035733507392583,100000
jaoh8_6200c,0.4104528361483308,16.440704667031728,0.08993717416616621,100000
jaoh8_6420c,0.4104528361483308,15.44537817696505,0.08803616003723995,100000
jaoh8_6500c,0.4104528361483308,15.097023139834086,0.08734022790736297,100000
jaoh8_6600c,0.4104528361483308,14.672010088517643,0.08646685346787582,100000
jaoh8_6775c,0.4104528361483308,13.95413751885829,0.08493358940720953,100000
jaoh8_6875c,0.4104528361483308,13.55868717637639,0.08405526365259114,100000
jaoh8_6890c,0.4104528361483308,13.500271420546085,0.08392344224605673,100000
jaoh8_7000c,0.4104528361483308,13.079406463453727,0.08295577994658422,100000
jaoh8_7110c,0.4104528361483308,12.671345062832339,0.08198729556688104,100000
jaoh8_7275c,0.4104528361483308,12.08166527094218,0.08053617369197628,100000
jaoh8_7340c,0.4104528361483308,11.856727587530175,0.0799652490392849,100000
jaoh8_7450c,0.4104528361483308,11.485315169058703,0.0790005336233991,100000
jaoh8_7475c,0.4104528361483308,11.402410884151418,0.07878172184980382,100000
jaoh8_7500c,0.4104528361483308,11.320041990944228,0.07856311299959229,100000
jaoh8_7550c,0.4104528361483308,11.15697791537396,0.0781264166124878,100000
jaoh8_7670c,0.4104528361483308,10.774868486409769,0.07708106969864673,100000
jaoh8_7700c,0.4104528361483308,10.681358864926796,0.0768203811062777,100000
jaoh8_7775c,0.4104528361483308,10.451041452785175,0.07616993103989914,100000
jaoh8_5740p,0.4104528361483308,6.799683372690272,0.031633195240194346,100000
jaoh8_5900p,0.4104528361483308,7.477483788295037,0.033427431679208225,100000
jaoh8_6000p,0.4104528361483308,7.917437858206562,0.03454831245469165,100000
jaoh8_6165p,0.4104528361483308,8.669562526248546,0.03639561078353109,100000
jaoh8_6200p,0.4104528361483308,8.83327090391905,0.03678673253270673,100000
jaoh8_6250p,0.4104528361483308,9.069630147696975,0.037344902146983314,100000
jaoh8_6500p,0.4104528361483308,10.294554293305833,0.04012235055440431,100000
jaoh8_6600p,0.4104528361483308,10.804529547517529,0.041224509845720514,100000
jaoh8_6750p,0.4104528361483308,11.589645846213926,0.04286792164523899,100000
jaoh8_7000p,0.4104528361483308,12.95187914456618,0.04557125028845678,100000
jaoh8_7450p,0.4104528361483308,15.56523522504779,0.050298501806641166,100000
jaoh8_6151c,0.41434073906528385,16.77925968260144,0.09139051358780054,100000
jaoh8_6200c,0.41434073906528385,16.55075965911051,0.09097080236467929,100000
jaoh8_6420c,0.41434073906528385,15.558907998282855,0.0890722468482004,100000
jaoh8_6500c,0.41434073906528385,15.211748071212623,0.08837723213053145,100000
jaoh8_6600c,0.41434073906528385,14.788090893893438,0.08750515630378097,100000
jaoh8_6775c,0.41434073906528385,14.072285361207124,0.08597442938991987,100000
jaoh8_6875c,0.41434073906528385,13.677873865353165,0.0850976283236742,100000
jaoh8_6890c,0.41434073906528385,13.619600555467423,0.08496604667945054,100000
jaoh8_7000c,0.41434073906528385,13.199821627752526,0.08399998800872441,100000
jaoh8_7110c,0.41434073906528385,12.792658694811314,0.08303324365861581,100000
jaoh8_7275c,0.41434073906528385,12.20411858375288,0.08158473921573163,100000
jaoh8_7340c,0.41434073906528385,11.979549632933963,0.08101485902659067,100000
jaoh8_7450c,0.41434073906528385,11.608665157745818,0.08005190971012069,100000
jaoh8_7475c,0.41434073906528385,11.525859578109467,0.0798335049306425,100000
jaoh8_7500c,0.41434073906528385,11.443586523049309,0.07961529766096387,100000
jaoh8_7550c,0.41434073906528385,11.280702262419448,0.07917939254012238,100000
jaoh8_7670c,0.41434073906528385,10.89895638872844,0.07813588223359001,100000
jaoh8_7700c,0.41434073906528385,10.805516614057312,0.07787564692578644,100000
jaoh8_7775c,0.41434073906528385,10.57534247067454,0.07722631087076164,100000
jaoh8_5740p,0.41434073906528385,6.900882017313061,0.031938085398731504,100000
jaoh8_5900p,0.41434073906528385,7.58214425745425,0.03373363381432796,100000
jaoh8_6000p,0.41434073906528385,8.024045486716934,0.03485531730682574,100000
jaoh8_6165p,0.41434073906528385,8.779241533300329,0.03670344166280389,100000
jaoh8_6200p,0.41434073906528385,8.94355686371481,0.037094716376395456,100000
jaoh8_6250p,0.41434073906528385,9.180754310642655,0.03765309890456843,100000
jaoh8_6500p,0.41434073906528385,10.409510192401346,0.040431224482509034,100000
jaoh8_6600p,0.41434073906528385,10.920841320610299,0.041533542014076726,100000
jaoh8_6750p,0.41434073906528385,11.707739870613409,0.04317727844008128,100000
jaoh8_7000p,0.41434073906528385,13.072525276581953,0.04588087988923909,100000
jaoh8_7450p,0.41434073906528385,15.688816181451879,0.05060947267501578,100000
jaoh8_6151c,0.41822864198223697,16.888453616647908,0.0924296551859798,100000
jaoh8_6200c,0.41822864198223697,16.66079664721803,0.09201041116531336,100000
jaoh8_6420c,0.41822864198223697,15.672375440652873,0.09011438040062786,100000
jaoh8_6500c,0.41822864198223697,15.32642831536445,0.08942024882568789,100000
jaoh8_6600c,0.41822864198223697,14.904094672495196,0.0885495233088603,100000
jaoh8_6775c,0.41822864198223697,14.1903604446954,0.08702132365578803,100000
jaoh8_6875c,0.41822864198223697,13.796978736165341,0.08614606290566337,100000
jaoh8_6890c,0.41822864198223697,13.738849450916163,0.08601471877770711,100000
jaoh8_7000c,0.41822864198223697,13.320156466756309,0.08505026760555162,100000
jaoh8_7110c,0.41822864198223697,12.913898642017818,0.08408525944100774,100000
jaoh8_7275c,0.41822864198223697,12.32649368899871,0.08263939443083212,100000
jaoh8_7340c,0.41822864198223697,12.102298017262054,0.08207055975018294,100000
jaoh8_7450c,0.41822864198223697,11.731948592416966,0.08110938192621464,100000
jaoh8_7475c,0.41822864198223697,11.649245977956294,0.08089138204304859,100000
jaoh8_7500c,0.41822864198223697,11.567072133237335,0.08067357574840306,100000
jaoh8_7550c,0.41822864198223697,11.40436902507654,0.0802384690261808,100000
jaoh8_7670c,0.41822864198223697,11.022998568965923,0.07919680327984138,100000
jaoh8_7700c,0.41822864198223697,10.929631445834536,0.07893702418053128,100000
jaoh8_7775c,0.41822864198223697,10.699609944763566,0.07828880746666353,100000
jaoh8_5740p,0.41822864198223697,7.002144017428197,0.03224120594406044,100000
jaoh8_5900p,0.41822864198223697,7.686887859858452,0.03403789993841064,100000
jaoh8_6000p,0.41822864198223697,8.130671702501845,0.03516046188733873,100000
jaoh8_6165p,0.41822864198223697,8.888906288160634,0.03700939173859392,100000
jaoh8_6200p,0.41822864198223697,9.053829247732008,0.03740079917616859,100000
jaoh8_6250p,0.41822864198223697,9.291854582308082,0.03795939427038905,100000
jaoh8_6500p,0.41822864198223697,10.524425832462851,0.04073813383130072,100000
jaoh8_6600p,0.41822864198223697,11.037080495121737,0.0418406625209563,100000
jaoh8_6750p,0.41822864198223697,11.825769661577889,0.043484664493945814,100000
jaoh8_7000p,0.41822864198223697,13.193095511495414,0.046188535088321,100000
jaoh8_7450p,0.41822864198223697,15.812335012032706,0.050918433812938854,100000
jaoh8_6151c,0.42211654489919004,16.997627795608764,0.09347482275236248,100000
jaoh8_6200c,0.42211654489919004,16.770813454439885,0.09305604373611825,100000
jaoh8_6420c,0.42211654489919004,15.785818273604535,0.09116253459833584,100000
jaoh8_6500c,0.42211654489919004,15.441058229342564,0.09046932768748653,100000
jaoh8_6600c,0.42211654489919004,15.020025892193019,0.08959998702446938,100000
jaoh8_6775c,0.42211654489919004,14.308350283670421,0.08807433297924043,100000
jaoh8_6875c,0.42211654489919004,13.916000308345106,0.08720061025452076,100000
jaoh8_6890c,0.42211654489919004,13.858026458293756,0.08706948573490586,100000
jaoh8_7000c,0.42211654489919004,13.440416077138211,0.08610665134408892,100000
jaoh8_7110c,0.42211654489919004,13.03505969792462,0.08514339146843111,100000
jaoh8_7275c,0.42211654489919004,12.448790684767575,0.08370017951661608,100000
jaoh8_7340c,0.42211654489919004,12.224977083246987,0.08313238499290194,100000
jaoh8_7450c,0.42211654489919004,11.855166586973615,0.08217298854872956,100000
jaoh8_7475c,0.42211654489919004,11.772567129970726,0.0819553972485064,100000
jaoh8_7500c,0.42211654489919004,11.69049409610025,0.08173799376908937,100000
jaoh8_7550c,0.42211654489919004,11.527977701832224,0.0813036863115934,100000
jaoh8_7670c,0.42211654489919004,11.146994078822607,0.08026387313682763,100000
jaoh8_7700c,0.42211654489919004,11.05370231801565,0.0800045531331293,100000
jaoh8_7775c,0.42211654489919004,10.823843020015364,0.07935746039052033,100000
jaoh8_5740p,0.42211654489919004,7.103461531140187,0.032542568157178646,100000
jaoh8_5900p,0.42211654489919004,7.791649960347712,0.03434037338109655,100000
jaoh8_6000p,0.42211654489919004,8.23733589101105,0.035463700410606494,100000
jaoh8_6165p,0.42211654489919004,8.998571611108593,0.037313426611061566,100000
jaoh8_6200p,0.42211654489919004,9.164085944545322,0.03770498768478635,100000
jaoh8_6250p,0.42211654489919004,9.402938344115064,0.03826377227865615,100000
jaoh8_6500p,0.42211654489919004,10.639295636032422,0.04104309746772135,100000
jaoh8_6600p,0.42211654489919004,11.15325160441102,0.042145864450093315,100000
jaoh8_6750p,0.42211654489919004,11.943735324680087,0.043790085276441036,100000
jaoh8_7000p,0.42211654489919004,13.313595011468774,0.04649420721514218,100000
jaoh8_7450p,0.42211654489919004,15.935792896180814,0.05122538634408933,100000
jaoh8_6151c,0.4260044478161431,17.106797927183035,0.09452602724584726,100000
jaoh8_6200c,0.4260044478161431,16.880805957900268,0.09410774723175548,100000
jaoh8_6420c,0.4260044478161431,15.899223025093242,0.09221677317235903,100000
jaoh8_6500c,0.4260044478161431,15.555638310277088,0.09152450824499113,100000
jaoh8_6600c,0.4260044478161431,15.135872181761469,0.0906566086299984,100000
jaoh8_6775c,0.4260044478161431,14.426255046156745,0.08913349786191616,100000
jaoh8_6875c,0.4260044478161431,14.03494480726098,0.0882613013290224,100000
jaoh8_6890c,0.4260044478161431,13.977147215986722,0.08813036363430643,100000
jaoh8_7000c,0.4260044478161431,13.5605946131123,0.08716918932128577,100000
jaoh8_7110c,0.4260044478161431,13.156130252402997,0.08620769845852394,100000
jaoh8_7275c,0.4260044478161431,12.571015866494763,0.08476712582505566,100000
jaoh8_7340c,0.4260044478161431,12.347581532156832,0.08420038315954376,100000
jaoh8_7450c,0.4260044478161431,11.978315458062072,0.08324277519336713,100000
jaoh8_7475c,0.4260044478161431,11.895820483655342,0.0830255944256429,100000
jaoh8_7500c,0.4260044478161431,11.81384919056914,0.08280859645808611,100000
jaoh8_7550c,0.4260044478161431,11.651526330589133,0.0823750871285246,100000
jaoh8_7670c,0.4260044478161431,11.27094085483425,0.0813371340886036,100000
jaoh8_7700c,0.4260044478161431,11.177727228646972,0.08107827581475387,100000
jaoh8_7775c,0.4260044478161431,10.948039019370531,0.08043231215389253,100000
jaoh8_5740p,0.4260044478161431,7.204868519995273,0.03284209283402322,100000
jaoh8_5900p,0.4260044478161431,7.896424346625862,0.034641065304873396,100000
jaoh8_6000p,0.4260044478161431,8.344024070116461,0.035765064593433905,100000
jaoh8_6165p,0.4260044478161431,9.108225898194478,0.0376155755752695,100000
jaoh8_6200p,0.4260044478161431,9.274322897489244,0.03800729334692061,100000
jaoh8_6250p,0.4260044478161431,9.513996254084306,0.03856625833269502,100000
jaoh8_6500p,0.4260044478161431,10.754120166450486,0.04134611847116482,100000
jaoh8_6600p,0.4260044478161431,11.26934234346301,0.042449185438866714,100000
jaoh8_6750p,0.4260044478161431,12.061629472367251,0.04409356652510017,100000
jaoh8_7000p,0.4260044478161431,13.434017996926405,0.04679791885762827,100000
jaoh8_7450p,0.4260044478161431,16.05918621675281,0.05153034628475851,100000
jaoh8_6151c,0.4298923507330962,17.21595313319301,0.09558332849265375,100000
jaoh8_6200c,0.4298923507330962,16.99077724705399,0.09516555615044948,100000
jaoh8_6420c,0.4298923507330962,16.01260174277885,0.09327711605383521,100000
jaoh8_6500c,0.4298923507330962,15.670155318227154,0.09258585385726725,100000
jaoh8_6600c,0.4298923507330962,15.25163020102562,0.09171943455561019,100000
jaoh8_6775c,0.4298923507330962,14.544088301588253,0.09019883749555731,100000
jaoh8_6875c,0.4298923507330962,14.153825094112413,0.089328157007266,100000
jaoh8_6890c,0.4298923507330962,14.096199677453015,0.08919741301232573,100000
jaoh8_7000c,0.4298923507330962,13.680693108383435,0.08823792130046064,100000
jaoh8_7110c,0.4298923507330962,13.27711034605816,0.08727822160072539,100000
jaoh8_7275c,0.4298923507330962,12.693162027185165,0.08584028516877532,100000
jaoh8_7340c,0.4298923507330962,12.47011175543237,0.08527459465808994,100000
jaoh8_7450c,0.4298923507330962,12.10139619570476,0.0843187811258013,100000
jaoh8_7475c,0.4298923507330962,12.019003297751608,0.08410201811504807,100000
jaoh8_7500c,0.4298923507330962,11.937141740563359,0.08388541817976065,100000
jaoh8_7550c,0.4298923507330962,11.775018755102861,0.08345270640856824,100000
jaoh8_7670c,0.4298923507330962,11.394835889288434,0.08241663015914624,100000
jaoh8_7700c,0.4298923507330962,11.30170316291768,0.08215823609138354,100000
jaoh8_7775c,0.4298923507330962,11.072195333754712,0.08151340562538516,100000
jaoh8_5740p,0.4298923507330962,7.306331574562038,0.033139848517663106,100000
jaoh8_5900p,0.4298923507330962,8.001212450298373,0.0349399699115541,100000
jaoh8_6000p,0.4298923507330962,8.450738733118346,0.03606454812835418,100000
jaoh8_6165p,0.4298923507330962,9.217864953662605,0.03791585027176345,100000
jaoh8_6200p,0.4298923507330962,9.384543262953816,0.03830771046910506,100000
jaoh8_6250p,0.4298923507330962,9.62503993685698,0.03886682603991967,100000
jaoh8_6500p,0.4298923507330962,10.868886250711402,0.041647235445414724,100000
jaoh8_6600p,0.4298923507330962,11.385349439038011,0.042750639065859485,100000
jaoh8_6750p,0.4298923507330962,12.179447529929257,0.04439512645563229,100000
jaoh8_7000p,0.4298923507330962,13.55436556850839,0.04709967279436591,100000
jaoh8_7450p,0.4298923507330962,16.18251603070635,0.05183331512097407,100000
jaoh8_6151c,0.4337802536500493,17.32508761786146,0.09664677738568611,100000
jaoh8_6200c,0.4337802536500493,17.10071798296367,0.09622952777450715,100000
jaoh8_6420c,0.4337802536500493,16.125925947049215,0.09434365334791346,100000
jaoh8_6500c,0.4337802536500493,15.784608650316931,0.0936534066933596,100000
jaoh8_6600c,0.4337802536500493,15.367323022952029,0.09278846759104238,100000
jaoh8_6775c,0.4337802536500493,14.661846546704298,0.09127039912543329,100000
jaoh8_6875c,0.4337802536500493,14.27264630876438,0.09040121091134296,100000
jaoh8_6890c,0.4337802536500493,14.215183086459604,0.09027067686375988,100000
jaoh8_7000c,0.4337802536500493,13.800719620058398,0.08931287650941366,100000
jaoh8_7110c,0.4337802536500493,13.398009340214497,0.088354988302377,100000
jaoh8_7275c,0.4337802536500493,12.815226185713746,0.08691970346093118,100000
jaoh8_7340c,0.4337802536500493,12.592570749403313,0.0863550564969944,100000
jaoh8_7450c,0.4337802536500493,12.224402353739283,0.08540105670594647,100000
jaoh8_7475c,0.4337802536500493,12.142118210690711,0.08518470556778848,100000
jaoh8_7500c,0.4337802536500493,12.060365350284227,0.08496850899762727,100000
jaoh8_7550c,0.4337802536500493,11.898448972285383,0.08453659343135458,100000
jaoh8_7670c,0.4337802536500493,11.51867930278806,0.08350240147200574,100000
jaoh8_7700c,0.4337802536500493,11.42562886637072,0.08324447583606505,100000
jaoh8_7775c,0.4337802536500493,11.19630969382967,0.08260078366110242,100000
jaoh8_5740p,0.4337802536500493,7.4078416752033505,0.03343585005771561,100000
jaoh8_5900p,0.4337802536500493,8.106001922365087,0.03523711319804003,100000
jaoh8_6000p,0.4337802536500493,8.55746519743212,0.03636218496152748,100000
jaoh8_6165p,0.4337802536500493,9.327480479444997,0.03821427236822603,100000
jaoh8_6200p,0.4337802536500493,9.494737769665571,0.03860626358877172,100000
jaoh8_6250p,0.4337802536500493,9.736066607418023,0.03916548495972292,100000
jaoh8_6500p,0.4337802536500493,10.983593353603256,0.04194645423544748,100000
jaoh8_6600p,0.4337802536500493,11.501296031766497,0.04305016890765769,100000
jaoh8_6750p,0.4337802536500493,12.297181485219788,0.04469479257378645,100000
jaoh8_7000p,0.4337802536500493,13.674645850985431,0.04739945163703687,100000
jaoh8_7450p,0.4337802536500493,16.30577595954295,0.0521343175188357,100000
jaoh8_6151c,0.43766815656700236,17.434193811561734,0.09771642837358083,100000
jaoh8_6200c,0.43766815656700236,17.21064073194097,0.09729968069278605,100000
jaoh8_6420c,0.43766815656700236,16.239208709555975,0.09541640413261616,100000
jaoh8_6500c,0.43766815656700236,15.899011213130239,0.09472718656951287,100000
jaoh8_6600c,0.43766815656700236,15.482946599217493,0.09386375625044514,100000
jaoh8_6775c,0.43766815656700236,14.779527582516659,0.09234822830669726,100000
jaoh8_6875c,0.43766815656700236,14.391394473564665,0.09148052732421592,100000
jaoh8_6890c,0.43766815656700236,14.334095822841087,0.09135019988770902,100000
jaoh8_7000c,0.43766815656700236,13.920660702248266,0.09039411790011927,100000
jaoh8_7110c,0.43766815656700236,13.518827793940508,0.08943803980836891,100000
jaoh8_7275c,0.43766815656700236,12.937207387201756,0.08800542398150181,100000
jaoh8_7340c,0.43766815656700236,12.714958196081904,0.08744181093700831,100000
jaoh8_7450c,0.43766815656700236,12.34733959486705,0.08648963532926768,100000
jaoh8_7475c,0.43766815656700236,12.265167336086451,0.08627369521848972,100000
jaoh8_7500c,0.43766815656700236,12.183522620396218,0.0860579065847481,100000
jaoh8_7550c,0.43766815656700236,12.021814416702224,0.08562679301101654,100000
jaoh8_7670c,0.43766815656700236,11.64246926437729,0.08459449128857949,100000
jaoh8_7700c,0.43766815656700236,11.549502056318378,0.08433703877665732,100000
jaoh8_7775c,0.43766815656700236,11.320380342720085,0.08369448887506221,100000
jaoh8_5740p,0.43766815656700236,7.509432916414167,0.03373001824437528,100000
jaoh8_5900p,0.43766815656700236,8.21082397510573,0.0355324217178873,100000
jaoh8_6000p,0.43766815656700236,8.664200774611166,0.03665798117370253,100000
jaoh8_6165p,0.43766815656700236,9.43708490315221,0.03851081328914754,100000
jaoh8_6200p,0.43766815656700236,9.60491905233263,0.03890292386899181,100000
jaoh8_6250p,0.43766815656700236,9.8470843557952,0.039462217637193965,100000
jaoh8_6500p,0.43766815656700236,11.098254450106323,0.042243745413943906,100000
jaoh8_6600p,0.43766815656700236,11.617178141721718,0.04334779053284029,100000
jaoh8_6750p,0.43766815656700236,12.414841711774883,0.04499254196887157,100000
jaoh8_7000p,0.43766815656700236,13.794845466865054,0.04769729981736986,100000
jaoh8_7450p,0.43766815656700236,16.428971734360474,0.052433340318565336,100000
jaoh8_6151c,0.4415560594839555,17.543283700223473,0.09879230133134716,100000
jaoh8_6200c,0.4415560594839555,17.320530818915298,0.09837608244163813,100000
jaoh8_6420c,0.4415560594839555,16.352445732749214,0.09649541770210428,100000
jaoh8_6500c,0.4415560594839555,16.0133636656007,0.09580723443756835,100000
jaoh8_6600c,0.4415560594839555,15.598508929679696,0.09494532946365435,100000
jaoh8_6775c,0.4415560594839555,14.897131425818326,0.09343236741384964,100000
jaoh8_6875c,0.4415560594839555,14.510074742062349,0.09256614066595652,100000
jaoh8_6890c,0.4415560594839555,14.452921063793163,0.0924360510251688,100000
jaoh8_7000c,0.4415560594839555,14.04052215009591,0.09148167906085643,100000
jaoh8_7110c,0.4415560594839555,13.639561475525447,0.09052742498552596,100000
jaoh8_7275c,0.4415560594839555,13.059109783357494,0.08909748291592648,100000
jaoh8_7340c,0.4415560594839555,12.837267820707671,0.08853490930661428,100000
jaoh8_7450c,0.4415560594839555,12.470203086598334,0.08758456582128708,100000
jaoh8_7475c,0.4415560594839555,12.388144635616639,0.08736903752151447,100000
jaoh8_7500c,0.4415560594839555,12.306612979188905,0.08715365353750118,100000
jaoh8_7550c,0.4415560594839555,12.145114238819305,0.08672334796617444,100000
jaoh8_7670c,0.4415560594839555,11.766204407067928,0.08569294266737257,100000
jaoh8_7700c,0.4415560594839555,11.67332199748067,0.08543596695880329,100000
jaoh8_7775c,0.4415560594839555,11.44440461594468,0.08479456556150074,100000
jaoh8_5740p,0.4415560594839555,7.611086546713041,0.034022390769712536,100000
jaoh8_5900p,0.4415560594839555,8.315668082974467,0.03582591845896547,100000
jaoh8_6000p,0.4415560594839555,8.77093311161392,0.036951965652858694,100000
jaoh8_6165p,0.4415560594839555,9.546662463118373,0.03880551338951275,100000
jaoh8_6200p,0.4415560594839555,9.715072505017257,0.03919772933780592,100000
jaoh8_6250p,0.4415560594839555,9.95804163052021,0.03975715518005399,100000
jaoh8_6500p,0.4415560594839555,11.212870268287084,0.04253911167257849,100000
jaoh8_6600p,0.4415560594839555,11.73300383789422,0.043643487455264224,100000
jaoh8_6750p,0.4415560594839555,12.53243697497683,0.04528835609186301,100000
jaoh8_7000p,0.4415560594839555,13.914970280423,0.04799320621846224,100000
jaoh8_7450p,0.4415560594839555,16.55209859180206,0.0527304031816574,100000
jaoh8_6151c,0.44544396240090856,17.652340996319836,0.09987446702662416,100000
jaoh8_6200c,0.44544396240090856,17.430404685953118,0.09945874587498955,100000
jaoh8_6420c,0.44544396240090856,16.46563350735132,0.09758074234612027,100000
jaoh8_6500c,0.44544396240090856,16.127644340903615,0.0968936290117019,100000
jaoh8_6600c,0.44544396240090856,15.71401222846288,0.09603322626055151,100000
jaoh8_6775c,0.44544396240090856,15.014657897179614,0.0945228595363404,100000
jaoh8_6875c,0.44544396240090856,14.628674513112912,0.09365811362185739,100000
jaoh8_6890c,0.44544396240090856,14.571659730303717,0.09352827166313865,100000
jaoh8_7000c,0.44544396240090856,14.160307752770969,0.09257559707684669,100000
jaoh8_7110c,0.44544396240090856,13.760206192718064,0.09162319300780629,100000
jaoh8_7275c,0.44544396240090856,13.180931932052015,0.09019592506279273,100000
jaoh8_7340c,0.44544396240090856,12.959501735306194,0.08963439114176747,100000
jaoh8_7450c,0.44544396240090856,12.592989784406303,0.08868589484776256,100000
jaoh8_7475c,0.44544396240090856,12.511046630353155,0.08847077967951554,100000
jaoh8_7500c,0.44544396240090856,12.429631735810949,0.08825579869267153,100000
jaoh8_7550c,0.44544396240090856,12.26834972118032,0.08782629854445331,100000
jaoh8_7670c,0.44544396240090856,11.889883018019022,0.08679779957565377,100000
jaoh8_7700c,0.44544396240090856,11.797089109123226,0.08654130129810894,100000
jaoh8_7775c,0.44544396240090856,11.568383149585712,0.08590105401013472,100000
jaoh8_5740p,0.44544396240090856,7.712832390899747,0.03431289818719145,100000
jaoh8_5900p,0.44544396240090856,8.420548493809738,0.036117569037304946,100000
jaoh8_6000p,0.44544396240090856,8.877676384532883,0.0372441049736541,100000
jaoh8_6165p,0.44544396240090856,9.656225811869948,0.039098343455853786,100000
jaoh8_6200p,0.44544396240090856,9.825214639659173,0.03949064158508285,100000
jaoh8_6250p,0.44544396240090856,10.068970403230564,0.040050220130523166,100000
jaoh8_6500p,0.44544396240090856,11.327419211194092,0.0428326143781337,100000
jaoh8_6600p,0.44544396240090856,11.848775404281497,0.04393725850492535,100000
jaoh8_6750p,0.44544396240090856,12.649958371947994,0.045582265018222066,100000
jaoh8_7000p,0.44544396240090856,14.035024150702153,0.04828716551176611,100000
jaoh8_7450p,0.44544396240090856,16.675153557214124,0.0530255201786015,100000
jaoh8_6151c,0.4493318653178616,17.761379935008236,0.10096294247514025,100000
jaoh8_6200c,0.4493318653178616,17.540262441815784,0.10054771334588243,100000
jaoh8_6420c,0.4493318653178616,16.578774332820213,0.09867241695582732,100000
jaoh8_6500c,0.4493318653178616,16.241846051808206,0.09798642503815928,100000
jaoh8_6600c,0.4493318653178616,15.829460756101819,0.09712748274556558,100000
jaoh8_6775c,0.4493318653178616,15.132101305152148,0.09561975691582358,100000
jaoh8_6875c,0.4493318653178616,14.747189038773474,0.09475649691359192,100000
jaoh8_6890c,0.4493318653178616,14.690306589880407,0.09462691322651069,100000
jaoh8_7000c,0.4493318653178616,14.280002024731532,0.0936759389770187,100000
jaoh8_7110c,0.4493318653178616,13.880770752489479,0.09272537390646304,100000
jaoh8_7275c,0.4493318653178616,13.302681949422919,0.091300781687772,100000
jaoh8_7340c,0.4493318653178616,13.081659094296974,0.09074030064608202,100000
jaoh8_7450c,0.4493318653178616,12.715698789888403,0.0897936664239667,100000
jaoh8_7475c,0.4493318653178616,12.633879344362452,0.08957895584812674,100000
jaoh8_7500c,0.4493318653178616,12.552576865601765,0.08936438751696535,100000
jaoh8_7550c,0.4493318653178616,12.391516726919209,0.08893569301636749,100000
jaoh8_7670c,0.4493318653178616,12.013501509244591,0.08790910898469208,100000
jaoh8_7700c,0.4493318653178616,11.920801855104454,0.08765308583278596,100000
jaoh8_7775c,0.4493318653178616,11.692314616679177,0.08701399762585796,100000
jaoh8_5740p,0.4493318653178616,7.8146431210291825,0.034601599002507005,100000
jaoh8_5900p,0.4493318653178616,8.525452475172655,0.03640740234650594,100000
jaoh8_6000p,0.4493318653178616,8.984416362742829,0.037534433036502085,100000
jaoh8_6165p,0.4493318653178616,9.765760656841636,0.039389340804983436,100000
jaoh8_6200p,0.4493318653178616,9.935345635637379,0.03978166243281719,100000
jaoh8_6250p,0.4493318653178616,10.179860357030151,0.04034144115857623,100000
jaoh8_6500p,0.4493318653178616,11.441894162214226,0.04312427677015506,100000
jaoh8_6600p,0.4493318653178616,11.964497172035978,0.04422909703860285,100000
jaoh8_6750p,0.4493318653178616,12.76740592383186,0.04587427418950311,100000
jaoh8_7000p,0.4493318653178616,14.154991662778256,0.04857922822224025,100000
jaoh8_7450p,0.4493318653178616,16.79813580281176,0.05331869864085895,100000
jaoh8_6151c,0.4532197682348147,17.870385776386026,0.10205779635492476,100000
jaoh8_6200c,0.4532197682348147,17.650079721015793,0.10164307013243008,100000
jaoh8_6420c,0.4532197682348147,16.691848947628102,0.09977051712265966,100000
jaoh8_6500c,0.4532197682348147,16.355971104028825,0.09908566185368907,100000
jaoh8_6600c,0.4532197682348147,15.944848074437385,0.09822815293485504,100000
jaoh8_6775c,0.4532197682348147,15.249458087365953,0.0967231087431131,100000
jaoh8_6875c,0.4532197682348147,14.86560908574277,0.09586134855124921,100000
jaoh8_6890c,0.4532197682348147,14.80888980700237,0.09573197563571809,100000
jaoh8_7000c,0.4532197682348147,14.399598921643076,0.09478275765407189,100000
jaoh8_7110c,0.4532197682348147,14.00125777676147,0.09383400744005845,100000
jaoh8_7275c,0.4532197682348147,13.424352275729294,0.09241210734115646,100000
jaoh8_7340c,0.4532197682348147,13.203731224644399,0.09185269374919035,100000
jaoh8_7450c,0.4532197682348147,12.838335780153118,0.09090791566825102,100000
jaoh8_7475c,0.4532197682348147,12.756635143246212,0.0906936199205227,100000
jaoh8_7500c,0.4532197682348147,12.675447346053543,0.09047946447686933,100000
jaoh8_7550c,0.4532197682348147,12.514616714095252,0.09005157225012726,100000
jaoh8_7670c,0.4532197682348147,12.137059301083745,0.08902691417667272,100000
jaoh8_7700c,0.4532197682348147,12.04445977977403,0.0887713635751142,100000
jaoh8_7775c,0.4532197682348147,11.816195080820348,0.08813344377339054,100000
jaoh8_5740p,0.4532197682348147,7.91652296609545,0.03488848045990951,100000
jaoh8_5900p,0.4532197682348147,8.630383138142102,0.03669541037191023,100000
jaoh8_6000p,0.4532197682348147,9.091152074196607,0.03782295273583591,100000
jaoh8_6165p,0.4532197682348147,9.875286821957957,0.03967845840285967,100000
jaoh8_6200p,0.4532197682348147,10.045441198830533,0.04007085523749311,100000
jaoh8_6250p,0.4532197682348147,10.290715019000714,0.040630812306600456,100000
jaoh8_6500p,0.4532197682348147,11.556297498427988,0.04341409700596034,100000
jaoh8_6600p,0.4532197682348147,12.08016277436469,0.0445190252643769,100000
jaoh8_6750p,0.4532197682348147,12.884780909222753,0.04616438550671089,100000
jaoh8_7000p,0.4532197682348147,14.274866843682945,0.04886941745718037,100000
jaoh8_7450p,0.4532197682348147,16.92105107706962,0.053609925175818925,100000
jaoh8_6151c,0.45710767115176776,17.979377449195116,0.10315903865090328,100000
jaoh8_6200c,0.45710767115176776,17.759843836491044,0.10274488159689439,100000
jaoh8_6420c,0.45710767115176776,16.80485864954194,0.1008750841775331,100000
jaoh8_6500c,0.45710767115176776,16.470010750997545,0.10019139743327772,100000
jaoh8_6600c,0.45710767115176776,16.060158124453157,0.09933530678136296,100000
jaoh8_6775c,0.45710767115176776,15.366731929820261,0.09783295320685487,100000
jaoh8_6875c,0.45710767115176776,14.983950119271515,0.09697268860166997,100000
jaoh8_6890c,0.45710767115176776,14.92739440967851,0.09684352621281972,100000
jaoh8_7000c,0.45710767115176776,14.519105650725475,0.0958960861771746,100000
jaoh8_7110c,0.45710767115176776,14.12165503166823,0.09494915596427463,100000
jaoh8_7275c,0.45710767115176776,13.545938557720692,0.09352995228694078,100000
jaoh8_7340c,0.45710767115176776,13.325722709250954,0.09297160765523825,100000
jaoh8_7450c,0.45710767115176776,12.960898304357055,0.09202868964346167,100000
jaoh8_7475c,0.45710767115176776,12.879319077507958,0.09181480831227617,100000
jaoh8_7500c,0.45710767115176776,12.798241275681844,0.091601075695392,100000
jaoh8_7550c,0.45710767115176776,12.637647207352737,0.09117398302169545,100000
jaoh8_7670c,0.45710767115176776,12.260556497156697,0.09015125795031183,100000
jaoh8_7700c,0.45710767115176776,12.168059433474482,0.08989618204437824,100000
jaoh8_7775c,0.45710767115176776,11.940023447147196,0.08925943644895042,100000
jaoh8_5740p,0.45710767115176776,8.018446107284024,0.03517359918033932,100000
jaoh8_5900p,0.45710767115176776,8.735327155074607,0.03698162385455648,100000
jaoh8_6000p,0.45710767115176776,9.197887700570314,0.03810965442255869,100000
jaoh8_6165p,0.45710767115176776,9.98479390840438,0.03996572434453586,100000
jaoh8_6200p,0.45710767115176776,10.155488714295354,0.040358253485112634,100000
jaoh8_6250p,0.45710767115176776,10.401513611537583,0.04091838887016319,100000
jaoh8_6500p,0.45710767115176776,11.670620545386276,0.04370210274022805,100000
jaoh8_6600p,0.45710767115176776,12.195756224370028,0.04480709150283382,100000
jaoh8_6750p,0.45710767115176776,13.002077938692334,0.04645261945171763,100000
jaoh8_7000p,0.45710767115176776,14.394656972754914,0.049157717727288476,100000
jaoh8_7450p,0.45710767115176776,17.04389700126313,0.05389921196461833,100000
jaoh8_6151c,0.4609955740687209,18.088345364857354,0.10426672982682185,100000
jaoh8_6200c,0.4609955740687209,17.869568033030824,0.10385316823816382,100000
jaoh8_6420c,0.4609955740687209,16.917817527028937,0.10198613863648585,100000
jaoh8_6500c,0.4609955740687209,16.583956120966864,0.10130369036565612,100000
jaoh8_6600c,0.4609955740687209,16.1753904196719,0.10044898933552664,100000
jaoh8_6775c,0.4609955740687209,15.483918107821316,0.09894934214319115,100000
jaoh8_6875c,0.4609955740687209,15.102226687849145,0.09809053905736936,100000
jaoh8_6890c,0.4609955740687209,15.045814868490389,0.09796161803488701,100000
jaoh8_7000c,0.4609955740687209,14.638524138557916,0.09701596612167272,100000
jaoh8_7110c,0.4609955740687209,14.241967289256447,0.09607085684380907,100000
jaoh8_7275c,0.4609955740687209,13.667443860547644,0.09465435638994285,100000
jaoh8_7340c,0.4609955740687209,13.447635467650525,0.0940970838393528,100000
jaoh8_7450c,0.4609955740687209,13.083378102029505,0.09315604400537059,100000
jaoh8_7475c,0.4609955740687209,13.001926921674716,0.09294257092031287,100000
jaoh8_7500c,0.4609955740687209,12.920961568143928,0.09272926098174022,100000
jaoh8_7550c,0.4609955740687209,12.760606365819914,0.09230297165432004,100000
jaoh8_7670c,0.4609955740687209,12.383988257997535,0.0912821902739914,100000
jaoh8_7700c,0.4609955740687209,12.291595420918572,0.09102759182493789,100000
jaoh8_7775c,0.4609955740687209,12.063800384520707,0.09039201774616727,100000
jaoh8_5740p,0.4609955740687209,8.120380211917755,0.0354570253977508,100000
jaoh8_5900p,0.4609955740687209,8.840280756057117,0.0372660511851108,100000
jaoh8_6000p,0.4609955740687209,9.304608435729682,0.038394574299734245,100000
jaoh8_6165p,0.4609955740687209,10.094289951389959,0.040251121070880067,100000
jaoh8_6200p,0.4609955740687209,10.265501499696839,0.04064382649555433,100000
jaoh8_6250p,0.4609955740687209,10.512257822401324,0.04120416943057633,100000
jaoh8_6500p,0.4609955740687209,11.784854504217305,0.04398832177675942,100000
jaoh8_6600p,0.4609955740687209,12.311277108450481,0.045093301717425885,100000
jaoh8_6750p,0.4609955740687209,13.11929623684993,0.04673898360824015,100000
jaoh8_7000p,0.4609955740687209,14.51436404944906,0.04944412883178316,100000
jaoh8_7450p,0.4609955740687209,17.166665387797284,0.054186589552781994,100000
jaoh8_6151c,0.46488347698567395,18.197294945361342,0.10538090453371082,100000
jaoh8_6200c,0.46488347698567395,17.97925570525014,0.10496796834588525,100000
jaoh8_6420c,0.46488347698567395,17.030726259568397,0.10310372386351678,100000
jaoh8_6500c,0.46488347698567395,16.697834583988175,0.10242254015302243,100000
jaoh8_6600c,0.46488347698567395,16.290548394043363,0.10156923967785077,100000
jaoh8_6775c,0.46488347698567395,15.601027870107693,0.10007230275672478,100000
jaoh8_6875c,0.46488347698567395,15.220417237481005,0.09921497815449093,100000
jaoh8_6890c,0.46488347698567395,15.164147688830113,0.09908630138589522,100000
jaoh8_7000c,0.46488347698567395,14.757857873332286,0.0981424371332558,100000
jaoh8_7110c,0.46488347698567395,14.362201069610277,0.0971991453268796,100000
jaoh8_7275c,0.46488347698567395,13.78886333868273,0.09578537141073185,100000
jaoh8_7340c,0.46488347698567395,13.569467072157957,0.09522917042668291,100000
jaoh8_7450c,0.46488347698567395,13.205782643006511,0.09429001268383035,100000
jaoh8_7475c,0.46488347698567395,13.124454935586327,0.09407695735635874,100000
jaoh8_7500c,0.46488347698567395,13.043609677975024,0.0938640626456584,100000
jaoh8_7550c,0.46488347698567395,12.883493132484752,0.09343858380222453,100000
jaoh8_7670c,0.46488347698567395,12.507354023603572,0.09241975572798003,100000
jaoh8_7700c,0.46488347698567395,12.415068127595147,0.09216563611012112,100000
jaoh8_7775c,0.46488347698567395,12.187521624398663,0.09153123682193805,100000
jaoh8_5740p,0.46488347698567395,8.222319927020191,0.03573876857503713,100000
jaoh8_5900p,0.46488347698567395,8.945230326457377,0.03754872412747206,100000
jaoh8_6000p,0.46488347698567395,9.41132455661887,0.03867768844803823,100000
jaoh8_6165p,0.46488347698567395,10.20372212621889,0.04053478288663303,100000
jaoh8_6200p,0.46488347698567395,10.375483023286916,0.040927568048971026,100000
jaoh8_6250p,0.46488347698567395,10.622937850746387,0.041488181852881986,100000
jaoh8_6500p,0.46488347698567395,11.899026818609375,0.044272685269948105,100000
jaoh8_6600p,0.46488347698567395,12.426728934192699,0.045377651355317336,100000
jaoh8_6750p,0.46488347698567395,13.236433121704321,0.04702349079187329,100000
jaoh8_7000p,0.46488347698567395,14.63399163559419,0.04972864594216534,100000
jaoh8_7450p,0.46488347698567395,17.28936378014505,0.05447203872020739,100000
jaoh8_6151c,0.46877137990262707,18.306175983896445,0.10650169417529429,100000
jaoh8_6200c,0.46877137990262707,18.088886220305785,0.10608936179616166,100000
jaoh8_6420c,0.46877137990262707,17.143564847998917,0.1042279178289346,100000
jaoh8_6500c,0.46877137990262707,16.811641931934194,0.10354799866994294,100000
jaoh8_6600c,0.46877137990262707,16.405633138792677,0.10269610118457556,100000
jaoh8_6775c,0.46877137990262707,15.71808088164101,0.10120184969761847,100000
jaoh8_6875c,0.46877137990262707,15.338519317101843,0.10034605494856383,100000
jaoh8_6890c,0.46877137990262707,15.282401716650748,0.10021760802049555,100000
jaoh8_7000c,0.46877137990262707,14.877110696444593,0.09927553878682215,100000
jaoh8_7110c,0.46877137990262707,14.482347345803362,0.09833408007521668,100000
jaoh8_7275c,0.46877137990262707,13.910200326621128,0.09692303770553244,100000
jaoh8_7340c,0.46877137990262707,13.691211855707834,0.09636792056558961,100000
jaoh8_7450c,0.46877137990262707,13.328105001457464,0.0954306502481404,100000
jaoh8_7475c,0.46877137990262707,13.246902528673557,0.09521801324067103,100000
jaoh8_7500c,0.46877137990262707,13.16618585490417,0.09500552510548008,100000
jaoh8_7550c,0.46877137990262707,13.006307325059069,0.09458086435232113,100000
jaoh8_7670c,0.46877137990262707,12.630652385719799,0.09356400049125824,100000
jaoh8_7700c,0.46877137990262707,12.53847726442875,0.09331035946518203,100000
jaoh8_7775c,0.46877137990262707,12.31118654163186,0.09267713841865245,100000
jaoh8_5740p,0.46877137990262707,8.324263272792129,0.03601883095475272,100000
jaoh8_5900p,0.46877137990262707,9.050193097032123,0.03782960154327756,100000
jaoh8_6000p,0.46877137990262707,9.518031100980572,0.03895900971399533,100000
jaoh8_6165p,0.46877137990262707,10.313124449877998,0.04081662675897881,100000
jaoh8_6200p,0.46877137990262707,10.485412726624844,0.04120953288766862,100000
jaoh8_6250p,0.46877137990262707,10.733596478022367,0.041770319724192366,100000
jaoh8_6500p,0.46877137990262707,12.013133354837677,0.04455520875503825,100000
jaoh8_6600p,0.46877137990262707,12.5421128672243,0.04566014209588074,100000
jaoh8_6750p,0.46877137990262707,13.35348713601205,0.047306150481369894,100000
jaoh8_7000p,0.46877137990262707,14.75354364698878,0.05001126310348591,100000
jaoh8_7450p,0.46877137990262707,17.411985326878288,0.05475558584921441,100000
jaoh8_6151c,0.47265928281958014,18.41502081478291,0.10762908772814939,100000
jaoh8_6200c,0.47265928281958014,18.19845665026146,0.10721739845498934,100000
jaoh8_6420c,0.47265928281958014,17.2563225086721,0.10535878354252928,100000
jaoh8_6500c,0.47265928281958014,16.925388537988738,0.10468009443146721,100000
jaoh8_6600c,0.47265928281958014,16.5206478673895,0.10382961422969256,100000
jaoh8_6775c,0.47265928281958014,15.835063545206834,0.10233804991486746,100000
jaoh8_6875c,0.47265928281958014,15.456541164783081,0.10148380258718064,100000
jaoh8_6890c,0.47265928281958014,15.40056286925936,0.10135560521319617,100000
jaoh8_7000c,0.47265928281958014,14.996265025874388,0.10041534319974738,100000
jaoh8_7110c,0.47265928281958014,14.602399373951313,0.09947571676032659,100000
jaoh8_7275c,0.47265928281958014,14.031458137681044,0.0980673961058022,100000
jaoh8_7340c,0.47265928281958014,13.812869378277949,0.0975133803563742,100000
jaoh8_7450c,0.47265928281958014,13.450350048160582,0.09657799518329066,100000
jaoh8_7475c,0.47265928281958014,13.369266505153563,0.09636578824998107,100000
jaoh8_7500c,0.47265928281958014,13.28868337942096,0.09615370288416189,100000
jaoh8_7550c,0.47265928281958014,13.129048242914424,0.09572985933981307,100000
jaoh8_7670c,0.47265928281958014,12.753886878557955,0.09471496451665637,100000
jaoh8_7700c,0.47265928281958014,12.661826120810694,0.09446180210812233,100000
jaoh8_7775c,0.47265928281958014,12.434795353688427,0.09382976662611026,100000
jaoh8_5740p,0.47265928281958014,8.42622333473778,0.03629717992127527,100000
jaoh8_5900p,0.47265928281958014,9.15514689359902,0.038108736275839473,100000
jaoh8_6000p,0.47265928281958014,9.624720022676438,0.03923855877228949,100000
jaoh8_6165p,0.47265928281958014,10.42249207570502,0.0410966672554954,100000
jaoh8_6200p,0.47265928281958014,10.595287756946814,0.041489730825820956,100000
jaoh8_6250p,0.47265928281958014,10.844221545712077,0.042050617558557844,100000
jaoh8_6500p,0.47265928281958014,12.127184561258513,0.044835868730035845,100000
jaoh8_6600p,0.47265928281958014,12.657432196187415,0.04594076991716672,100000
jaoh8_6750p,0.47265928281958014,13.47046650077827,0.04758694478378598,100000
jaoh8_7000p,0.47265928281958014,14.873002576784868,0.05029203746666193,100000
jaoh8_7450p,0.47265928281958014,17.534534973947697,0.05503721984626599,100000
jaoh8_6151c,0.4765471857365332,18.523826610740375,0.10876313549201158,100000
jaoh8_6200c,0.4765471857365332,18.307959945828653,0.10835213554726397,100000
jaoh8_6420c,0.4765471857365332,17.36900073647047,0.10649636417798203,100000
jaoh8_6500c,0.4765471857365332,17.039074860121023,0.10581887264894345,100000
jaoh8_6600c,0.4765471857365332,16.63558200587984,0.10496984167919492,100000
jaoh8_6775c,0.4765471857365332,15.951975513245,0.10348095018056663,100000
jaoh8_6875c,0.4765471857365332,15.574472129986553,0.10262828345694182,100000
jaoh8_6890c,0.4765471857365332,15.518647440801715,0.10250031432650322,100000
jaoh8_7000c,0.4765471857365332,15.115315456091622,0.1015619045643597,100000
jaoh8_7110c,0.4765471857365332,14.72236479603473,0.10062409027137811,100000
jaoh8_7275c,0.4765471857365332,14.152628234119433,0.09921850485833662,100000
jaoh8_7340c,0.4765471857365332,13.934438421734477,0.09866559741535104,100000
jaoh8_7450c,0.4765471857365332,13.57251319908064,0.09773209961319883,100000
jaoh8_7475c,0.4765471857365332,13.49155118300578,0.09752032205061698,100000
jaoh8_7500c,0.4765471857365332,13.411102466181172,0.09730864131007028,100000
jaoh8_7550c,0.4765471857365332,13.251715144328283,0.09688561529557037,100000
jaoh8_7670c,0.4765471857365332,12.87705469872172,0.09587269677556684,100000
jaoh8_7700c,0.4765471857365332,12.785114252982684,0.09562000974402608,100000
jaoh8_7775c,0.4765471857365332,12.558345365506867,0.09498916986140646,100000
jaoh8_5740p,0.4765471857365332,8.528212362682885,0.036573785613555204,100000
jaoh8_5900p,0.4765471857365332,9.26010293599577,0.038386101731013214,100000
jaoh8_6000p,0.4765471857365332,9.731387112614419,0.039516346795004896,100000
jaoh8_6165p,0.4765471857365332,10.531817853003265,0.0413749251312505,100000
jaoh8_6200p,0.4765471857365332,10.705101140911305,0.04176818237199859,100000
jaoh8_6250p,0.4765471857365332,10.954828098121903,0.042329039760476,100000
jaoh8_6500p,0.4765471857365332,12.241180971788099,0.045114668220133776,100000
jaoh8_6600p,0.4765471857365332,12.77267642307506,0.04621956849994004,100000
jaoh8_6750p,0.4765471857365332,13.58739052927239,0.047865824369942765,100000
jaoh8_7000p,0.4765471857365332,14.992363095399405,0.05057099028155676,100000
jaoh8_7450p,0.4765471857365332,17.657008213265062,0.05531695966518318,100000
jaoh8_6151c,0.4804350886534863,18.632583192220107,0.10990390059699552,100000
jaoh8_6200c,0.4804350886534863,18.417416043864172,0.10949358520262044,100000
jaoh8_6420c,0.4804350886534863,17.481592899053165,0.10764071656590811,100000
jaoh8_6500c,0.4804350886534863,17.1527087082,0.10696436712693967,100000
jaoh8_6600c,0.4804350886534863,16.750426794897663,0.10611684372864882,100000
jaoh8_6775c,0.4804350886534863,16.068809967868805,0.10463060760333301,100000
jaoh8_6875c,0.4804350886534863,15.692321532730665,0.10377953001157386,100000
jaoh8_6890c,0.4804350886534863,15.636643021927648,0.10365180078931294,100000
jaoh8_7000c,0.4804350886534863,15.234272457012255,0.10271525381906221,100000
jaoh8_7110c,0.4804350886534863,14.842245289094784,0.10177924472722352,100000
jaoh8_7275c,0.4804350886534863,14.27371283910927,0.10037640723585206,100000
jaoh8_7340c,0.4804350886534863,14.055917720055355,0.09982461986323343,100000
jaoh8_7450c,0.4804350886534863,13.69459133463921,0.09889301402630045,100000
jaoh8_7475c,0.4804350886534863,13.613759036172446,0.09868165734504945,100000
jaoh8_7500c,0.4804350886534863,13.533443052566312,0.09847038652281619,100000
jaoh8_7550c,0.4804350886534863,13.374301115082412,0.09804818763734315,100000
jaoh8_7670c,0.4804350886534863,13.000157260631614,0.09703724101275843,100000
jaoh8_7700c,0.4804350886534863,12.908337273033329,0.09678503380628285,100000
jaoh8_7775c,0.4804350886534863,12.681834149708484,0.09615539664282283,100000
jaoh8_5740p,0.4804350886534863,8.630223773056462,0.03684866170836129,100000
jaoh8_5900p,0.4804350886534863,9.365057651718132,0.0386617065175528,100000
jaoh8_6000p,0.4804350886534863,9.83803874058485,0.0397923595405911,100000
jaoh8_6165p,0.4804350886534863,10.641087173182848,0.041651439890055236,100000
jaoh8_6200p,0.4804350886534863,10.814872892101244,0.04204483883321916,100000
jaoh8_6250p,0.4804350886534863,11.065391332776276,0.042605653796370595,100000
jaoh8_6500p,0.4804350886534863,12.355130473021493,0.04539159039899831,100000
jaoh8_6600p,0.4804350886534863,12.887836865247301,0.04649656677980324,100000
jaoh8_6750p,0.4804350886534863,13.704256101801176,0.0481428033828266,100000
jaoh8_7000p,0.4804350886534863,15.111635749474457,0.05084809577595031,100000
jaoh8_7450p,0.4804350886534863,17.77940200197805,0.05559481961742148,100000
jaoh8_6151c,0.48432299157043934,18.741277238166315,0.1110514518877689,100000
jaoh8_6200c,0.48432299157043934,18.526844355000645,0.11064176103706383,100000
jaoh8_6420c,0.48432299157043934,17.594087459739328,0.10879190595994263,100000
jaoh8_6500c,0.48432299157043934,17.266279030265633,0.10811664245882928,100000
jaoh8_6600c,0.48432299157043934,16.865176936645053,0.10727067552057659,100000
jaoh8_6775c,0.48432299157043934,16.18555336363217,0.10578709002693024,100000
jaoh8_6875c,0.48432299157043934,15.81008694430979,0.10493759294100341,100000
jaoh8_6890c,0.48432299157043934,15.75455425403145,0.10481010464121696,100000
jaoh8_7000c,0.48432299157043934,15.353140715127951,0.10387543100396818,100000
jaoh8_7110c,0.48432299157043934,14.96204047794858,0.10294122770181302,100000
jaoh8_7275c,0.48432299157043934,14.394709484960432,0.10154115358952974,100000
jaoh8_7340c,0.48432299157043934,14.17730369788108,0.10099049949108675,100000
jaoh8_7450c,0.48432299157043934,13.81658298628131,0.10006078703793998,100000
jaoh8_7475c,0.48432299157043934,13.735889996461772,0.09984984079186668,100000
jaoh8_7500c,0.48432299157043934,13.655704082896811,0.09963898649399826,100000
jaoh8_7550c,0.48432299157043934,13.496810354266396,0.09921761701555377,100000
jaoh8_7670c,0.48432299157043934,13.12318521886019,0.09820865585024013,100000
jaoh8_7700c,0.48432299157043934,13.03149034232174,0.09795692676374641,100000
jaoh8_7775c,0.48432299157043934,12.805259778805725,0.09732849527449301,100000
jaoh8_5740p,0.48432299157043934,8.732270930041992,0.03712177596514194,100000
jaoh8_5900p,0.48432299157043934,9.469993645154585,0.0389355931170931,100000
jaoh8_6000p,0.48432299157043934,9.944665396727643,0.04006662164597881,100000
jaoh8_6165p,0.48432299157043934,10.750299735603866,0.04192621485413544,100000
jaoh8_6200p,0.48432299157043934,10.924622498659128,0.042319653430204995,100000
jaoh8_6250p,0.48432299157043934,11.175915141098951,0.042880452682273,100000
jaoh8_6500p,0.48432299157043934,12.469022090508536,0.045666669647381454,100000
jaoh8_6600p,0.48432299157043934,13.0029083024161,0.0467717839601892,100000
jaoh8_6750p,0.48432299157043934,13.821052895925222,0.048417916283264514,100000
jaoh8_7000p,0.48432299157043934,15.230825303011564,0.05112334524236689,100000
jaoh8_7450p,0.48432299157043934,17.901714949041562,0.05587080874961311,100000
jaoh8_6151c,0.48821089448739247,18.84990817473587,0.11220583689042715,100000
jaoh8_6200c,0.48821089448739247,18.636237973331472,0.1117967217196839,100000
jaoh8_6420c,0.48821089448739247,17.70651353675149,0.10994993210112909,100000
jaoh8_6500c,0.48821089448739247,17.379767312779585,0.10927577544119414,100000
jaoh8_6600c,0.48821089448739247,16.97985255687923,0.10843135257779779,100000
jaoh8_6775c,0.48821089448739247,16.302199052182555,0.10695045495648126,100000
jaoh8_6875c,0.48821089448739247,15.927761550600284,0.1061025300002149,100000
jaoh8_6890c,0.48821089448739247,15.87238499061194,0.10597526753900526,100000
jaoh8_7000c,0.48821089448739247,15.471917626475966,0.10504248741622473,100000
jaoh8_7110c,0.48821089448739247,15.081755360680427,0.10411007937561,100000
jaoh8_7275c,0.48821089448739247,14.515610970872366,0.10271280143798868,100000
jaoh8_7340c,0.48821089448739247,14.29859971302658,0.10216327876100903,100000
jaoh8_7450c,0.48821089448739247,13.93848622384666,0.10123546834165209,100000
jaoh8_7475c,0.48821089448739247,13.85793616580009,0.10102493027571302,100000
jaoh8_7500c,0.48821089448739247,13.777886156612094,0.10081448734839964,100000
jaoh8_7550c,0.48821089448739247,13.619242951841438,0.1003939501524736,100000
jaoh8_7670c,0.48821089448739247,13.24613817771403,0.09938698834638043,100000
jaoh8_7700c,0.48821089448739247,13.15457154396852,0.09913573761668851,100000
jaoh8_7775c,0.48821089448739247,12.928619618528574,0.09850851545955013,100000
jaoh8_5740p,0.48821089448739247,8.834341109162098,0.03739315714777546,100000
jaoh8_5900p,0.48821089448739247,9.574928694125832,0.039207718940592926,100000
jaoh8_6000p,0.48821089448739247,10.051277072012654,0.04033910988943273,100000
jaoh8_6165p,0.48821089448739247,10.859452009384007,0.04219926151757107,100000
jaoh8_6200p,0.48821089448739247,11.034343132976732,0.04259264657900323,100000
jaoh8_6250p,0.48821089448739247,11.286399268709477,0.04315344041379961,100000
jaoh8_6500p,0.48821089448739247,12.582837389009269,0.045939960741648064,100000
jaoh8_6600p,0.48821089448739247,13.117910938637056,0.04704516878428646,100000
jaoh8_6750p,0.48821089448739247,13.937781977332458,0.048691165279944264,100000
jaoh8_7000p,0.48821089448739247,15.349929230346357,0.05139675159005257,100000
jaoh8_7450p,0.48821089448739247,18.023945202593683,0.05614493756208692,100000
jaoh8_6151c,0.4920987974043456,18.95847574072913,0.11336710315623581,100000
jaoh8_6200c,0.4920987974043456,18.74559930897322,0.11295851058866364,100000
jaoh8_6420c,0.4920987974043456,17.81886737999989,0.11111484859252235,100000
jaoh8_6500c,0.4920987974043456,17.493179394936174,0.11044180438591585,100000
jaoh8_6600c,0.4920987974043456,17.094449306975672,0.10959892943367028,100000
jaoh8_6775c,0.4920987974043456,16.418757426476557,0.10812073437701313,100000
jaoh8_6875c,0.4920987974043456,16.045358717449506,0.1072743689972831,100000
jaoh8_6890c,0.4920987974043456,15.990113920783568,0.107147369316792,100000
jaoh8_7000c,0.4920987974043456,15.59059730773415,0.1062164796038871,100000
jaoh8_7110c,0.4920987974043456,15.201382629515832,0.10528585824381387,100000
jaoh8_7275c,0.4920987974043456,14.636424099834583,0.10389138885900331,100000
jaoh8_7340c,0.4920987974043456,14.419803035754759,0.10334300913167231,100000
jaoh8_7450c,0.4920987974043456,14.060305510793441,0.10241709925222708,100000
jaoh8_7475c,0.4920987974043456,13.97990083808823,0.10220696871709142,100000
jaoh8_7500c,0.4920987974043456,13.89998377857659,0.10199694400163017,100000
jaoh8_7550c,0.4920987974043456,13.741593786859013,0.10157724130135234,100000
jaoh8_7670c,0.4920987974043456,13.369017908039268,0.10057228313318793,100000
jaoh8_7700c,0.4920987974043456,13.277581452658485,0.10032151252002315,100000
jaoh8_7775c,0.4920987974043456,13.051916331814045,0.09969550040061001,100000
jaoh8_5740p,0.4920987974043456,8.936432352676501,0.03766280908738253,100000
jaoh8_5900p,0.4920987974043456,9.679853400093574,0.03947810737771874,100000
jaoh8_6000p,0.4920987974043456,10.157862226260917,0.040609854308667426,100000
jaoh8_6165p,0.4920987974043456,10.968588638247338,0.042470468113157904,100000
jaoh8_6200p,0.4920987974043456,11.144037284262293,0.04286381514099684,100000
jaoh8_6250p,0.4920987974043456,11.396840919047744,0.043424627614160036,100000
jaoh8_6500p,0.4920987974043456,12.69658228680967,0.04621145189027112,100000
jaoh8_6600p,0.4920987974043456,13.23284050437731,0.04731673802186865,100000
jaoh8_6750p,0.4920987974043456,14.054423904069015,0.048962611067186176,100000
jaoh8_7000p,0.4920987974043456,15.468941727248353,0.0516683374712274,100000
jaoh8_7450p,0.4920987974043456,18.14609730518428,0.056417196043636916,100000
jaoh8_6151c,0.49598670032129866,19.067022213100046,0.11453522748750544,100000
jaoh8_6200c,0.49598670032129866,18.854909536793375,0.11412720690091324,100000
jaoh8_6420c,0.49598670032129866,17.931161245499254,0.11228668371712762,100000
jaoh8_6500c,0.49598670032129866,17.606514821741747,0.1116147780581698,100000
jaoh8_6600c,0.49598670032129866,17.208966525337658,0.1107734553009083,100000
jaoh8_6775c,0.49598670032129866,16.535253593196128,0.10929793839911578,100000
jaoh8_6875c,0.49598670032129866,16.16286216666627,0.10845318264140816,100000
jaoh8_6890c,0.49598670032129866,16.107738381750753,0.10832646222600217,100000
jaoh8_7000c,0.49598670032129866,15.709191152356867,0.10739743915153209,100000
jaoh8_7110c,0.49598670032129866,15.320914976402278,0.10646862316213022,100000
jaoh8_7275c,0.49598670032129866,14.757148535477034,0.10507696449548637,100000
jaoh8_7340c,0.49598670032129866,14.540913700363216,0.10452973860814567,100000
jaoh8_7450c,0.49598670032129866,14.182046638726028,0.10360571975941012,100000
jaoh8_7475c,0.49598670032129866,14.101779729511538,0.10339600986085246,100000
jaoh8_7500c,0.49598670032129866,14.021999123832975,0.10318640131869693,100000
jaoh8_7550c,0.49598670032129866,13.863863855252163,0.10276753684519355,100000
jaoh8_7670c,0.49598670032129866,13.491830221983943,0.1017645799584434,100000
jaoh8_7700c,0.49598670032129866,13.400519926003732,0.10151429905106397,100000
jaoh8_7775c,0.49598670032129866,13.175146588232858,0.10088950164421188,100000
jaoh8_5740p,0.49598670032129866,9.038535031509788,0.03793075368043868,100000
jaoh8_5900p,0.49598670032129866,9.784762348740728,0.03974677252714082,100000
jaoh8_6000p,0.49598670032129866,10.264436306341262,0.04087881816331394,100000
jaoh8_6165p,0.49598670032129866,11.077691588672222,0.04273988395726133,100000
jaoh8_6200p,0.49598670032129866,11.253686207273171,0.043133210585479594,100000
jaoh8_6250p,0.49598670032129866,11.507243134920978,0.043694009650749974,100000
jaoh8_6500p,0.49598670032129866,12.810256408805971,0.04648114864436974,100000
jaoh8_6600p,0.49598670032129866,13.347696417930017,0.047586498079330276,100000
jaoh8_6750p,0.49598670032129866,14.170975714834379,0.04923226733526757,100000
jaoh8_7000p,0.49598670032129866,15.587874267061794,0.05193807384163267,100000
jaoh8_7450p,0.49598670032129866,18.26817712830759,0.056687569818996655,100000
jaoh8_6151c,0.4998746032382517,19.175529837447545,0.11571028791322657,100000
jaoh8_6200c,0.4998746032382517,18.964174455030978,0.11530284927539496,100000
jaoh8_6420c,0.4998746032382517,18.043393835273758,0.11346548811424524,100000
jaoh8_6500c,0.4998746032382517,17.719779316274515,0.11279473598329784,100000
jaoh8_6600c,0.4998746032382517,17.323401723795076,0.11195498267718,100000
jaoh8_6775c,0.4998746032382517,16.651660743957386,0.11048215648554224,100000
jaoh8_6875c,0.4998746032382517,16.28025484569098,0.10963904509495045,100000
jaoh8_6890c,0.4998746032382517,16.22526633754575,0.10951258307644203,100000
jaoh8_7000c,0.4998746032382517,15.827697990396755,0.1085854165394305,100000
jaoh8_7110c,0.4998746032382517,15.440341155797539,0.10765843903280424,100000
jaoh8_7275c,0.4998746032382517,14.877779151306818,0.1062695841631827,100000
jaoh8_7340c,0.4998746032382517,14.661931011878607,0.10572351669900908,100000
jaoh8_7450c,0.4998746032382517,14.303702778562029,0.10480138761782971,100000
jaoh8_7475c,0.4998746032382517,14.223576526987662,0.10459209701964858,100000
jaoh8_7500c,0.4998746032382517,14.14393006314499,0.10438291049632391,100000
jaoh8_7550c,0.4998746032382517,13.986045350220435,0.10396489551034022,100000
jaoh8_7670c,0.4998746032382517,13.614572178697522,0.10296393068072908,100000
jaoh8_7700c,0.4998746032382517,13.52338619061574,0.10271414608356479,100000
jaoh8_7775c,0.4998746032382517,13.298308676614482,0.10209056907476441,100000
jaoh8_5740p,0.4998746032382517,9.140633596902383,0.0381970272356767,100000
jaoh8_5900p,0.4998746032382517,9.889645546105735,0.04001373952044006,100000
jaoh8_6000p,0.4998746032382517,10.371002292447796,0.04114599551340024,100000
jaoh8_6165p,0.4998746032382517,11.186778039841945,0.043007467581805174,100000
jaoh8_6200p,0.4998746032382517,11.36329578094143,0.04340082080487768,100000
jaoh8_6250p,0.4998746032382517,11.617583166074194,0.043961649657020214,100000
jaoh8_6500p,0.4998746032382517,12.923865558769386,0.046749039441192554,100000
jaoh8_6600p,0.4998746032382517,13.462476271818089,0.047854460456772004,100000
jaoh8_6750p,0.4998746032382517,14.287440129454197,0.04950013124630609,100000
jaoh8_7000p,0.4998746032382517,15.706725760532336,0.05220596927229753,100000
jaoh8_7450p,0.4998746032382517,18.39017792357424,0.05695608510620257,100000
