valuation_date,apo_expiry,contracts,positive_volume_contracts,iv_solved,iv_solved_fraction,sigma_p_posterior_mean,full_sample_sigma_q,full_sample_sigma_q_minus_sigma_p,full_sample_calibration_rmse,median_contract_iv,mean_contract_iv,sd_contract_iv
2026-08-25,2026-09,28,1,28,1.0,0.4159071885081959,0.44778678777156633,0.03187959926337042,0.07957514267266676,0.4780797802842892,0.49166922011752356,0.05467213936683998
2026-08-26,2026-09,27,0,27,1.0,0.4156123363824248,0.45153441109783604,0.035922074715411256,0.06636427493345078,0.4782555828700233,0.4893774851473577,0.04605480608758322
2026-08-27,2026-09,27,1,27,1.0,0.4154825254006624,0.4435909675067126,0.028108442106050235,0.06765393375363987,0.4669842117875586,0.4792130952406704,0.045747540066299254
2026-08-28,2026-09,26,1,26,1.0,0.4151487711068752,0.4194031320901759,0.004254360983300676,0.05445156004587018,0.4442619421817209,0.4546866129756873,0.043079405445050664
2026-08-31,2026-09,26,1,26,1.0,0.415232766409877,0.4455121560325709,0.030279389622693886,0.04088328777529085,0.45955683259984037,0.47266411648469114,0.036790389503217745
2026-09-01,2026-09,27,1,27,1.0,0.4159191846500108,0.49167509468569043,0.07575591003567961,0.049170204168385634,0.5028073337489354,0.5138353000563675,0.03585555503618861
2026-09-02,2026-09,23,1,23,1.0,0.4158493749372105,0.46723674200888027,0.05138736707166974,0.042853674772587405,0.4944741369926147,0.4919271435637385,0.029705266143565903
2026-09-03,2026-09,22,1,22,1.0,0.415442454433504,0.45573572889076613,0.04029327445726211,0.03611675154152926,0.476607043889248,0.48274777120935897,0.03162377574938353
2026-09-04,2026-09,20,0,20,1.0,0.4152590507049439,0.44754089144247405,0.032281840737530154,0.03199760523472751,0.4617008394593498,0.47237443364860787,0.02925309330924661
2026-08-25,2026-10,3,0,3,1.0,0.4159071885081959,0.43844500467189357,0.022537816163697655,0.1551017932923918,0.433233070647847,0.441145876758197,0.019131355924194685
2026-08-26,2026-10,27,0,27,1.0,0.4156123363824248,0.45478495929306656,0.039172622910641774,0.256152310705334,0.4867831368804871,0.49957288133313277,0.07199040250050592
2026-08-27,2026-10,27,1,27,1.0,0.4154825254006624,0.4541001219216757,0.03861759652101332,0.2570876529094202,0.4825195708884963,0.4955232638020211,0.07153252499808307
2026-08-28,2026-10,27,1,27,1.0,0.4151487711068752,0.4373344906823975,0.02218571957552229,0.23083372921860046,0.4661394086095074,0.48044290280744345,0.07128909292194313
2026-08-31,2026-10,27,1,27,1.0,0.415232766409877,0.4468800934825123,0.03164732707263529,0.2012791962076229,0.46466828149159883,0.4804705670229387,0.06698533580283919
2026-09-01,2026-10,27,2,27,1.0,0.4159191846500108,0.48592028822648936,0.07000110357647854,0.22581982587391763,0.4921717066101524,0.5069872590096778,0.06199582837288286
2026-09-02,2026-10,28,1,28,1.0,0.4158493749372105,0.4745193089094722,0.05866993397226167,0.21023945557486132,0.483705807085814,0.4943143358367023,0.060356816145150365
2026-09-03,2026-10,28,0,28,1.0,0.415442454433504,0.46462665427576444,0.04918419984226041,0.199995514325421,0.4746349540596792,0.4853337815446218,0.0601591658927019
2026-09-04,2026-10,29,0,29,1.0,0.4152590507049439,0.4462537214934947,0.030994670788550782,0.17810733799974568,0.4505616495016899,0.4682979063868089,0.060819140408064215
2026-09-08,2026-10,29,0,29,1.0,0.4149296148914277,0.45965632046470495,0.04472670557327724,0.12843275570826346,0.4607826615219837,0.479312510462557,0.054013515781869935
2026-09-09,2026-10,29,0,29,1.0,0.415040877352261,0.4751354542620487,0.0600945769097877,0.15709330654676848,0.4721522820392717,0.4917518007847594,0.05712304201800815
2026-09-10,2026-10,29,0,29,1.0,0.4166311397436242,0.5489639282827785,0.1323327885391543,0.21110742818156866,0.5426466105715294,0.5557785848662343,0.05173882902872747
2026-08-25,2026-11,25,0,25,1.0,0.4159071885081959,0.4384669379179497,0.022559749409753804,0.3118417344845661,0.452460821480863,0.44991867778696076,0.03170625328376387
2026-08-26,2026-11,25,0,25,1.0,0.4156123363824248,0.445173472462683,0.029561136080258232,0.3110815543900117,0.45832824802853295,0.45626742666566505,0.03163744239494589
2026-08-27,2026-11,25,3,25,1.0,0.4154825254006624,0.4436451570321707,0.02816263163150834,0.3097207794549452,0.4559097591834327,0.4535489508647015,0.03118988787760124
2026-08-28,2026-11,25,1,25,1.0,0.4151487711068752,0.4319043237551785,0.016755552648303307,0.2885528951685852,0.44460588363346276,0.44231343580388505,0.030155829105624078
2026-08-31,2026-11,25,1,25,1.0,0.415232766409877,0.4363465733732481,0.021113806963371118,0.25459870990587236,0.44333437702271467,0.4430291746677385,0.02616941032078035
2026-09-01,2026-11,25,2,25,1.0,0.4159191846500108,0.46313211767830115,0.04721293302829033,0.2863499629386093,0.4672205956138537,0.46559222754428164,0.026616486493780348
2026-09-02,2026-11,26,1,26,1.0,0.4158493749372105,0.45458819246627596,0.03873881752906544,0.28684131823308967,0.45899126544154223,0.45701188285999667,0.027035130929182496
2026-09-03,2026-11,26,0,26,1.0,0.415442454433504,0.4481309547351183,0.0326885003016143,0.28917623564223444,0.45408352321691836,0.451302460068379,0.027934862635413074
2026-09-04,2026-11,27,0,27,1.0,0.4152590507049439,0.4339292498943328,0.018670199189388892,0.2607305921475758,0.43772636333407433,0.4368248476651045,0.02550476939995022
2026-09-08,2026-11,27,0,27,1.0,0.4149296148914277,0.44256429869955466,0.027634683808126947,0.21279994274037328,0.44212602994529476,0.4440430770837733,0.020794251658681855
2026-09-09,2026-11,27,0,27,1.0,0.415040877352261,0.4521422991690553,0.03710142181679432,0.23063814993626439,0.4500476450259455,0.4512552944026464,0.021756645899642966
2026-09-10,2026-11,27,0,27,1.0,0.4166311397436242,0.4980989021889285,0.08146776244530429,0.24811770591068627,0.4931033600905616,0.4927784221669938,0.022094528812528897
2026-08-25,2027-03,21,0,21,1.0,0.4159071885081959,0.35312553099223093,-0.06278165751596498,0.07281837457402333,0.35223989763760294,0.3533575825768169,0.0037739344483275323
2026-08-26,2027-03,21,1,21,1.0,0.4156123363824248,0.3585703280658763,-0.05704200831654849,0.07444617821577462,0.3579701721523039,0.3588044534632628,0.0038414722320757677
2026-08-27,2027-03,22,1,22,1.0,0.4154825254006624,0.35845630643607046,-0.057026218964591924,0.07151948411637386,0.35758710322073695,0.3586811478361504,0.003697231166892135
2026-08-28,2027-03,23,1,23,1.0,0.4151487711068752,0.3524727644357179,-0.0626760066711573,0.06028620290018173,0.35178362985026496,0.35269109357849737,0.0031320720031298224
2026-08-31,2027-03,23,1,23,1.0,0.415232766409877,0.3553699743641315,-0.059862792045745516,0.05424864138487239,0.35454667951974816,0.35555622338334364,0.0027717445823255294
2026-09-01,2027-03,24,1,24,1.0,0.4159191846500108,0.36745497135518645,-0.048464213294824365,0.06338376216180837,0.3666974015702392,0.3676209011170762,0.0031685404937839647
2026-09-02,2027-03,26,1,26,1.0,0.4158493749372105,0.36285906191869244,-0.05299031301851809,0.057988341569423056,0.36200073596288784,0.36297101849991376,0.0029130611564352504
2026-09-03,2027-03,26,1,26,1.0,0.415442454433504,0.36115125735089104,-0.054291197082612985,0.07289043799590429,0.360352345631172,0.36128928695616125,0.003726920764891673
2026-09-04,2027-03,27,3,27,1.0,0.4152590507049439,0.3558426400576751,-0.059416410647268825,0.06031485146491831,0.35467540431196154,0.35597957678070924,0.003032199514537732
2026-09-08,2027-03,27,3,27,1.0,0.4149296148914277,0.3607346156482967,-0.05419499924313104,0.057049459573225034,0.3600655529878197,0.36097502184585983,0.0029675728268896704
2026-09-09,2027-03,28,2,28,1.0,0.415040877352261,0.3647971575222081,-0.05024371983005288,0.048364393058352884,0.36418042754431446,0.3650183389178651,0.002556790678008526
2026-09-10,2027-03,30,1,30,1.0,0.4166311397436242,0.37816313852155164,-0.038468001222072556,0.04270319288909698,0.37789029114207096,0.3783835697439546,0.00231653455512529
2026-09-11,2027-03,31,2,31,1.0,0.4165026203486327,0.37411474649731563,-0.04238787385131709,0.04794480495006397,0.37331533662038696,0.37426869673370294,0.0024880503373223227
2026-09-14,2027-03,31,2,31,1.0,0.4164221067765169,0.3748326318745437,-0.041589474901973233,0.06277597151966893,0.3740497185211562,0.375294299302461,0.003545819256101127
2026-08-25,2027-09,33,0,33,1.0,0.4159071885081959,0.2944705268178734,-0.12143666169032252,0.24014581282423564,0.29454641696461803,0.29595016391026147,0.010528383102448515
2026-08-26,2027-09,33,0,33,1.0,0.4156123363824248,0.29896596765820843,-0.11664636872421635,0.23777662261165206,0.29901678793468667,0.30038454935402154,0.01041703918073679
2026-08-27,2027-09,33,1,33,1.0,0.4154825254006624,0.3006457984424397,-0.11483672695822267,0.23531036034720212,0.3007146252740163,0.3020130128960902,0.010279453310957936
2026-08-28,2027-09,33,0,33,1.0,0.4151487711068752,0.2968944643222725,-0.11825430678460269,0.23574935210195003,0.2969689116017266,0.2983003774210704,0.01034638092440537
2026-08-31,2027-09,33,0,33,1.0,0.415232766409877,0.29814011506911164,-0.11709265134076535,0.24669259645273994,0.298415956507132,0.2997324995516794,0.01089552619088794
2026-09-01,2027-09,33,1,33,1.0,0.4159191846500108,0.30526704539282,-0.1106521392571908,0.2423944072685514,0.30561050178807836,0.30691329180166327,0.010768059863556462
2026-09-02,2027-09,33,1,33,1.0,0.4158493749372105,0.2991045963213473,-0.11674477861586324,0.24760849378472022,0.29946177157209825,0.3007165176722484,0.010988601713471893
2026-09-03,2027-09,33,0,33,1.0,0.415442454433504,0.29999602647075146,-0.11544642796275256,0.230758381863461,0.2997275779499052,0.30133171199652214,0.010218694777883864
2026-09-04,2027-09,33,3,33,1.0,0.4152590507049439,0.2964719058540329,-0.11878714485091102,0.2463263862706295,0.2968172356763964,0.29812850912889777,0.010961976826043334
2026-09-08,2027-09,33,3,33,1.0,0.4149296148914277,0.30027333694115566,-0.11465627795027206,0.25456501014044775,0.3008839797574806,0.3020989097075747,0.011412827354279011
2026-09-09,2027-09,33,1,33,1.0,0.415040877352261,0.301960346686698,-0.11308053066556295,0.2651832028943664,0.30290023460114895,0.30384429213994846,0.011867820175102349
2026-09-10,2027-09,33,3,33,1.0,0.4166311397436242,0.308267729939734,-0.1083634098038902,0.26337694464012973,0.3092384828562561,0.3101909556664322,0.011770867692567865
2026-09-11,2027-09,33,0,33,1.0,0.4165026203486327,0.3084975908202744,-0.10800502952835833,0.258106681612869,0.30920443425839017,0.31038725167381953,0.011580746827769264
2026-09-14,2027-09,33,0,33,1.0,0.4164221067765169,0.30603783154178,-0.11038427523473693,0.2739025460242261,0.3070542540280907,0.30810738429371143,0.01235800027579646
2026-08-21,2028-03,29,0,29,1.0,0.4159189634594484,0.2578276079275227,-0.15809135553192571,0.2652687065576833,0.25810993539947685,0.2592680115549446,0.009355601242292528
2026-08-24,2028-03,29,0,29,1.0,0.4158820804801681,0.25800345877554237,-0.15787862170462574,0.2574326421531627,0.2582754127405057,0.2593013318717344,0.009099207223472777
2026-08-25,2028-03,29,0,29,1.0,0.4159071885081959,0.25922903378908163,-0.15667815471911428,0.24815103768286484,0.2591893277051792,0.2603796777719774,0.008789315471036264
2026-08-26,2028-03,29,0,29,1.0,0.4156123363824248,0.2643730422050919,-0.1512392941773329,0.24751084308477514,0.2642038460353123,0.2654748261706859,0.00876008910410656
2026-08-27,2028-03,29,0,29,1.0,0.4154825254006624,0.2671210071189716,-0.1483615182816908,0.24430782959033764,0.2669863200277038,0.2681671432800406,0.008649244051492602
2026-08-28,2028-03,29,2,29,1.0,0.4151487711068752,0.2628339866959771,-0.15231478441089813,0.25514813986002444,0.26315562062961023,0.2639374289774455,0.009031091117840574
2026-08-31,2028-03,30,0,30,1.0,0.415232766409877,0.2629411155956256,-0.1522916508142514,0.25971640171037624,0.26293314418633795,0.2641350270288814,0.009215304020390162
2026-09-01,2028-03,30,3,30,1.0,0.4159191846500108,0.27039496321153245,-0.14552422143847837,0.37412873728346596,0.271508026254774,0.2721008358457965,0.013055890603200714
2026-09-02,2028-03,30,0,30,1.0,0.4158493749372105,0.2656531003068851,-0.15019627463032542,0.3689656362357723,0.26651407789089143,0.2672634537998428,0.012935211262665901
2026-09-03,2028-03,30,0,30,1.0,0.415442454433504,0.26642290308027156,-0.14901955135323247,0.36041747271469404,0.26658438296352616,0.2677937135792784,0.012692191231893354
2026-09-04,2028-03,30,0,30,1.0,0.4152590507049439,0.26004163485751997,-0.15521741584742393,0.3711801016093376,0.26093045767334466,0.26172608812263753,0.01304095256338578
2026-09-08,2028-03,30,0,30,1.0,0.4149296148914277,0.2628531946281891,-0.1520764202632386,0.37291869029954794,0.26395306764487336,0.2646149458564701,0.013124160332422473
2026-09-09,2028-03,30,0,30,1.0,0.415040877352261,0.26497514431187114,-0.15006573304038984,0.3720868000871893,0.2662285414511181,0.2667236301268608,0.01309761802263276
2026-09-10,2028-03,30,1,30,1.0,0.4166311397436242,0.2700225912515457,-0.1466085484920785,0.3923281212902976,0.2711267395854709,0.2719492148804709,0.013802358480901873
2026-09-11,2028-03,30,0,30,1.0,0.4165026203486327,0.27167303172755747,-0.14482958862107526,0.39229056889490754,0.27296194374694993,0.2735982012102897,0.013828955052290481
2026-09-14,2028-03,30,0,30,1.0,0.4164221067765169,0.2686705439899813,-0.14775156278653562,0.39034371582617655,0.2696823025874871,0.2706186542452267,0.013825743697837978
2026-08-21,2028-09,27,1,27,1.0,0.4159189634594484,0.23694461007469317,-0.17897435338475523,0.4206217479976848,0.23660824060876032,0.23979258152448124,0.014817458351302255
2026-08-24,2028-09,27,0,27,1.0,0.4158820804801681,0.23707758794090641,-0.1788044925392617,0.4113881920201601,0.23617519376965956,0.23977009504073127,0.014594969843239904
2026-08-25,2028-09,27,0,27,1.0,0.4159071885081959,0.2383331062265133,-0.17757408228168262,0.4052024732510099,0.23726853035963658,0.2408692823027696,0.014409745703323677
2026-08-26,2028-09,27,0,27,1.0,0.4156123363824248,0.24363061380732448,-0.1719817225751003,0.40609779006042607,0.24235262530040505,0.2461068117729815,0.014379465485545043
2026-08-27,2028-09,27,0,27,1.0,0.4154825254006624,0.24392273276960277,-0.1715597926310596,0.39983311990347375,0.2424059217110687,0.24631239882547806,0.014211751243748884
2026-08-28,2028-09,27,1,27,1.0,0.4151487711068752,0.24042903519483513,-0.17471973591204007,0.39854566893147164,0.23899202756993315,0.24284410443859678,0.014209975005423888
2026-08-31,2028-09,27,0,27,1.0,0.415232766409877,0.24104850141672718,-0.17418426499314982,0.40294533176955977,0.23979153304275913,0.24355530659862112,0.014390366308567739
2026-09-01,2028-09,27,2,27,1.0,0.4159191846500108,0.247370430080575,-0.16854875456943583,0.5575255532905475,0.24688539374461987,0.25074657926831895,0.019492098243578816
2026-09-02,2028-09,27,0,27,1.0,0.4158493749372105,0.24211232169201719,-0.17373705324519334,0.550003843727987,0.24149175530095784,0.24542606194550917,0.019389054478138976
2026-09-03,2028-09,27,0,27,1.0,0.415442454433504,0.2412261113647721,-0.17421634306873193,0.5355675383747551,0.2396968128804359,0.2442525445426036,0.019000332006575082
2026-09-04,2028-09,27,0,27,1.0,0.4152590507049439,0.23847801479792058,-0.17678103590702332,0.5523403446324104,0.23794004701487842,0.24188568331257224,0.019510864940666905
2026-09-08,2028-09,27,0,27,1.0,0.4149296148914277,0.24074847493469478,-0.17418113995673293,0.5549742190823408,0.24033860081599964,0.244212469249566,0.019618950166907023
2026-09-09,2028-09,27,0,27,1.0,0.415040877352261,0.24198766729312043,-0.17305321005914054,0.5522587263242407,0.24152890758414983,0.24540215611968072,0.019544253802967402
2026-09-10,2028-09,27,0,27,1.0,0.4166311397436242,0.2459725239982383,-0.1706586157453859,0.5602848398469632,0.24593455391952918,0.2494770041519738,0.019770350024437663
2026-09-11,2028-09,27,0,27,1.0,0.4165026203486327,0.24469586689018571,-0.171806753458447,0.557205155297936,0.24455381286909908,0.24819083204382272,0.019724610946309548
2026-09-14,2028-09,27,0,27,1.0,0.4164221067765169,0.24207152007450575,-0.17435058670201117,0.5547427689774886,0.24175417627489199,0.24559821387854977,0.019747103318633042
