folder,csv_file,contract,root_symbol,expiration,right,strike,strike_code,has_source_page,first_date,last_date,calendar_days,sessions,open_observations,high_observations,low_observations,price_observations,price_completeness_pct,available_measurement_fields,measurement_field_count,measurement_completeness_pct,nonzero_price_sessions,first_latest,last_latest,min_latest,max_latest,mean_latest,std_latest,change_observations,mean_absolute_change,pct_change_observations,mean_absolute_pct_change,volume_observations,nonzero_volume_sessions,nonzero_volume_pct,total_volume,mean_volume,max_volume,open_interest_observations,nonzero_open_interest_sessions,nonzero_open_interest_pct,last_open_interest,max_open_interest,mean_open_interest,source_csv_files,source_csv_count,information_score,information_tier,information_score_definition,information_rank
nov2026,jaox6_8000p_price-history-09-12-2026.csv,jaox6_8000p,JAOX6,2026-11,put,80.00,8000,no,2025-05-21,2026-09-11,479,329,329,329,329,329,100.0,8,8,100.0,329,19.87,2.42,2.03,24.22,15.9451,5.53768,329,0.514742,329,4.00571,329,6,1.8237082066869301,3566,10.8389,1250,329,328,99.69604863221885,0,3560,3463.95,jaox6_8000p_price-history-09-12-2026.csv,1,100.0,rich,45% session count + 30% calendar span + 25% numeric-field completeness,1
sep2028,jaou8_5700p_price-history-09-14-2026.csv,jaou8_5700p,JAOU8,2028-09,put,57.00,5700,no,2025-08-08,2026-09-14,403,276,276,276,276,276,100.0,8,8,100.0,276,6.64,4.43,3.84,7.84,5.85946,1.26125,276,0.123043,276,2.21014,276,0,0.0,0,0,0,276,276,100.0,14,14,14,jaou8_5700p_price-history-09-14-2026.csv,1,87.99,rich,45% session count + 30% calendar span + 25% numeric-field completeness,2
sep2028,jaou8_6570c_price-history-09-14-2026.csv,jaou8_6570c,JAOU8,2028-09,call,65.70,6570,no,2025-08-08,2026-09-14,403,276,276,276,276,276,100.0,8,8,100.0,276,6.84,10,5.32,12.82,8.34899,1.75178,276,0.26721,276,3.07757,276,0,0.0,0,0,0,276,276,100.0,14,14,14,jaou8_6570c_price-history-09-14-2026.csv,1,87.99,rich,45% session count + 30% calendar span + 25% numeric-field completeness,3
nov2026,jaox6_9000p_price-history-09-12-2026.csv,jaox6_9000p,JAOX6,2026-11,put,90.00,9000,no,2025-09-30,2026-09-11,347,239,239,239,239,239,100.0,8,8,100.0,239,28.7,6.68,5.81,33.55,22.8864,7.2461,239,0.700418,239,3.65301,239,0,0.0,0,0,0,239,238,99.581589958159,0,400,398.326,jaox6_9000p_price-history-09-12-2026.csv,1,79.42,rich,45% session count + 30% calendar span + 25% numeric-field completeness,4
nov2026,jaox6_9000c_price-history-09-12-2026.csv,jaox6_9000c,JAOX6,2026-11,call,90.00,9000,no,2025-10-20,2026-09-11,327,225,225,225,225,225,100.0,8,8,100.0,225,0.7,7.16,0.39,8.73,2.7588,2.09098,225,0.362533,225,11.7764,225,9,4.0,390,1.73333,100,225,224,99.55555555555556,0,339,120.253,jaox6_9000c_price-history-09-12-2026.csv,1,76.26,rich,45% session count + 30% calendar span + 25% numeric-field completeness,5
sep2026,jaou6_10000c_price-history-09-12-2026.csv,jaou6_10000c,JAOU6,2026-09,call,100.00,10000,no,2025-11-06,2026-09-11,310,212,212,212,212,212,100.0,8,8,100.0,212,0.36,0.88,0.08,7.34,1.74967,1.76548,212,0.305142,212,21.7717,212,20,9.433962264150944,4621,21.7972,900,212,211,99.52830188679245,0,1716,1151.6,jaou6_10000c_price-history-09-12-2026.csv,1,73.41,rich,45% session count + 30% calendar span + 25% numeric-field completeness,6
nov2026,jaox6_10000c_price-history-09-12-2026.csv,jaox6_10000c,JAOX6,2026-11,call,100.00,10000,no,2025-11-06,2026-09-11,310,212,212,212,212,212,100.0,8,8,100.0,212,0.45,3.94,0.24,5.82,1.84349,1.38522,212,0.26566,212,13.222,212,20,9.433962264150944,4606,21.7264,650,212,211,99.52830188679245,0,1636,1200.21,jaox6_10000c_price-history-09-12-2026.csv,1,73.41,rich,45% session count + 30% calendar span + 25% numeric-field completeness,7
sep2028,jaou8_5740p_price-history-09-14-2026.csv,jaou8_5740p,JAOU8,2028-09,put,57.40,5740,no,2025-11-28,2026-09-14,291,198,198,198,198,198,100.0,8,8,100.0,198,7.73,4.54,3.94,8.01,5.61566,1.3171,198,0.128535,198,2.39485,198,0,0.0,0,0,0,198,198,100.0,9,9,9,jaou8_5740p_price-history-09-14-2026.csv,1,70.31,rich,45% session count + 30% calendar span + 25% numeric-field completeness,8
jun2029,jaou8_6151c_price-history-09-14-2026.csv,jaou8_6151c,JAOU8,2028-09,call,61.51,6151,no,2025-11-28,2026-09-14,291,198,198,198,198,198,100.0,8,8,100.0,198,8.43,12.44,6.88,15.29,10.9011,2.13106,198,0.346717,198,3.12818,198,0,0.0,0,0,0,198,198,100.0,9,9,9,jaou8_6151c_price-history-09-14-2026.csv; jaou8_6151c_price-history-09-14-2026.csv,2,70.31,rich,45% session count + 30% calendar span + 25% numeric-field completeness,9
sep2028,jaou8_5500p_price-history-09-14-2026.csv,jaou8_5500p,JAOU8,2028-09,put,55.00,5500,no,2026-01-20,2026-09-14,238,164,164,164,164,164,100.0,8,8,100.0,164,6.39,3.92,3.33,6.73,4.50445,0.966928,164,0.11811,164,2.69512,164,7,4.2682926829268295,75,0.457317,30,164,164,100.0,78,81,76.3354,jaou8_5500p_price-history-09-14-2026.csv,1,62.34,moderate,45% session count + 30% calendar span + 25% numeric-field completeness,10
sep2028,jaou8_6500c_price-history-09-14-2026.csv,jaou8_6500c,JAOU8,2028-09,call,65.00,6500,no,2026-01-20,2026-09-14,238,164,164,164,164,164,100.0,8,8,100.0,164,6.77,10.39,6.77,13.22,9.71744,1.55707,164,0.353049,164,3.6028,164,0,0.0,0,0,0,164,164,100.0,30,30,30,jaou8_6500c_price-history-09-14-2026.csv,1,62.34,moderate,45% session count + 30% calendar span + 25% numeric-field completeness,11
jun2029,jaom9_5500p_price-history-09-14-2026.csv,jaom9_5500p,JAOM9,2029-06,put,55.00,5500,no,2026-01-22,2026-09-14,236,162,162,162,162,162,100.0,8,8,100.0,162,6.64,4.29,3.76,7.04,4.95296,0.88694,162,0.113519,162,2.3292,162,0,0.0,0,0,0,162,162,100.0,30,30,30,jaom9_5500p_price-history-09-14-2026.csv,1,61.94,moderate,45% session count + 30% calendar span + 25% numeric-field completeness,12
jun2029,jaom9_6650c_price-history-09-14-2026.csv,jaom9_6650c,JAOM9,2029-06,call,66.50,6650,no,2026-01-22,2026-09-14,236,162,162,162,162,162,100.0,8,8,100.0,162,7.11,8.39,7.05,11.42,8.60049,0.91472,162,0.276605,162,3.1784,162,0,0.0,0,0,0,162,162,100.0,30,30,30,jaom9_6650c_price-history-09-14-2026.csv,1,61.94,moderate,45% session count + 30% calendar span + 25% numeric-field completeness,13
sep2028,jaou8_6600c_price-history-09-14-2026.csv,jaou8_6600c,JAOU8,2028-09,call,66.00,6600,no,2026-01-26,2026-09-14,232,160,160,160,160,160,100.0,8,8,100.0,160,6.85,9.84,6.47,12.65,9.29475,1.46316,160,0.347938,160,3.70669,160,0,0.0,0,0,0,160,160,100.0,15,15,15,jaou8_6600c_price-history-09-14-2026.csv,1,61.41,moderate,45% session count + 30% calendar span + 25% numeric-field completeness,14
sep2028,jaou8_6650c_price-history-09-14-2026.csv,jaou8_6650c,JAOU8,2028-09,call,66.50,6650,no,2026-01-29,2026-09-14,229,157,157,157,157,157,100.0,8,8,100.0,157,7.15,9.57,6.29,12.37,9.09898,1.41618,157,0.348025,157,3.79688,157,0,0.0,0,0,0,157,157,100.0,30,30,30,jaou8_6650c_price-history-09-14-2026.csv,1,60.82,moderate,45% session count + 30% calendar span + 25% numeric-field completeness,15
sep2028,jaou8_6775c_price-history-09-14-2026.csv,jaou8_6775c,JAOU8,2028-09,call,67.75,6775,no,2026-02-25,2026-09-14,202,139,139,139,139,139,100.0,8,8,100.0,139,6.32,8.91,5.94,11.7,8.79036,1.19148,139,0.356619,139,4.0541,139,0,0.0,0,0,0,139,139,100.0,6,6,6,jaou8_6775c_price-history-09-14-2026.csv,1,56.66,moderate,45% session count + 30% calendar span + 25% numeric-field completeness,16
sep2026,jaou6_9196c_price-history-09-12-2026.csv,jaou6_9196c,JAOU6,2026-09,call,91.96,9196,no,2026-03-09,2026-09-11,187,130,130,130,130,130,100.0,8,8,100.0,130,4.28,5.16,0.39,9.9,3.78215,2.3263,130,0.663385,130,23.7545,130,0,0.0,0,0,0,130,129,99.23076923076923,0,5,4.96154,jaou6_9196c_price-history-09-12-2026.csv,1,54.49,moderate,45% session count + 30% calendar span + 25% numeric-field completeness,17
sep2026,jaou6_9200c_price-history-09-12-2026.csv,jaou6_9200c,JAOU6,2026-09,call,92.00,9200,no,2026-03-09,2026-09-11,187,130,130,130,130,130,100.0,8,8,100.0,130,4.27,5.13,0.39,9.88,3.77385,2.32322,130,0.662692,130,23.8054,130,0,0.0,0,0,0,130,129,99.23076923076923,0,1,0.992308,jaou6_9200c_price-history-09-12-2026.csv,1,54.49,moderate,45% session count + 30% calendar span + 25% numeric-field completeness,18
nov2026,jaox6_9025c_price-history-09-12-2026.csv,jaox6_9025c,JAOX6,2026-11,call,90.25,9025,no,2026-03-09,2026-09-11,187,130,130,130,130,130,100.0,8,8,100.0,130,3.77,7.06,0.97,8.61,4.11646,1.63926,130,0.573077,130,15.2771,130,0,0.0,0,0,0,130,129,99.23076923076923,0,10,9.92308,jaox6_9025c_price-history-09-12-2026.csv,1,54.49,moderate,45% session count + 30% calendar span + 25% numeric-field completeness,19
nov2026,jaox6_9196c_price-history-09-12-2026.csv,jaox6_9196c,JAOX6,2026-11,call,91.96,9196,no,2026-03-09,2026-09-11,187,130,130,130,130,130,100.0,8,8,100.0,130,3.53,6.37,0.87,7.92,3.79785,1.53857,130,0.539,130,15.6079,130,0,0.0,0,0,0,130,129,99.23076923076923,0,4,3.96923,jaox6_9196c_price-history-09-12-2026.csv,1,54.49,moderate,45% session count + 30% calendar span + 25% numeric-field completeness,20
nov2026,jaox6_9200c_price-history-09-12-2026.csv,jaox6_9200c,JAOX6,2026-11,call,92.00,9200,no,2026-03-09,2026-09-11,187,130,130,130,130,130,100.0,8,8,100.0,130,3.52,6.35,0.87,7.91,3.791,1.53617,130,0.537846,130,15.6095,130,0,0.0,0,0,0,130,129,99.23076923076923,0,1,0.992308,jaox6_9200c_price-history-09-12-2026.csv,1,54.49,moderate,45% session count + 30% calendar span + 25% numeric-field completeness,21
sep2026,jaou6_7800p_price-history-09-12-2026.csv,jaou6_7800p,JAOU6,2026-09,put,78.00,7800,no,2026-03-11,2026-09-11,185,128,128,128,128,128,100.0,8,8,100.0,128,12.22,0.01,0.01,12.22,6.17508,3.11674,128,0.591094,128,12.313,128,1,0.78125,20,0.15625,20,128,127,99.21875,0,26,25.4844,jaou6_7800p_price-history-09-12-2026.csv,1,54.09,moderate,45% session count + 30% calendar span + 25% numeric-field completeness,22
nov2026,jaox6_7800p_price-history-09-12-2026.csv,jaox6_7800p,JAOX6,2026-11,put,78.00,7800,no,2026-03-11,2026-09-11,185,128,128,128,128,128,100.0,8,8,100.0,128,13.26,1.9,1.58,13.26,8.35969,2.45525,128,0.56,128,7.02414,128,1,0.78125,20,0.15625,20,128,127,99.21875,0,26,25.4844,jaox6_7800p_price-history-09-12-2026.csv,1,54.09,moderate,45% session count + 30% calendar span + 25% numeric-field completeness,23
sep2028,jaou8_6750p_price-history-09-14-2026.csv,jaou8_6750p,JAOU8,2028-09,put,67.50,6750,no,2026-03-13,2026-09-14,186,127,127,127,127,127,100.0,8,8,100.0,127,8.88,7.8,7.27,9.76,8.2711,0.531788,127,0.192205,127,2.30772,127,1,0.7874015748031497,6,0.0472441,6,127,127,100.0,12,12,11.8583,jaou8_6750p_price-history-09-14-2026.csv,1,54.02,moderate,45% session count + 30% calendar span + 25% numeric-field completeness,24
sep2028,jaou8_7670c_price-history-09-14-2026.csv,jaou8_7670c,JAOU8,2028-09,call,76.70,7670,no,2026-03-13,2026-09-14,186,127,127,127,127,127,100.0,8,8,100.0,127,4.36,5.26,4.1,7.52,5.49276,0.775189,127,0.278425,127,5.03598,127,0,0.0,0,0,0,127,127,100.0,6,6,6,jaou8_7670c_price-history-09-14-2026.csv,1,54.02,moderate,45% session count + 30% calendar span + 25% numeric-field completeness,25
sep2026,jaou6_7500p_price-history-09-12-2026.csv,jaou6_7500p,JAOU6,2026-09,put,75.00,7500,no,2026-03-12,2026-09-11,184,127,127,127,127,127,100.0,8,8,100.0,127,8.81,0.01,0.01,9.61,4.72205,2.56771,127,0.484016,127,12.485,127,14,11.023622047244094,406,3.19685,130,127,126,99.21259842519684,0,341,236.402,jaou6_7500p_price-history-09-12-2026.csv,1,53.89,moderate,45% session count + 30% calendar span + 25% numeric-field completeness,26
sep2026,jaou6_9100c_price-history-09-12-2026.csv,jaou6_9100c,JAOU6,2026-09,call,91.00,9100,no,2026-03-12,2026-09-11,184,127,127,127,127,127,100.0,8,8,100.0,127,6.8,5.99,0.42,10.26,3.97181,2.41653,127,0.676929,127,22.842,127,1,0.7874015748031497,5,0.0393701,5,127,126,99.21259842519684,0,19,18.8504,jaou6_9100c_price-history-09-12-2026.csv,1,53.89,moderate,45% session count + 30% calendar span + 25% numeric-field completeness,27
nov2026,jaox6_9100c_price-history-09-12-2026.csv,jaox6_9100c,JAOX6,2026-11,call,91.00,9100,no,2026-03-12,2026-09-11,184,127,127,127,127,127,100.0,8,8,100.0,127,5.1,6.74,0.92,8.26,3.97591,1.61037,127,0.552913,127,15.2486,127,1,0.7874015748031497,100,0.787402,100,127,126,99.21259842519684,0,114,21.7638,jaox6_9100c_price-history-09-12-2026.csv,1,53.89,moderate,45% session count + 30% calendar span + 25% numeric-field completeness,28
sep2026,jaou6_11500c_price-history-09-12-2026.csv,jaou6_11500c,JAOU6,2026-09,call,115.00,11500,no,2026-03-13,2026-09-11,183,126,126,126,126,126,100.0,8,8,100.0,126,3.1,0.01,0.01,4.33,1.38,1.14241,126,0.250556,126,27.5274,126,1,0.7936507936507936,20,0.15873,20,126,125,99.2063492063492,0,20,19.8413,jaou6_11500c_price-history-09-12-2026.csv,1,53.7,moderate,45% session count + 30% calendar span + 25% numeric-field completeness,29
sep2026,jaou6_8200p_price-history-09-12-2026.csv,jaou6_8200p,JAOU6,2026-09,put,82.00,8200,no,2026-03-13,2026-09-11,183,126,126,126,126,126,100.0,8,8,100.0,126,11.67,0.01,0.01,14.85,8.29802,3.75009,126,0.725397,126,11.5391,126,0,0.0,0,0,0,126,125,99.2063492063492,0,7,6.94444,jaou6_8200p_price-history-09-12-2026.csv,1,53.7,moderate,45% session count + 30% calendar span + 25% numeric-field completeness,30
nov2026,jaox6_8200p_price-history-09-12-2026.csv,jaox6_8200p,JAOX6,2026-11,put,82.00,8200,no,2026-03-13,2026-09-11,183,126,126,126,126,126,100.0,8,8,100.0,126,13.07,3.05,2.58,16.1,10.7937,2.79147,126,0.648571,126,6.33206,126,0,0.0,0,0,0,126,125,99.2063492063492,0,7,6.94444,jaox6_8200p_price-history-09-12-2026.csv,1,53.7,moderate,45% session count + 30% calendar span + 25% numeric-field completeness,31
sep2026,jaou6_9225c_price-history-09-12-2026.csv,jaou6_9225c,JAOU6,2026-09,call,92.25,9225,no,2026-03-17,2026-09-11,179,124,124,124,124,124,100.0,8,8,100.0,124,5.36,4.93,0.38,9.79,3.65315,2.32494,124,0.636371,124,23.8333,124,0,0.0,0,0,0,124,123,99.19354838709677,0,12,11.9032,jaou6_9225c_price-history-09-12-2026.csv,1,53.17,moderate,45% session count + 30% calendar span + 25% numeric-field completeness,32
nov2026,jaox6_9225c_price-history-09-12-2026.csv,jaox6_9225c,JAOX6,2026-11,call,92.25,9225,no,2026-03-17,2026-09-11,179,124,124,124,124,124,100.0,8,8,100.0,124,4.15,6.26,0.86,7.83,3.72968,1.55026,124,0.529839,124,15.6274,124,0,0.0,0,0,0,124,123,99.19354838709677,0,12,11.9032,jaox6_9225c_price-history-09-12-2026.csv,1,53.17,moderate,45% session count + 30% calendar span + 25% numeric-field completeness,33
sep2028,jaou8_8000c_price-history-09-14-2026.csv,jaou8_8000c,JAOU8,2028-09,call,80.00,8000,no,2026-03-20,2026-09-14,179,122,122,122,122,122,100.0,8,8,100.0,122,4.91,4.36,3.38,6.32,4.58975,0.672521,122,0.244344,122,5.26541,122,2,1.639344262295082,90,0.737705,60,122,122,100.0,250,250,220,jaou8_8000c_price-history-09-14-2026.csv,1,52.9,moderate,45% session count + 30% calendar span + 25% numeric-field completeness,34
sep2026,jaou6_12100c_price-history-09-12-2026.csv,jaou6_12100c,JAOU6,2026-09,call,121.00,12100,no,2026-03-19,2026-09-11,177,122,122,122,122,122,100.0,8,8,100.0,122,2.13,0.01,0.01,3.55,1.09164,0.946922,122,0.200984,122,23.62,122,0,0.0,0,0,0,122,121,99.18032786885246,0,10,9.91803,jaou6_12100c_price-history-09-12-2026.csv,1,52.77,moderate,45% session count + 30% calendar span + 25% numeric-field completeness,35
sep2026,jaou6_10500c_price-history-09-12-2026.csv,jaou6_10500c,JAOU6,2026-09,call,105.00,10500,no,2026-03-20,2026-09-11,176,121,121,121,121,121,100.0,8,8,100.0,121,3.54,0.22,0.02,6.14,1.9505,1.56981,121,0.360579,121,36.0298,121,3,2.479338842975207,142,1.17355,102,121,120,99.17355371900827,0,73,63.1405,jaou6_10500c_price-history-09-12-2026.csv,1,52.57,moderate,45% session count + 30% calendar span + 25% numeric-field completeness,36
sep2026,jaou6_7200p_price-history-09-12-2026.csv,jaou6_7200p,JAOU6,2026-09,put,72.00,7200,no,2026-03-20,2026-09-11,176,121,121,121,121,121,100.0,8,8,100.0,121,4.92,0.01,0.01,7.9,3.41479,2.04403,121,0.36595,121,13.006,121,3,2.479338842975207,2350,19.4215,1000,121,120,99.17355371900827,0,1350,244.273,jaou6_7200p_price-history-09-12-2026.csv,1,52.57,moderate,45% session count + 30% calendar span + 25% numeric-field completeness,37
nov2026,jaox6_10500c_price-history-09-12-2026.csv,jaox6_10500c,JAOX6,2026-11,call,105.00,10500,no,2026-03-20,2026-09-11,176,121,121,121,121,121,100.0,8,8,100.0,121,2.83,2.94,0.44,4.87,2.13198,1.00117,121,0.336612,121,17.6581,121,3,2.479338842975207,42,0.347107,20,121,120,99.17355371900827,0,23,15.6198,jaox6_10500c_price-history-09-12-2026.csv,1,52.57,moderate,45% session count + 30% calendar span + 25% numeric-field completeness,38
nov2026,jaox6_7200p_price-history-09-12-2026.csv,jaox6_7200p,JAOX6,2026-11,put,72.00,7200,no,2026-03-20,2026-09-11,176,121,121,121,121,121,100.0,8,8,100.0,121,5.69,0.85,0.69,8.93,5.12926,1.81092,121,0.388595,121,8.0519,121,0,0.0,0,0,0,121,120,99.17355371900827,0,1,0.991736,jaox6_7200p_price-history-09-12-2026.csv,1,52.57,moderate,45% session count + 30% calendar span + 25% numeric-field completeness,39
sep2026,jaou6_10205c_price-history-09-12-2026.csv,jaou6_10205c,JAOU6,2026-09,call,102.05,10205,no,2026-03-23,2026-09-11,173,120,120,120,120,120,100.0,8,8,100.0,120,2.61,0.5,0.05,6.82,2.199,1.7256,120,0.41175,120,33.4055,120,0,0.0,0,0,0,120,119,99.16666666666667,0,5,4.95833,jaou6_10205c_price-history-09-12-2026.csv,1,52.25,moderate,45% session count + 30% calendar span + 25% numeric-field completeness,40
sep2026,jaou6_9435c_price-history-09-12-2026.csv,jaou6_9435c,JAOU6,2026-09,call,94.35,9435,no,2026-03-23,2026-09-11,173,120,120,120,120,120,100.0,8,8,100.0,120,3.46,3.37,0.24,9.05,3.19567,2.186,120,0.58825,120,26.0902,120,0,0.0,0,0,0,120,119,99.16666666666667,0,10,9.91667,jaou6_9435c_price-history-09-12-2026.csv,1,52.25,moderate,45% session count + 30% calendar span + 25% numeric-field completeness,41
sep2026,jaou6_9800c_price-history-09-12-2026.csv,jaou6_9800c,JAOU6,2026-09,call,98.00,9800,no,2026-03-23,2026-09-11,173,120,120,120,120,120,100.0,8,8,100.0,120,3.01,1.49,0.11,7.9,2.65267,1.95828,120,0.496167,120,29.336,120,0,0.0,0,0,0,120,119,99.16666666666667,0,22,21.8167,jaou6_9800c_price-history-09-12-2026.csv,1,52.25,moderate,45% session count + 30% calendar span + 25% numeric-field completeness,42
nov2026,jaox6_10205c_price-history-09-12-2026.csv,jaox6_10205c,JAOX6,2026-11,call,102.05,10205,no,2026-03-23,2026-09-11,173,120,120,120,120,120,100.0,8,8,100.0,120,2.22,3.49,0.5,5.4,2.397,1.10583,120,0.376583,120,17.4627,120,0,0.0,0,0,0,120,119,99.16666666666667,0,4,3.96667,jaox6_10205c_price-history-09-12-2026.csv,1,52.25,moderate,45% session count + 30% calendar span + 25% numeric-field completeness,43
nov2026,jaox6_9435c_price-history-09-12-2026.csv,jaox6_9435c,JAOX6,2026-11,call,94.35,9435,no,2026-03-23,2026-09-11,173,120,120,120,120,120,100.0,8,8,100.0,120,2.91,5.51,0.75,7.22,3.35875,1.45169,120,0.500167,120,16.3652,120,0,0.0,0,0,0,120,119,99.16666666666667,0,10,9.91667,jaox6_9435c_price-history-09-12-2026.csv,1,52.25,moderate,45% session count + 30% calendar span + 25% numeric-field completeness,44
sep2026,jaou6_9500c_price-history-09-12-2026.csv,jaou6_9500c,JAOU6,2026-09,call,95.00,9500,no,2026-03-25,2026-09-11,171,118,118,118,118,118,100.0,8,8,100.0,118,4.33,2.96,0.21,8.83,3.07373,2.15731,118,0.557203,118,26.5484,118,0,0.0,0,0,0,118,117,99.15254237288136,0,50,49.5763,jaou6_9500c_price-history-09-12-2026.csv,1,51.85,moderate,45% session count + 30% calendar span + 25% numeric-field completeness,45
sep2028,jaou8_7000p_price-history-09-14-2026.csv,jaou8_7000p,JAOU8,2028-09,put,70.00,7000,no,2026-03-31,2026-09-14,168,115,115,115,115,115,100.0,8,8,100.0,115,10.58,8.86,8.31,11.01,9.42783,0.610614,115,0.194696,115,2.05791,115,1,0.8695652173913043,31,0.269565,31,115,115,100.0,37,37,10.313,jaou8_7000p_price-history-09-14-2026.csv,1,51.25,moderate,45% session count + 30% calendar span + 25% numeric-field completeness,46
sep2028,jaou8_7925c_price-history-09-14-2026.csv,jaou8_7925c,JAOU8,2028-09,call,79.25,7925,no,2026-03-31,2026-09-14,168,115,115,115,115,115,100.0,8,8,100.0,115,4.47,4.55,3.53,6.57,4.76078,0.703095,115,0.243304,115,5.03104,115,0,0.0,0,0,0,115,115,100.0,6,6,6,jaou8_7925c_price-history-09-14-2026.csv,1,51.25,moderate,45% session count + 30% calendar span + 25% numeric-field completeness,47
sep2026,jaou6_11000c_price-history-09-12-2026.csv,jaou6_11000c,JAOU6,2026-09,call,110.00,11000,no,2026-03-31,2026-09-11,165,114,114,114,114,114,100.0,8,8,100.0,114,2.32,0.05,0.01,5.15,1.52123,1.3313,114,0.293509,114,40.1122,114,0,0.0,0,0,0,114,113,99.12280701754386,0,50,49.5614,jaou6_11000c_price-history-09-12-2026.csv,1,50.93,moderate,45% session count + 30% calendar span + 25% numeric-field completeness,48
sep2028,jaou8_6165p_price-history-09-14-2026.csv,jaou8_6165p,JAOU8,2028-09,put,61.65,6165,no,2026-04-13,2026-09-14,155,107,107,107,107,107,100.0,8,8,100.0,107,6.16,5.77,5.23,6.72,5.93944,0.350897,107,0.132804,107,2.23262,107,0,0.0,0,0,0,107,107,100.0,10,10,10,jaou8_6165p_price-history-09-14-2026.csv,1,49.34,moderate,45% session count + 30% calendar span + 25% numeric-field completeness,49
sep2028,jaou8_7340c_price-history-09-14-2026.csv,jaou8_7340c,JAOU8,2028-09,call,73.40,7340,no,2026-04-13,2026-09-14,155,107,107,107,107,107,100.0,8,8,100.0,107,6.78,6.38,4.96,8.92,6.58019,0.935157,107,0.290374,107,4.36121,107,0,0.0,0,0,0,107,107,100.0,10,10,10,jaou8_7340c_price-history-09-14-2026.csv,1,49.34,moderate,45% session count + 30% calendar span + 25% numeric-field completeness,50
sep2026,jaou6_9150c_price-history-09-12-2026.csv,jaou6_9150c,JAOU6,2026-09,call,91.50,9150,no,2026-04-23,2026-09-11,142,98,98,98,98,98,100.0,8,8,100.0,98,4.52,5.55,0.4,10.07,3.56347,2.57553,98,0.672347,98,26.1597,98,0,0.0,0,0,0,98,97,98.9795918367347,0,15,14.8469,jaou6_9150c_price-history-09-12-2026.csv,1,47.3,moderate,45% session count + 30% calendar span + 25% numeric-field completeness,51
sep2026,jaou6_12000c_price-history-09-12-2026.csv,jaou6_12000c,JAOU6,2026-09,call,120.00,12000,no,2026-04-30,2026-09-11,135,93,93,93,93,93,100.0,8,8,100.0,93,2.36,0.01,0.01,3.67,0.930215,1.01395,93,0.197634,93,26.7842,93,0,0.0,0,0,0,93,92,98.9247311827957,0,25,24.7312,jaou6_12000c_price-history-09-12-2026.csv,1,46.18,moderate,45% session count + 30% calendar span + 25% numeric-field completeness,52
sep2026,jaou6_10300c_price-history-09-12-2026.csv,jaou6_10300c,JAOU6,2026-09,call,103.00,10300,no,2026-05-07,2026-09-11,128,88,88,88,88,88,100.0,8,8,100.0,88,3.61,0.38,0.04,6.59,1.70932,1.71581,88,0.355568,88,40.7677,88,0,0.0,0,0,0,88,87,98.86363636363636,0,2,1.97727,jaou6_10300c_price-history-09-12-2026.csv,1,45.05,moderate,45% session count + 30% calendar span + 25% numeric-field completeness,53
sep2026,jaou6_10240c_price-history-09-12-2026.csv,jaou6_10240c,JAOU6,2026-09,call,102.40,10240,no,2026-05-18,2026-09-11,117,81,81,81,81,81,100.0,8,8,100.0,81,6.74,0.45,0.05,6.74,1.48815,1.53518,81,0.340247,81,42.0977,81,0,0.0,0,0,0,81,80,98.76543209876543,0,4,3.95062,jaou6_10240c_price-history-09-12-2026.csv,1,43.41,moderate,45% session count + 30% calendar span + 25% numeric-field completeness,54
sep2026,jaou6_7600p_price-history-09-12-2026.csv,jaou6_7600p,JAOU6,2026-09,put,76.00,7600,no,2026-05-18,2026-09-11,117,81,81,81,81,81,100.0,8,8,100.0,81,4.11,0.01,0.01,9.92,4.19667,2.79388,81,0.464568,81,14.6226,81,0,0.0,0,0,0,81,80,98.76543209876543,0,4,3.95062,jaou6_7600p_price-history-09-12-2026.csv,1,43.41,moderate,45% session count + 30% calendar span + 25% numeric-field completeness,55
sep2026,jaou6_8000p_price-history-09-12-2026.csv,jaou6_8000p,JAOU6,2026-09,put,80.00,8000,no,2026-05-18,2026-09-11,117,81,81,81,81,81,100.0,8,8,100.0,81,5.63,0.01,0.01,13.14,6.1137,3.66214,81,0.620617,81,14.0836,81,5,6.172839506172839,671,8.28395,500,81,80,98.76543209876543,0,644,186.617,jaou6_8000p_price-history-09-12-2026.csv,1,43.41,moderate,45% session count + 30% calendar span + 25% numeric-field completeness,56
nov2026,jaox6_10240c_price-history-09-12-2026.csv,jaox6_10240c,JAOX6,2026-11,call,102.40,10240,yes,2026-05-18,2026-09-11,117,81,81,81,81,81,100.0,8,8,100.0,81,5.33,3.42,0.5,5.33,2.05938,1.07625,81,0.355432,81,19.4051,81,0,0.0,0,0,0,81,80,98.76543209876543,0,4,3.95062,jaox6_10240c_price-history-09-12-2026.csv,1,43.41,moderate,45% session count + 30% calendar span + 25% numeric-field completeness,57
sep2028,jaou8_6500p_price-history-09-14-2026.csv,jaou8_6500p,JAOU8,2028-09,put,65.00,6500,no,2026-05-22,2026-09-14,116,78,78,78,78,78,100.0,8,8,100.0,78,7.24,6.88,6.34,8.07,7.10756,0.414896,78,0.14,78,1.97705,78,3,3.8461538461538463,30,0.384615,20,78,78,100.0,42,42,19.5385,jaou8_6500p_price-history-09-14-2026.csv,1,42.93,moderate,45% session count + 30% calendar span + 25% numeric-field completeness,58
sep2028,jaou8_7560c_price-history-09-14-2026.csv,jaou8_7560c,JAOU8,2028-09,call,75.60,7560,no,2026-05-22,2026-09-14,116,78,78,78,78,78,100.0,8,8,100.0,78,6.74,5.6,4.37,7.08,5.54346,0.71902,78,0.236026,78,4.24538,78,0,0.0,0,0,0,78,78,100.0,12,12,12,jaou8_7560c_price-history-09-14-2026.csv,1,42.93,moderate,45% session count + 30% calendar span + 25% numeric-field completeness,59
nov2026,jaox6_10800c_price-history-09-12-2026.csv,jaox6_10800c,JAOX6,2026-11,call,108.00,10800,yes,2026-06-04,2026-09-11,100,69,69,69,69,69,100.0,8,8,100.0,69,2.62,2.47,0.39,3.2,1.39116,0.697703,69,0.269565,69,21.3255,69,3,4.3478260869565215,900,13.0435,300,69,68,98.55072463768116,0,300,118.841,jaox6_10800c_price-history-09-12-2026.csv,1,40.7,moderate,45% session count + 30% calendar span + 25% numeric-field completeness,60
sep2028,jaou8_5000p_price-history-09-14-2026.csv,jaou8_5000p,JAOU8,2028-09,put,50.00,5000,no,2026-06-11,2026-09-14,96,65,65,65,65,65,100.0,8,8,100.0,65,2.41,2.81,2.37,3.06,2.74831,0.174105,65,0.0718462,65,2.62723,65,1,1.5384615384615385,30,0.461538,30,65,65,100.0,60,60,60,jaou8_5000p_price-history-09-14-2026.csv,1,39.9,limited,45% session count + 30% calendar span + 25% numeric-field completeness,61
sep2026,jaou6_9250c_price-history-09-12-2026.csv,jaou6_9250c,JAOU6,2026-09,call,92.50,9250,no,2026-06-11,2026-09-11,93,64,64,64,64,64,100.0,8,8,100.0,64,4.85,4.73,0.36,6.2,1.83922,1.31745,64,0.533906,64,33.9486,64,0,0.0,0,0,0,64,63,98.4375,0,50,49.2188,jaou6_9250c_price-history-09-12-2026.csv,1,39.58,limited,45% session count + 30% calendar span + 25% numeric-field completeness,62
nov2026,jaox6_7500p_price-history-09-12-2026.csv,jaox6_7500p,JAOX6,2026-11,put,75.00,7500,yes,2026-06-11,2026-09-11,93,64,64,64,64,64,100.0,8,8,100.0,64,5.75,1.29,1.06,10.62,6.11547,2.5718,64,0.426719,64,7.80203,64,7,10.9375,160,2.5,97,64,63,98.4375,0,657,565.453,jaox6_7500p_price-history-09-12-2026.csv,1,39.58,limited,45% session count + 30% calendar span + 25% numeric-field completeness,63
nov2026,jaox6_7600p_price-history-09-12-2026.csv,jaox6_7600p,JAOX6,2026-11,put,76.00,7600,yes,2026-06-11,2026-09-11,93,64,64,64,64,64,100.0,8,8,100.0,64,6.24,1.47,1.21,11.35,6.65375,2.717,64,0.453125,64,7.62312,64,0,0.0,0,0,0,64,63,98.4375,0,4,3.9375,jaox6_7600p_price-history-09-12-2026.csv,1,39.58,limited,45% session count + 30% calendar span + 25% numeric-field completeness,64
sep2028,jaou8_7110c_price-history-09-14-2026.csv,jaou8_7110c,JAOU8,2028-09,call,71.10,7110,no,2026-07-17,2026-09-14,60,41,41,41,41,41,100.0,8,8,100.0,41,7.4,7.31,5.8,7.96,7.05634,0.561882,41,0.236341,41,3.39732,41,0,0.0,0,0,0,41,41,100.0,7,7,7,jaou8_7110c_price-history-09-14-2026.csv,1,34.37,limited,45% session count + 30% calendar span + 25% numeric-field completeness,65
nov2026,jaox6_9353c_price-history-09-12-2026.csv,jaox6_9353c,JAOX6,2026-11,call,93.53,9353,no,2026-07-16,2026-09-11,58,41,41,41,41,41,100.0,8,8,100.0,41,2.74,5.79,1.56,7.17,3.13854,1.0732,41,0.53122,41,17.4437,41,0,0.0,0,0,0,41,40,97.5609756097561,0,20,19.5122,jaox6_9353c_price-history-09-12-2026.csv,1,34.24,limited,45% session count + 30% calendar span + 25% numeric-field completeness,66
sep2028,jaou8_6250p_price-history-09-14-2026.csv,jaou8_6250p,JAOU8,2028-09,put,62.50,6250,no,2026-07-20,2026-09-14,57,40,40,40,40,40,100.0,8,8,100.0,40,6.32,6.04,5.61,6.74,6.158,0.2564,40,0.115,40,1.86075,40,0,0.0,0,0,0,40,40,100.0,7,7,7,jaou8_6250p_price-history-09-14-2026.csv,1,34.04,limited,45% session count + 30% calendar span + 25% numeric-field completeness,67
sep2028,jaou8_7275c_price-history-09-14-2026.csv,jaou8_7275c,JAOU8,2028-09,call,72.75,7275,no,2026-07-20,2026-09-14,57,40,40,40,40,40,100.0,8,8,100.0,40,6.76,6.63,5.25,7.32,6.4225,0.52998,40,0.2175,40,3.43075,40,0,0.0,0,0,0,40,40,100.0,7,7,7,jaou8_7275c_price-history-09-14-2026.csv,1,34.04,limited,45% session count + 30% calendar span + 25% numeric-field completeness,68
nov2026,jaox6_9348c_price-history-09-12-2026.csv,jaox6_9348c,JAOX6,2026-11,call,93.48,9348,no,2026-07-17,2026-09-11,57,40,40,40,40,40,100.0,8,8,100.0,40,3.41,5.81,1.57,7.19,3.1565,1.08768,40,0.5395,40,17.6482,40,0,0.0,0,0,0,40,39,97.5,0,10,9.75,jaox6_9348c_price-history-09-12-2026.csv,1,34.04,limited,45% session count + 30% calendar span + 25% numeric-field completeness,69
sep2028,jaou8_7000c_price-history-09-14-2026.csv,jaou8_7000c,JAOU8,2028-09,call,70.00,7000,no,2026-07-23,2026-09-14,54,37,37,37,37,37,100.0,8,8,100.0,37,8.32,7.81,6.19,8.42,7.46865,0.6054,37,0.255676,37,3.45973,37,2,5.405405405405405,10,0.27027,5,37,37,100.0,8,8,7.05405,jaou8_7000c_price-history-09-14-2026.csv,1,33.44,limited,45% session count + 30% calendar span + 25% numeric-field completeness,70
sep2028,jaou8_6200p_price-history-09-14-2026.csv,jaou8_6200p,JAOU8,2028-09,put,62.00,6200,no,2026-07-24,2026-09-14,53,36,36,36,36,36,100.0,8,8,100.0,36,6,5.88,5.45,6.55,5.96972,0.25902,36,0.116944,36,1.94583,36,2,5.555555555555555,10,0.277778,5,36,36,100.0,35,35,34.1667,jaou8_6200p_price-history-09-14-2026.csv,1,33.24,limited,45% session count + 30% calendar span + 25% numeric-field completeness,71
sep2028,jaou8_7450c_price-history-09-14-2026.csv,jaou8_7450c,JAOU8,2028-09,call,74.50,7450,no,2026-07-24,2026-09-14,53,36,36,36,36,36,100.0,8,8,100.0,36,6.69,5.98,4.73,6.69,5.76694,0.490373,36,0.213333,36,3.73139,36,0,0.0,0,0,0,36,36,100.0,143,143,143,jaou8_7450c_price-history-09-14-2026.csv,1,33.24,limited,45% session count + 30% calendar span + 25% numeric-field completeness,72
sep2028,jaou8_7450p_price-history-09-14-2026.csv,jaou8_7450p,JAOU8,2028-09,put,74.50,7450,no,2026-07-24,2026-09-14,53,36,36,36,36,36,100.0,8,8,100.0,36,11.64,11.14,10.92,12.75,11.69,0.515159,36,0.206111,36,1.74639,36,0,0.0,0,0,0,36,36,100.0,143,143,143,jaou8_7450p_price-history-09-14-2026.csv,1,33.24,limited,45% session count + 30% calendar span + 25% numeric-field completeness,73
sep2028,jaou8_7500c_price-history-09-14-2026.csv,jaou8_7500c,JAOU8,2028-09,call,75.00,7500,no,2026-07-24,2026-09-14,53,36,36,36,36,36,100.0,8,8,100.0,36,6.52,5.8,4.59,6.52,5.60528,0.479974,36,0.209722,36,3.7725,36,5,13.88888888888889,385,10.6944,110,36,36,100.0,305,305,214.028,jaou8_7500c_price-history-09-14-2026.csv,1,33.24,limited,45% session count + 30% calendar span + 25% numeric-field completeness,74
sep2026,jaou6_10825c_price-history-09-12-2026.csv,jaou6_10825c,JAOU6,2026-09,call,108.25,10825,no,2026-07-23,2026-09-11,51,36,36,36,36,36,100.0,8,8,100.0,36,2.49,0.08,0.01,2.49,0.430833,0.567491,36,0.176389,36,67.6336,36,0,0.0,0,0,0,36,35,97.22222222222223,0,3,2.91667,jaou6_10825c_price-history-09-12-2026.csv,1,33.12,limited,45% session count + 30% calendar span + 25% numeric-field completeness,75
sep2026,jaou6_10520c_price-history-09-12-2026.csv,jaou6_10520c,JAOU6,2026-09,call,105.20,10520,no,2026-07-24,2026-09-11,50,35,35,35,35,35,100.0,8,8,100.0,35,2.34,0.21,0.02,2.34,0.471714,0.522431,35,0.204571,35,67.6586,35,0,0.0,0,0,0,35,34,97.14285714285714,0,14,13.6,jaou6_10520c_price-history-09-12-2026.csv,1,32.92,limited,45% session count + 30% calendar span + 25% numeric-field completeness,76
sep2026,jaou6_7400p_price-history-09-12-2026.csv,jaou6_7400p,JAOU6,2026-09,put,74.00,7400,no,2026-07-24,2026-09-11,50,35,35,35,35,35,100.0,8,8,100.0,35,2.48,0.01,0.01,4.47,1.40286,1.47814,35,0.288857,35,21.0131,35,1,2.857142857142857,30,0.857143,30,35,34,97.14285714285714,0,205,191.429,jaou6_7400p_price-history-09-12-2026.csv,1,32.92,limited,45% session count + 30% calendar span + 25% numeric-field completeness,77
sep2026,jaou6_7450p_price-history-09-12-2026.csv,jaou6_7450p,JAOU6,2026-09,put,74.50,7450,no,2026-07-24,2026-09-11,50,35,35,35,35,35,100.0,8,8,100.0,35,2.64,0.01,0.01,4.78,1.51629,1.57561,35,0.309143,35,21.0391,35,0,0.0,0,0,0,35,34,97.14285714285714,0,445,432.286,jaou6_7450p_price-history-09-12-2026.csv,1,32.92,limited,45% session count + 30% calendar span + 25% numeric-field completeness,78
sep2026,jaou6_7750p_price-history-09-12-2026.csv,jaou6_7750p,JAOU6,2026-09,put,77.50,7750,no,2026-07-24,2026-09-11,50,35,35,35,35,35,100.0,8,8,100.0,35,3.78,0.01,0.01,6.79,2.33286,2.20863,35,0.439143,35,22.0077,35,0,0.0,0,0,0,35,34,97.14285714285714,0,14,13.6,jaou6_7750p_price-history-09-12-2026.csv,1,32.92,limited,45% session count + 30% calendar span + 25% numeric-field completeness,79
nov2026,jaox6_7400p_price-history-09-12-2026.csv,jaox6_7400p,JAOX6,2026-11,put,74.00,7400,yes,2026-07-24,2026-09-11,50,35,35,35,35,35,100.0,8,8,100.0,35,5.65,1.13,0.92,7.35,4.03771,1.94596,35,0.368,35,9.77143,35,1,2.857142857142857,30,0.857143,30,35,34,97.14285714285714,0,205,191.429,jaox6_7400p_price-history-09-12-2026.csv,1,32.92,limited,45% session count + 30% calendar span + 25% numeric-field completeness,80
nov2026,jaox6_7450p_price-history-09-12-2026.csv,jaox6_7450p,JAOX6,2026-11,put,74.50,7450,yes,2026-07-24,2026-09-11,50,35,35,35,35,35,100.0,8,8,100.0,35,5.89,1.2,0.99,7.69,4.25057,2.01797,35,0.384286,35,9.65086,35,0,0.0,0,0,0,35,34,97.14285714285714,0,397,385.657,jaox6_7450p_price-history-09-12-2026.csv,1,32.92,limited,45% session count + 30% calendar span + 25% numeric-field completeness,81
nov2026,jaox6_9911c_price-history-09-12-2026.csv,jaox6_9911c,JAOX6,2026-11,call,99.11,9911,yes,2026-07-24,2026-09-11,50,35,35,35,35,35,100.0,8,8,100.0,35,3.37,4.15,1.17,5.25,2.21514,0.810976,35,0.444,35,19.9077,35,0,0.0,0,0,0,35,34,97.14285714285714,0,11,10.6857,jaox6_9911c_price-history-09-12-2026.csv,1,32.92,limited,45% session count + 30% calendar span + 25% numeric-field completeness,82
mar2027,jaoh7_8700c_price-history-09-14-2026.csv,jaoh7_8700c,JAOH7,2027-03,call,87.00,8700,yes,2026-08-13,2026-09-14,33,22,22,22,22,22,100.0,8,8,100.0,22,3.08,5.53,3.08,5.96,4.16455,0.72935,22,0.323636,22,8.00591,22,0,0.0,0,0,0,22,22,100.0,2,2,2,jaoh7_8700c_price-history-09-14-2026.csv,1,30.08,limited,45% session count + 30% calendar span + 25% numeric-field completeness,83
mar2027,jaoh7_8150c_price-history-09-14-2026.csv,jaoh7_8150c,JAOH7,2027-03,call,81.50,8150,yes,2026-08-17,2026-09-14,29,20,20,20,20,20,100.0,8,8,100.0,20,5.5,7.49,4.74,7.95,5.7985,0.894496,20,0.417,20,7.3895,20,0,0.0,0,0,0,20,20,100.0,84,84,84,jaoh7_8150c_price-history-09-14-2026.csv,1,29.55,limited,45% session count + 30% calendar span + 25% numeric-field completeness,84
sep2027,jaou7_6860c_price-history-09-14-2026.csv,jaou7_6860c,JAOU7,2027-09,call,68.60,6860,yes,2026-08-17,2026-09-14,29,20,20,20,20,20,100.0,8,8,100.0,20,9.95,10.59,9.17,10.62,9.936,0.432705,20,0.3165,20,3.274,20,0,0.0,0,0,0,20,20,100.0,21,21,21,jaou7_6860c_price-history-09-14-2026.csv,1,29.55,limited,45% session count + 30% calendar span + 25% numeric-field completeness,85
mar2027,jaoh7_6800p_price-history-09-14-2026.csv,jaoh7_6800p,JAOH7,2027-03,put,68.00,6800,yes,2026-08-19,2026-09-14,27,18,18,18,18,18,100.0,8,8,100.0,18,4.12,3.22,3.15,4.65,3.97667,0.467297,18,0.163889,18,4.12833,18,0,0.0,0,0,0,18,18,100.0,2000,2000,2000,jaoh7_6800p_price-history-09-14-2026.csv,1,29.15,limited,45% session count + 30% calendar span + 25% numeric-field completeness,86
mar2027,jaoh7_6900p_price-history-09-14-2026.csv,jaoh7_6900p,JAOH7,2027-03,put,69.00,6900,yes,2026-08-19,2026-09-14,27,18,18,18,18,18,100.0,8,8,100.0,18,4.49,3.5,3.44,5.04,4.32389,0.50371,18,0.175,18,4.05111,18,0,0.0,0,0,0,18,18,100.0,175,175,175,jaoh7_6900p_price-history-09-14-2026.csv,1,29.15,limited,45% session count + 30% calendar span + 25% numeric-field completeness,87
mar2027,jaoh7_7000p_price-history-09-14-2026.csv,jaoh7_7000p,JAOH7,2027-03,put,70.00,7000,yes,2026-08-19,2026-09-14,27,18,18,18,18,18,100.0,8,8,100.0,18,4.88,3.8,3.74,5.46,4.69278,0.541959,18,0.186667,18,3.98111,18,9,50.0,274,15.2222,114,18,18,100.0,2808,2808,2629.67,jaoh7_7000p_price-history-09-14-2026.csv,1,29.15,limited,45% session count + 30% calendar span + 25% numeric-field completeness,88
mar2027,jaoh7_7100p_price-history-09-14-2026.csv,jaoh7_7100p,JAOH7,2027-03,put,71.00,7100,yes,2026-08-19,2026-09-14,27,18,18,18,18,18,100.0,8,8,100.0,18,5.3,4.12,4.06,5.9,5.08556,0.580538,18,0.201111,18,3.96667,18,0,0.0,0,0,0,18,18,100.0,28,28,28,jaoh7_7100p_price-history-09-14-2026.csv,1,29.15,limited,45% session count + 30% calendar span + 25% numeric-field completeness,89
mar2027,jaoh7_7150p_price-history-09-14-2026.csv,jaoh7_7150p,JAOH7,2027-03,put,71.50,7150,yes,2026-08-19,2026-09-14,27,18,18,18,18,18,100.0,8,8,100.0,18,5.52,4.29,4.23,6.13,5.29167,0.600817,18,0.208889,18,3.95889,18,0,0.0,0,0,0,18,18,100.0,84,84,84,jaoh7_7150p_price-history-09-14-2026.csv,1,29.15,limited,45% session count + 30% calendar span + 25% numeric-field completeness,90
mar2027,jaoh7_7400p_price-history-09-14-2026.csv,jaoh7_7400p,JAOH7,2027-03,put,74.00,7400,yes,2026-08-19,2026-09-14,27,18,18,18,18,18,100.0,8,8,100.0,18,6.7,5.21,5.15,7.37,6.40278,0.70513,18,0.248333,18,3.895,18,0,0.0,0,0,0,18,18,100.0,175,175,175,jaoh7_7400p_price-history-09-14-2026.csv,1,29.15,limited,45% session count + 30% calendar span + 25% numeric-field completeness,91
mar2027,jaoh7_7450p_price-history-09-14-2026.csv,jaoh7_7450p,JAOH7,2027-03,put,74.50,7450,yes,2026-08-19,2026-09-14,27,18,18,18,18,18,100.0,8,8,100.0,18,6.95,5.41,5.35,7.64,6.64222,0.726747,18,0.257778,18,3.89722,18,0,0.0,0,0,0,18,18,100.0,323,323,323,jaoh7_7450p_price-history-09-14-2026.csv,1,29.15,limited,45% session count + 30% calendar span + 25% numeric-field completeness,92
mar2027,jaoh7_7500p_price-history-09-14-2026.csv,jaoh7_7500p,JAOH7,2027-03,put,75.00,7500,yes,2026-08-19,2026-09-14,27,18,18,18,18,18,100.0,8,8,100.0,18,7.21,5.62,5.56,7.91,6.89,0.747507,18,0.263889,18,3.84389,18,2,11.11111111111111,16,0.888889,8,18,18,100.0,343,343,335.444,jaoh7_7500p_price-history-09-14-2026.csv,1,29.15,limited,45% session count + 30% calendar span + 25% numeric-field completeness,93
mar2027,jaoh7_8000c_price-history-09-14-2026.csv,jaoh7_8000c,JAOH7,2027-03,call,80.00,8000,yes,2026-08-19,2026-09-14,27,18,18,18,18,18,100.0,8,8,100.0,18,5.79,8.13,5.19,8.6,6.35389,0.999773,18,0.434444,18,6.83333,18,4,22.22222222222222,531,29.5,250,18,18,100.0,1442,1591,1580.56,jaoh7_8000c_price-history-09-14-2026.csv,1,29.15,limited,45% session count + 30% calendar span + 25% numeric-field completeness,94
mar2027,jaoh7_8025c_price-history-09-14-2026.csv,jaoh7_8025c,JAOH7,2027-03,call,80.25,8025,yes,2026-08-19,2026-09-14,27,18,18,18,18,18,100.0,8,8,100.0,18,5.71,8.02,5.11,8.49,6.26444,0.989109,18,0.429444,18,6.85389,18,0,0.0,0,0,0,18,18,100.0,6,6,6,jaoh7_8025c_price-history-09-14-2026.csv,1,29.15,limited,45% session count + 30% calendar span + 25% numeric-field completeness,95
mar2027,jaoh7_8075c_price-history-09-14-2026.csv,jaoh7_8075c,JAOH7,2027-03,call,80.75,8075,yes,2026-08-19,2026-09-14,27,18,18,18,18,18,100.0,8,8,100.0,18,5.55,7.8,4.96,8.27,6.08833,0.967472,18,0.421111,18,6.91722,18,2,11.11111111111111,62,3.44444,31,18,18,100.0,33,33,19.2222,jaoh7_8075c_price-history-09-14-2026.csv,1,29.15,limited,45% session count + 30% calendar span + 25% numeric-field completeness,96
mar2027,jaoh7_8185c_price-history-09-14-2026.csv,jaoh7_8185c,JAOH7,2027-03,call,81.85,8185,yes,2026-08-19,2026-09-14,27,18,18,18,18,18,100.0,8,8,100.0,18,5.21,7.34,4.64,7.8,5.71778,0.920239,18,0.401111,18,7.01944,18,0,0.0,0,0,0,18,18,100.0,4,4,4,jaoh7_8185c_price-history-09-14-2026.csv,1,29.15,limited,45% session count + 30% calendar span + 25% numeric-field completeness,97
mar2027,jaoh7_8342c_price-history-09-14-2026.csv,jaoh7_8342c,JAOH7,2027-03,call,83.42,8342,yes,2026-08-19,2026-09-14,27,18,18,18,18,18,100.0,8,8,100.0,18,4.76,6.73,4.22,7.19,5.23111,0.857832,18,0.377222,18,7.22556,18,0,0.0,0,0,0,18,18,100.0,23,23,23,jaoh7_8342c_price-history-09-14-2026.csv,1,29.15,limited,45% session count + 30% calendar span + 25% numeric-field completeness,98
mar2027,jaoh7_8500c_price-history-09-14-2026.csv,jaoh7_8500c,JAOH7,2027-03,call,85.00,8500,yes,2026-08-19,2026-09-14,27,18,18,18,18,18,100.0,8,8,100.0,18,4.36,6.17,3.84,6.61,4.78778,0.796949,18,0.350556,18,7.35056,18,4,22.22222222222222,332,18.4444,250,18,18,100.0,837,837,646.111,jaoh7_8500c_price-history-09-14-2026.csv,1,29.15,limited,45% session count + 30% calendar span + 25% numeric-field completeness,99
mar2027,jaoh7_8525c_price-history-09-14-2026.csv,jaoh7_8525c,JAOH7,2027-03,call,85.25,8525,yes,2026-08-19,2026-09-14,27,18,18,18,18,18,100.0,8,8,100.0,18,4.3,6.09,3.79,6.53,4.72333,0.787739,18,0.347222,18,7.37111,18,0,0.0,0,0,0,18,18,100.0,1,1,1,jaoh7_8525c_price-history-09-14-2026.csv,1,29.15,limited,45% session count + 30% calendar span + 25% numeric-field completeness,100
mar2027,jaoh7_8575c_price-history-09-14-2026.csv,jaoh7_8575c,JAOH7,2027-03,call,85.75,8575,yes,2026-08-19,2026-09-14,27,18,18,18,18,18,100.0,8,8,100.0,18,4.19,5.92,3.68,6.36,4.59389,0.76821,18,0.338889,18,7.4,18,0,0.0,0,0,0,18,18,100.0,9,9,9,jaoh7_8575c_price-history-09-14-2026.csv,1,29.15,limited,45% session count + 30% calendar span + 25% numeric-field completeness,101
mar2027,jaoh7_8675c_price-history-09-14-2026.csv,jaoh7_8675c,JAOH7,2027-03,call,86.75,8675,yes,2026-08-19,2026-09-14,27,18,18,18,18,18,100.0,8,8,100.0,18,3.97,5.61,3.47,6.04,4.34778,0.733231,18,0.324444,18,7.49278,18,0,0.0,0,0,0,18,18,100.0,7,7,7,jaoh7_8675c_price-history-09-14-2026.csv,1,29.15,limited,45% session count + 30% calendar span + 25% numeric-field completeness,102
mar2027,jaoh7_8705c_price-history-09-14-2026.csv,jaoh7_8705c,JAOH7,2027-03,call,87.05,8705,yes,2026-08-19,2026-09-14,27,18,18,18,18,18,100.0,8,8,100.0,18,3.9,5.52,3.41,5.94,4.27667,0.721572,18,0.32,18,7.515,18,0,0.0,0,0,0,18,18,100.0,63,63,63,jaoh7_8705c_price-history-09-14-2026.csv,1,29.15,limited,45% session count + 30% calendar span + 25% numeric-field completeness,103
mar2028,jaoh8_5740p_price-history-09-14-2026.csv,jaoh8_5740p,JAOH8,2028-03,put,57.40,5740,yes,2026-08-19,2026-09-14,27,18,18,18,18,18,100.0,8,8,100.0,18,3.46,3.78,3.44,4.13,3.76333,0.183727,18,0.108333,18,2.85556,18,0,0.0,0,0,0,18,18,100.0,10,10,10,jaoh8_5740p_price-history-09-14-2026.csv,1,29.15,limited,45% session count + 30% calendar span + 25% numeric-field completeness,104
mar2028,jaoh8_5900p_price-history-09-14-2026.csv,jaoh8_5900p,JAOH8,2028-03,put,59.00,5900,yes,2026-08-19,2026-09-14,27,18,18,18,18,18,100.0,8,8,100.0,18,3.89,4.22,3.86,4.6,4.20889,0.196635,18,0.115556,18,2.72778,18,0,0.0,0,0,0,18,18,100.0,4,4,4,jaoh8_5900p_price-history-09-14-2026.csv,1,29.15,limited,45% session count + 30% calendar span + 25% numeric-field completeness,105
mar2028,jaoh8_6000p_price-history-09-14-2026.csv,jaoh8_6000p,JAOH8,2028-03,put,60.00,6000,yes,2026-08-19,2026-09-14,27,18,18,18,18,18,100.0,8,8,100.0,18,4.17,4.51,4.14,4.92,4.505,0.205622,18,0.121667,18,2.68056,18,2,11.11111111111111,90,5,70,18,18,100.0,430,430,370,jaoh8_6000p_price-history-09-14-2026.csv,1,29.15,limited,45% session count + 30% calendar span + 25% numeric-field completeness,106
mar2028,jaoh8_6151c_price-history-09-14-2026.csv,jaoh8_6151c,JAOH8,2028-03,call,61.51,6151,yes,2026-08-19,2026-09-14,27,18,18,18,18,18,100.0,8,8,100.0,18,12.95,13.41,12.32,13.51,12.9539,0.370107,18,0.251111,18,1.95056,18,0,0.0,0,0,0,18,18,100.0,10,10,10,jaoh8_6151c_price-history-09-14-2026.csv,1,29.15,limited,45% session count + 30% calendar span + 25% numeric-field completeness,107
mar2028,jaoh8_6165p_price-history-09-14-2026.csv,jaoh8_6165p,JAOH8,2028-03,put,61.65,6165,yes,2026-08-19,2026-09-14,27,18,18,18,18,18,100.0,8,8,100.0,18,4.68,5.02,4.64,5.47,5.02833,0.216647,18,0.128333,18,2.535,18,0,0.0,0,0,0,18,18,100.0,14,14,14,jaoh8_6165p_price-history-09-14-2026.csv,1,29.15,limited,45% session count + 30% calendar span + 25% numeric-field completeness,108
mar2028,jaoh8_6200c_price-history-09-14-2026.csv,jaoh8_6200c,JAOH8,2028-03,call,62.00,6200,yes,2026-08-19,2026-09-14,27,18,18,18,18,18,100.0,8,8,100.0,18,12.64,13.11,12.03,13.21,12.6567,0.365923,18,0.25,18,1.98833,18,0,0.0,0,0,0,18,18,100.0,30,30,30,jaoh8_6200c_price-history-09-14-2026.csv,1,29.15,limited,45% session count + 30% calendar span + 25% numeric-field completeness,109
mar2028,jaoh8_6200p_price-history-09-14-2026.csv,jaoh8_6200p,JAOH8,2028-03,put,62.00,6200,yes,2026-08-19,2026-09-14,27,18,18,18,18,18,100.0,8,8,100.0,18,4.79,5.13,4.75,5.59,5.14444,0.220787,18,0.131667,18,2.54333,18,0,0.0,0,0,0,18,18,100.0,6,6,6,jaoh8_6200p_price-history-09-14-2026.csv,1,29.15,limited,45% session count + 30% calendar span + 25% numeric-field completeness,110
mar2028,jaoh8_6250p_price-history-09-14-2026.csv,jaoh8_6250p,JAOH8,2028-03,put,62.50,6250,yes,2026-08-19,2026-09-14,27,18,18,18,18,18,100.0,8,8,100.0,18,4.96,5.29,4.91,5.77,5.31333,0.22383,18,0.133333,18,2.49389,18,1,5.555555555555555,30,1.66667,30,18,18,100.0,35,35,23.3333,jaoh8_6250p_price-history-09-14-2026.csv,1,29.15,limited,45% session count + 30% calendar span + 25% numeric-field completeness,111
mar2028,jaoh8_6420c_price-history-09-14-2026.csv,jaoh8_6420c,JAOH8,2028-03,call,64.20,6420,yes,2026-08-19,2026-09-14,27,18,18,18,18,18,100.0,8,8,100.0,18,11.34,11.8,10.78,11.91,11.3711,0.347193,18,0.240556,18,2.12778,18,0,0.0,0,0,0,18,18,100.0,14,14,14,jaoh8_6420c_price-history-09-14-2026.csv,1,29.15,limited,45% session count + 30% calendar span + 25% numeric-field completeness,112
mar2028,jaoh8_6500c_price-history-09-14-2026.csv,jaoh8_6500c,JAOH8,2028-03,call,65.00,6500,yes,2026-08-19,2026-09-14,27,18,18,18,18,18,100.0,8,8,100.0,18,10.89,11.34,10.34,11.45,10.9222,0.337648,18,0.236111,18,2.175,18,0,0.0,0,0,0,18,18,100.0,30,30,30,jaoh8_6500c_price-history-09-14-2026.csv,1,29.15,limited,45% session count + 30% calendar span + 25% numeric-field completeness,113
mar2028,jaoh8_6500p_price-history-09-14-2026.csv,jaoh8_6500p,JAOH8,2028-03,put,65.00,6500,yes,2026-08-19,2026-09-14,27,18,18,18,18,18,100.0,8,8,100.0,18,5.85,6.17,5.79,6.71,6.22222,0.241513,18,0.143333,18,2.28778,18,1,5.555555555555555,20,1.11111,20,18,18,100.0,39,39,29,jaoh8_6500p_price-history-09-14-2026.csv,1,29.15,limited,45% session count + 30% calendar span + 25% numeric-field completeness,114
mar2028,jaoh8_6600c_price-history-09-14-2026.csv,jaoh8_6600c,JAOH8,2028-03,call,66.00,6600,yes,2026-08-19,2026-09-14,27,18,18,18,18,18,100.0,8,8,100.0,18,10.35,10.78,9.81,10.89,10.38,0.326088,18,0.228889,18,2.21944,18,0,0.0,0,0,0,18,18,100.0,46,46,46,jaoh8_6600c_price-history-09-14-2026.csv,1,29.15,limited,45% session count + 30% calendar span + 25% numeric-field completeness,115
mar2028,jaoh8_6600p_price-history-09-14-2026.csv,jaoh8_6600p,JAOH8,2028-03,put,66.00,6600,yes,2026-08-19,2026-09-14,27,18,18,18,18,18,100.0,8,8,100.0,18,6.25,6.54,6.18,7.12,6.61722,0.246707,18,0.147222,18,2.20722,18,0,0.0,0,0,0,18,18,100.0,6,6,6,jaoh8_6600p_price-history-09-14-2026.csv,1,29.15,limited,45% session count + 30% calendar span + 25% numeric-field completeness,116
mar2028,jaoh8_6750p_price-history-09-14-2026.csv,jaoh8_6750p,JAOH8,2028-03,put,67.50,6750,yes,2026-08-19,2026-09-14,27,18,18,18,18,18,100.0,8,8,100.0,18,6.87,7.13,6.79,7.75,7.23944,0.256027,18,0.15,18,2.05667,18,0,0.0,0,0,0,18,18,100.0,32,32,32,jaoh8_6750p_price-history-09-14-2026.csv,1,29.15,limited,45% session count + 30% calendar span + 25% numeric-field completeness,117
mar2028,jaoh8_6775c_price-history-09-14-2026.csv,jaoh8_6775c,JAOH8,2028-03,call,67.75,6775,yes,2026-08-19,2026-09-14,27,18,18,18,18,18,100.0,8,8,100.0,18,9.44,9.83,8.91,9.95,9.46944,0.304457,18,0.220556,18,2.34333,18,0,0.0,0,0,0,18,18,100.0,7,7,7,jaoh8_6775c_price-history-09-14-2026.csv,1,29.15,limited,45% session count + 30% calendar span + 25% numeric-field completeness,118
mar2028,jaoh8_6875c_price-history-09-14-2026.csv,jaoh8_6875c,JAOH8,2028-03,call,68.75,6875,yes,2026-08-19,2026-09-14,27,18,18,18,18,18,100.0,8,8,100.0,18,8.95,9.31,8.42,9.43,8.97333,0.29109,18,0.213889,18,2.39889,18,0,0.0,0,0,0,18,18,100.0,30,30,30,jaoh8_6875c_price-history-09-14-2026.csv,1,29.15,limited,45% session count + 30% calendar span + 25% numeric-field completeness,119
mar2028,jaoh8_6890c_price-history-09-14-2026.csv,jaoh8_6890c,JAOH8,2028-03,call,68.90,6890,yes,2026-08-19,2026-09-14,27,18,18,18,18,18,100.0,8,8,100.0,18,8.88,9.24,8.35,9.35,8.90111,0.289768,18,0.211667,18,2.39389,18,0,0.0,0,0,0,18,18,100.0,31,31,31,jaoh8_6890c_price-history-09-14-2026.csv,1,29.15,limited,45% session count + 30% calendar span + 25% numeric-field completeness,120
mar2028,jaoh8_7000c_price-history-09-14-2026.csv,jaoh8_7000c,JAOH8,2028-03,call,70.00,7000,yes,2026-08-19,2026-09-14,27,18,18,18,18,18,100.0,8,8,100.0,18,8.36,8.69,7.83,8.8,8.37611,0.277371,18,0.206667,18,2.48222,18,0,0.0,0,0,0,18,18,100.0,9,9,9,jaoh8_7000c_price-history-09-14-2026.csv,1,29.15,limited,45% session count + 30% calendar span + 25% numeric-field completeness,121
mar2028,jaoh8_7000p_price-history-09-14-2026.csv,jaoh8_7000p,JAOH8,2028-03,put,70.00,7000,yes,2026-08-19,2026-09-14,27,18,18,18,18,18,100.0,8,8,100.0,18,8.01,8.18,7.92,8.89,8.36167,0.272014,18,0.159444,18,1.88944,18,0,0.0,0,0,0,18,18,100.0,36,36,36,jaoh8_7000p_price-history-09-14-2026.csv,1,29.15,limited,45% session count + 30% calendar span + 25% numeric-field completeness,122
mar2028,jaoh8_7110c_price-history-09-14-2026.csv,jaoh8_7110c,JAOH8,2028-03,call,71.10,7110,yes,2026-08-19,2026-09-14,27,18,18,18,18,18,100.0,8,8,100.0,18,7.87,8.16,7.34,8.27,7.87333,0.262594,18,0.198333,18,2.53556,18,0,0.0,0,0,0,18,18,100.0,20,20,20,jaoh8_7110c_price-history-09-14-2026.csv,1,29.15,limited,45% session count + 30% calendar span + 25% numeric-field completeness,123
mar2028,jaoh8_7275c_price-history-09-14-2026.csv,jaoh8_7275c,JAOH8,2028-03,call,72.75,7275,yes,2026-08-19,2026-09-14,27,18,18,18,18,18,100.0,8,8,100.0,18,7.17,7.41,6.64,7.52,7.16222,0.244803,18,0.186111,18,2.61278,18,0,0.0,0,0,0,18,18,100.0,5,5,5,jaoh8_7275c_price-history-09-14-2026.csv,1,29.15,limited,45% session count + 30% calendar span + 25% numeric-field completeness,124
mar2028,jaoh8_7340c_price-history-09-14-2026.csv,jaoh8_7340c,JAOH8,2028-03,call,73.40,7340,yes,2026-08-19,2026-09-14,27,18,18,18,18,18,100.0,8,8,100.0,18,6.91,7.12,6.38,7.24,6.895,0.237142,18,0.180556,18,2.63444,18,0,0.0,0,0,0,18,18,100.0,14,14,14,jaoh8_7340c_price-history-09-14-2026.csv,1,29.15,limited,45% session count + 30% calendar span + 25% numeric-field completeness,125
mar2028,jaoh8_7450c_price-history-09-14-2026.csv,jaoh8_7450c,JAOH8,2028-03,call,74.50,7450,yes,2026-08-19,2026-09-14,27,18,18,18,18,18,100.0,8,8,100.0,18,6.49,6.67,5.97,6.79,6.46667,0.22566,18,0.172778,18,2.68778,18,0,0.0,0,0,0,18,18,100.0,97,97,97,jaoh8_7450c_price-history-09-14-2026.csv,1,29.15,limited,45% session count + 30% calendar span + 25% numeric-field completeness,126
mar2028,jaoh8_7450p_price-history-09-14-2026.csv,jaoh8_7450p,JAOH8,2028-03,put,74.50,7450,yes,2026-08-19,2026-09-14,27,18,18,18,18,18,100.0,8,8,100.0,18,10.36,10.37,10.22,11.26,10.6694,0.319487,18,0.193333,18,1.79611,18,0,0.0,0,0,0,18,18,100.0,91,91,91,jaoh8_7450p_price-history-09-14-2026.csv,1,29.15,limited,45% session count + 30% calendar span + 25% numeric-field completeness,127
mar2028,jaoh8_7500c_price-history-09-14-2026.csv,jaoh8_7500c,JAOH8,2028-03,call,75.00,7500,yes,2026-08-19,2026-09-14,27,18,18,18,18,18,100.0,8,8,100.0,18,6.3,6.47,5.8,6.6,6.28,0.22005,18,0.167778,18,2.68556,18,2,11.11111111111111,75,4.16667,40,18,18,100.0,275,275,241.389,jaoh8_7500c_price-history-09-14-2026.csv,1,29.15,limited,45% session count + 30% calendar span + 25% numeric-field completeness,128
mar2028,jaoh8_7550c_price-history-09-14-2026.csv,jaoh8_7550c,JAOH8,2028-03,call,75.50,7550,yes,2026-08-19,2026-09-14,27,18,18,18,18,18,100.0,8,8,100.0,18,6.12,6.28,5.63,6.42,6.09944,0.214488,18,0.162778,18,2.68278,18,0,0.0,0,0,0,18,18,100.0,20,20,20,jaoh8_7550c_price-history-09-14-2026.csv,1,29.15,limited,45% session count + 30% calendar span + 25% numeric-field completeness,129
mar2028,jaoh8_7670c_price-history-09-14-2026.csv,jaoh8_7670c,JAOH8,2028-03,call,76.70,7670,yes,2026-08-19,2026-09-14,27,18,18,18,18,18,100.0,8,8,100.0,18,5.72,5.85,5.24,6,5.69,0.203197,18,0.155,18,2.73778,18,0,0.0,0,0,0,18,18,100.0,6,6,6,jaoh8_7670c_price-history-09-14-2026.csv,1,29.15,limited,45% session count + 30% calendar span + 25% numeric-field completeness,130
mar2028,jaoh8_7700c_price-history-09-14-2026.csv,jaoh8_7700c,JAOH8,2028-03,call,77.00,7700,yes,2026-08-19,2026-09-14,27,18,18,18,18,18,100.0,8,8,100.0,18,5.62,5.74,5.15,5.9,5.59167,0.199673,18,0.151111,18,2.71444,18,0,0.0,0,0,0,18,18,100.0,10,10,10,jaoh8_7700c_price-history-09-14-2026.csv,1,29.15,limited,45% session count + 30% calendar span + 25% numeric-field completeness,131
mar2028,jaoh8_7775c_price-history-09-14-2026.csv,jaoh8_7775c,JAOH8,2028-03,call,77.75,7775,yes,2026-08-19,2026-09-14,27,18,18,18,18,18,100.0,8,8,100.0,18,5.38,5.5,4.93,5.65,5.35722,0.193471,18,0.145556,18,2.72833,18,0,0.0,0,0,0,18,18,100.0,24,24,24,jaoh8_7775c_price-history-09-14-2026.csv,1,29.15,limited,45% session count + 30% calendar span + 25% numeric-field completeness,132
sep2027,jaou7_5800p_price-history-09-14-2026.csv,jaou7_5800p,JAOU7,2027-09,put,58.00,5800,yes,2026-08-19,2026-09-14,27,18,18,18,18,18,100.0,8,8,100.0,18,3.01,3.08,3,3.45,3.20778,0.132772,18,0.0805556,18,2.49833,18,0,0.0,0,0,0,18,18,100.0,30,30,30,jaou7_5800p_price-history-09-14-2026.csv,1,29.15,limited,45% session count + 30% calendar span + 25% numeric-field completeness,133
sep2027,jaou7_5900p_price-history-09-14-2026.csv,jaou7_5900p,JAOU7,2027-09,put,59.00,5900,yes,2026-08-19,2026-09-14,27,18,18,18,18,18,100.0,8,8,100.0,18,3.25,3.32,3.23,3.71,3.45444,0.143032,18,0.0866667,18,2.49611,18,0,0.0,0,0,0,18,18,100.0,5,5,5,jaou7_5900p_price-history-09-14-2026.csv,1,29.15,limited,45% session count + 30% calendar span + 25% numeric-field completeness,134
sep2027,jaou7_6000p_price-history-09-14-2026.csv,jaou7_6000p,JAOU7,2027-09,put,60.00,6000,yes,2026-08-19,2026-09-14,27,18,18,18,18,18,100.0,8,8,100.0,18,3.5,3.57,3.48,3.99,3.71556,0.153015,18,0.0916667,18,2.45389,18,4,22.22222222222222,170,9.44444,90,18,18,100.0,1594,1594,1547.06,jaou7_6000p_price-history-09-14-2026.csv,1,29.15,limited,45% session count + 30% calendar span + 25% numeric-field completeness,135
sep2027,jaou7_6200p_price-history-09-14-2026.csv,jaou7_6200p,JAOU7,2027-09,put,62.00,6200,yes,2026-08-19,2026-09-14,27,18,18,18,18,18,100.0,8,8,100.0,18,4.05,4.11,4.02,4.6,4.28444,0.175443,18,0.100556,18,2.33056,18,0,0.0,0,0,0,18,18,100.0,44,44,44,jaou7_6200p_price-history-09-14-2026.csv,1,29.15,limited,45% session count + 30% calendar span + 25% numeric-field completeness,136
sep2027,jaou7_6420p_price-history-09-14-2026.csv,jaou7_6420p,JAOU7,2027-09,put,64.20,6420,yes,2026-08-19,2026-09-14,27,18,18,18,18,18,100.0,8,8,100.0,18,4.74,4.77,4.69,5.35,4.98611,0.201691,18,0.116667,18,2.32278,18,0,0.0,0,0,0,18,18,100.0,6,6,6,jaou7_6420p_price-history-09-14-2026.csv,1,29.15,limited,45% session count + 30% calendar span + 25% numeric-field completeness,137
sep2027,jaou7_6500p_price-history-09-14-2026.csv,jaou7_6500p,JAOU7,2027-09,put,65.00,6500,yes,2026-08-19,2026-09-14,27,18,18,18,18,18,100.0,8,8,100.0,18,5.01,5.03,4.95,5.64,5.26111,0.211657,18,0.122778,18,2.31611,18,4,22.22222222222222,452,25.1111,220,18,18,100.0,1008,1008,752.444,jaou7_6500p_price-history-09-14-2026.csv,1,29.15,limited,45% session count + 30% calendar span + 25% numeric-field completeness,138
sep2027,jaou7_6750p_price-history-09-14-2026.csv,jaou7_6750p,JAOU7,2027-09,put,67.50,6750,yes,2026-08-19,2026-09-14,27,18,18,18,18,18,100.0,8,8,100.0,18,5.94,5.92,5.86,6.63,6.20056,0.24582,18,0.141111,18,2.26,18,0,0.0,0,0,0,18,18,100.0,10,10,10,jaou7_6750p_price-history-09-14-2026.csv,1,29.15,limited,45% session count + 30% calendar span + 25% numeric-field completeness,139
sep2027,jaou7_6800p_price-history-09-14-2026.csv,jaou7_6800p,JAOU7,2027-09,put,68.00,6800,yes,2026-08-19,2026-09-14,27,18,18,18,18,18,100.0,8,8,100.0,18,6.14,6.11,6.05,6.85,6.40222,0.252423,18,0.146111,18,2.26556,18,0,0.0,0,0,0,18,18,100.0,60,60,60,jaou7_6800p_price-history-09-14-2026.csv,1,29.15,limited,45% session count + 30% calendar span + 25% numeric-field completeness,140
sep2027,jaou7_6820c_price-history-09-14-2026.csv,jaou7_6820c,JAOU7,2027-09,call,68.20,6820,yes,2026-08-19,2026-09-14,27,18,18,18,18,18,100.0,8,8,100.0,18,10.06,10.81,9.37,10.84,10.1461,0.462423,18,0.294444,18,2.93389,18,0,0.0,0,0,0,18,18,100.0,30,30,30,jaou7_6820c_price-history-09-14-2026.csv,1,29.15,limited,45% session count + 30% calendar span + 25% numeric-field completeness,141
sep2027,jaou7_6825c_price-history-09-14-2026.csv,jaou7_6825c,JAOU7,2027-09,call,68.25,6825,yes,2026-08-19,2026-09-14,27,18,18,18,18,18,100.0,8,8,100.0,18,10.03,10.79,9.35,10.81,10.1189,0.461554,18,0.292778,18,2.925,18,0,0.0,0,0,0,18,18,100.0,15,15,15,jaou7_6825c_price-history-09-14-2026.csv,1,29.15,limited,45% session count + 30% calendar span + 25% numeric-field completeness,142
sep2027,jaou7_6900c_price-history-09-14-2026.csv,jaou7_6900c,JAOU7,2027-09,call,69.00,6900,yes,2026-08-19,2026-09-14,27,18,18,18,18,18,100.0,8,8,100.0,18,9.62,10.37,8.96,10.4,9.71722,0.451181,18,0.288889,18,3.00611,18,0,0.0,0,0,0,18,18,100.0,30,30,30,jaou7_6900c_price-history-09-14-2026.csv,1,29.15,limited,45% session count + 30% calendar span + 25% numeric-field completeness,143
sep2027,jaou7_6900p_price-history-09-14-2026.csv,jaou7_6900p,JAOU7,2027-09,put,69.00,6900,yes,2026-08-19,2026-09-14,27,18,18,18,18,18,100.0,8,8,100.0,18,6.55,6.51,6.46,7.29,6.82167,0.266422,18,0.153889,18,2.23833,18,0,0.0,0,0,0,18,18,100.0,175,175,175,jaou7_6900p_price-history-09-14-2026.csv,1,29.15,limited,45% session count + 30% calendar span + 25% numeric-field completeness,144
sep2027,jaou7_6905c_price-history-09-14-2026.csv,jaou7_6905c,JAOU7,2027-09,call,69.05,6905,yes,2026-08-19,2026-09-14,27,18,18,18,18,18,100.0,8,8,100.0,18,9.6,10.34,8.94,10.37,9.69056,0.450462,18,0.287778,18,3.00389,18,0,0.0,0,0,0,18,18,100.0,4,4,4,jaou7_6905c_price-history-09-14-2026.csv,1,29.15,limited,45% session count + 30% calendar span + 25% numeric-field completeness,145
sep2027,jaou7_6930c_price-history-09-14-2026.csv,jaou7_6930c,JAOU7,2027-09,call,69.30,6930,yes,2026-08-19,2026-09-14,27,18,18,18,18,18,100.0,8,8,100.0,18,9.47,10.21,8.81,10.23,9.56056,0.446573,18,0.285556,18,3.02056,18,0,0.0,0,0,0,18,18,100.0,7,7,7,jaou7_6930c_price-history-09-14-2026.csv,1,29.15,limited,45% session count + 30% calendar span + 25% numeric-field completeness,146
sep2027,jaou7_7000c_price-history-09-14-2026.csv,jaou7_7000c,JAOU7,2027-09,call,70.00,7000,yes,2026-08-19,2026-09-14,27,18,18,18,18,18,100.0,8,8,100.0,18,9.1,9.83,8.47,9.86,9.19944,0.436253,18,0.280556,18,3.08611,18,0,0.0,0,0,0,18,18,100.0,812,812,812,jaou7_7000c_price-history-09-14-2026.csv,1,29.15,limited,45% session count + 30% calendar span + 25% numeric-field completeness,147
sep2027,jaou7_7000p_price-history-09-14-2026.csv,jaou7_7000p,JAOU7,2027-09,put,70.00,7000,yes,2026-08-19,2026-09-14,27,18,18,18,18,18,100.0,8,8,100.0,18,6.99,6.92,6.89,7.75,7.26167,0.28052,18,0.162778,18,2.22389,18,9,50.0,236,13.1111,60,18,18,100.0,714,714,638.056,jaou7_7000p_price-history-09-14-2026.csv,1,29.15,limited,45% session count + 30% calendar span + 25% numeric-field completeness,148
sep2027,jaou7_7110c_price-history-09-14-2026.csv,jaou7_7110c,JAOU7,2027-09,call,71.10,7110,yes,2026-08-19,2026-09-14,27,18,18,18,18,18,100.0,8,8,100.0,18,8.55,9.26,7.96,9.3,8.65444,0.420201,18,0.27,18,3.15833,18,0,0.0,0,0,0,18,18,100.0,5,5,5,jaou7_7110c_price-history-09-14-2026.csv,1,29.15,limited,45% session count + 30% calendar span + 25% numeric-field completeness,149
sep2027,jaou7_7200c_price-history-09-14-2026.csv,jaou7_7200c,JAOU7,2027-09,call,72.00,7200,yes,2026-08-19,2026-09-14,27,18,18,18,18,18,100.0,8,8,100.0,18,8.13,8.81,7.56,8.85,8.22722,0.406828,18,0.261667,18,3.22,18,0,0.0,0,0,0,18,18,100.0,143,143,143,jaou7_7200c_price-history-09-14-2026.csv,1,29.15,limited,45% session count + 30% calendar span + 25% numeric-field completeness,150
sep2027,jaou7_7335c_price-history-09-14-2026.csv,jaou7_7335c,JAOU7,2027-09,call,73.35,7335,yes,2026-08-19,2026-09-14,27,18,18,18,18,18,100.0,8,8,100.0,18,7.52,8.17,6.99,8.22,7.62,0.384939,18,0.249444,18,3.31389,18,0,0.0,0,0,0,18,18,100.0,10,10,10,jaou7_7335c_price-history-09-14-2026.csv,1,29.15,limited,45% session count + 30% calendar span + 25% numeric-field completeness,151
sep2027,jaou7_7400c_price-history-09-14-2026.csv,jaou7_7400c,JAOU7,2027-09,call,74.00,7400,yes,2026-08-19,2026-09-14,27,18,18,18,18,18,100.0,8,8,100.0,18,7.24,7.88,6.73,7.92,7.34056,0.375107,18,0.244444,18,3.37167,18,0,0.0,0,0,0,18,18,100.0,60,60,60,jaou7_7400c_price-history-09-14-2026.csv,1,29.15,limited,45% session count + 30% calendar span + 25% numeric-field completeness,152
sep2027,jaou7_7400p_price-history-09-14-2026.csv,jaou7_7400p,JAOU7,2027-09,put,74.00,7400,yes,2026-08-19,2026-09-14,27,18,18,18,18,18,100.0,8,8,100.0,18,8.95,8.79,8.79,9.83,9.23056,0.341508,18,0.198333,18,2.13,18,0,0.0,0,0,0,18,18,100.0,175,175,175,jaou7_7400p_price-history-09-14-2026.csv,1,29.15,limited,45% session count + 30% calendar span + 25% numeric-field completeness,153
sep2027,jaou7_7450c_price-history-09-14-2026.csv,jaou7_7450c,JAOU7,2027-09,call,74.50,7450,yes,2026-08-19,2026-09-14,27,18,18,18,18,18,100.0,8,8,100.0,18,7.03,7.65,6.53,7.7,7.13111,0.367013,18,0.240556,18,3.41722,18,0,0.0,0,0,0,18,18,100.0,152,152,152,jaou7_7450c_price-history-09-14-2026.csv,1,29.15,limited,45% session count + 30% calendar span + 25% numeric-field completeness,154
sep2027,jaou7_7450p_price-history-09-14-2026.csv,jaou7_7450p,JAOU7,2027-09,put,74.50,7450,yes,2026-08-19,2026-09-14,27,18,18,18,18,18,100.0,8,8,100.0,18,9.22,9.05,9.05,10.11,9.50222,0.348561,18,0.201667,18,2.10556,18,0,0.0,0,0,0,18,18,100.0,152,152,152,jaou7_7450p_price-history-09-14-2026.csv,1,29.15,limited,45% session count + 30% calendar span + 25% numeric-field completeness,155
sep2027,jaou7_7500c_price-history-09-14-2026.csv,jaou7_7500c,JAOU7,2027-09,call,75.00,7500,yes,2026-08-19,2026-09-14,27,18,18,18,18,18,100.0,8,8,100.0,18,6.83,7.44,6.34,7.49,6.92889,0.360214,18,0.237778,18,3.47611,18,0,0.0,0,0,0,18,18,100.0,1215,1215,1215,jaou7_7500c_price-history-09-14-2026.csv,1,29.15,limited,45% session count + 30% calendar span + 25% numeric-field completeness,156
sep2027,jaou7_7500p_price-history-09-14-2026.csv,jaou7_7500p,JAOU7,2027-09,put,75.00,7500,yes,2026-08-19,2026-09-14,27,18,18,18,18,18,100.0,8,8,100.0,18,9.5,9.31,9.31,10.4,9.77722,0.357115,18,0.207778,18,2.10778,18,0,0.0,0,0,0,18,18,100.0,10,10,10,jaou7_7500p_price-history-09-14-2026.csv,1,29.15,limited,45% session count + 30% calendar span + 25% numeric-field completeness,157
sep2027,jaou7_7542c_price-history-09-14-2026.csv,jaou7_7542c,JAOU7,2027-09,call,75.42,7542,yes,2026-08-19,2026-09-14,27,18,18,18,18,18,100.0,8,8,100.0,18,6.66,7.26,6.19,7.32,6.76111,0.353473,18,0.233889,18,3.50444,18,0,0.0,0,0,0,18,18,100.0,5,5,5,jaou7_7542c_price-history-09-14-2026.csv,1,29.15,limited,45% session count + 30% calendar span + 25% numeric-field completeness,158
sep2027,jaou7_7550c_price-history-09-14-2026.csv,jaou7_7550c,JAOU7,2027-09,call,75.50,7550,yes,2026-08-19,2026-09-14,27,18,18,18,18,18,100.0,8,8,100.0,18,6.63,7.23,6.16,7.28,6.72944,0.351875,18,0.232222,18,3.495,18,0,0.0,0,0,0,18,18,100.0,12,12,12,jaou7_7550c_price-history-09-14-2026.csv,1,29.15,limited,45% session count + 30% calendar span + 25% numeric-field completeness,159
sep2027,jaou7_7610c_price-history-09-14-2026.csv,jaou7_7610c,JAOU7,2027-09,call,76.10,7610,yes,2026-08-19,2026-09-14,27,18,18,18,18,18,100.0,8,8,100.0,18,6.4,6.98,5.94,7.04,6.49833,0.343919,18,0.228889,18,3.56778,18,0,0.0,0,0,0,18,18,100.0,30,30,30,jaou7_7610c_price-history-09-14-2026.csv,1,29.15,limited,45% session count + 30% calendar span + 25% numeric-field completeness,160
sep2027,jaou7_7705c_price-history-09-14-2026.csv,jaou7_7705c,JAOU7,2027-09,call,77.05,7705,yes,2026-08-19,2026-09-14,27,18,18,18,18,18,100.0,8,8,100.0,18,6.05,6.61,5.62,6.67,6.14944,0.328625,18,0.219444,18,3.61444,18,0,0.0,0,0,0,18,18,100.0,41,41,41,jaou7_7705c_price-history-09-14-2026.csv,1,29.15,limited,45% session count + 30% calendar span + 25% numeric-field completeness,161
sep2027,jaou7_7710c_price-history-09-14-2026.csv,jaou7_7710c,JAOU7,2027-09,call,77.10,7710,yes,2026-08-19,2026-09-14,27,18,18,18,18,18,100.0,8,8,100.0,18,6.04,6.59,5.61,6.65,6.13167,0.326705,18,0.217222,18,3.58722,18,0,0.0,0,0,0,18,18,100.0,13,13,13,jaou7_7710c_price-history-09-14-2026.csv,1,29.15,limited,45% session count + 30% calendar span + 25% numeric-field completeness,162
sep2027,jaou7_7725c_price-history-09-14-2026.csv,jaou7_7725c,JAOU7,2027-09,call,77.25,7725,yes,2026-08-19,2026-09-14,27,18,18,18,18,18,100.0,8,8,100.0,18,5.98,6.53,5.56,6.59,6.07889,0.324549,18,0.216667,18,3.61,18,0,0.0,0,0,0,18,18,100.0,4,4,4,jaou7_7725c_price-history-09-14-2026.csv,1,29.15,limited,45% session count + 30% calendar span + 25% numeric-field completeness,163
oct2026,jaov6_8000p_price-history-09-12-2026.csv,jaov6_8000p,JAOV6,2026-10,put,80.00,8000,yes,2026-08-18,2026-09-11,25,18,18,18,18,18,100.0,8,8,100.0,18,4.31,0.83,0.62,4.73,2.86278,1.39356,18,0.388889,18,15.4756,18,2,11.11111111111111,60,3.33333,30,18,17,94.44444444444444,0,3560,3327.22,jaov6_8000p_price-history-09-12-2026.csv,1,29.03,limited,45% session count + 30% calendar span + 25% numeric-field completeness,164
oct2026,jaov6_8200p_price-history-09-12-2026.csv,jaov6_8200p,JAOV6,2026-10,put,82.00,8200,yes,2026-08-18,2026-09-11,25,18,18,18,18,18,100.0,8,8,100.0,18,5.4,1.14,0.87,5.9,3.67833,1.68788,18,0.466111,18,14.4811,18,0,0.0,0,0,0,18,17,94.44444444444444,0,7,6.61111,jaov6_8200p_price-history-09-12-2026.csv,1,29.03,limited,45% session count + 30% calendar span + 25% numeric-field completeness,165
oct2026,jaov6_9000p_price-history-09-12-2026.csv,jaov6_9000p,JAOV6,2026-10,put,90.00,9000,yes,2026-08-18,2026-09-11,25,18,18,18,18,18,100.0,8,8,100.0,18,10.83,3.52,2.84,11.71,8.19889,2.83155,18,0.781111,18,10.8372,18,0,0.0,0,0,0,18,17,94.44444444444444,0,400,377.778,jaov6_9000p_price-history-09-12-2026.csv,1,29.03,limited,45% session count + 30% calendar span + 25% numeric-field completeness,166
sep2027,jaou7_7600c_price-history-09-14-2026.csv,jaou7_7600c,JAOU7,2027-09,call,76.00,7600,yes,2026-08-20,2026-09-14,26,17,17,17,17,17,100.0,8,8,100.0,17,6.83,7.02,5.98,7.08,6.54353,0.352803,17,0.235294,17,3.64588,17,1,5.882352941176471,30,1.76471,30,17,17,100.0,90,90,88.2353,jaou7_7600c_price-history-09-14-2026.csv,1,28.95,limited,45% session count + 30% calendar span + 25% numeric-field completeness,167
nov2026,jaox6_8950c_price-history-09-12-2026.csv,jaox6_8950c,JAOX6,2026-11,call,89.50,8950,no,2026-08-19,2026-09-11,24,17,17,17,17,17,100.0,8,8,100.0,17,3.61,7.38,2.77,8.98,4.43941,1.62419,17,0.675294,17,14.8329,17,0,0.0,0,0,0,17,16,94.11764705882354,0,7,6.58824,jaox6_8950c_price-history-09-12-2026.csv,1,28.83,limited,45% session count + 30% calendar span + 25% numeric-field completeness,168
mar2027,jaoh7_8102c_price-history-09-14-2026.csv,jaoh7_8102c,JAOH7,2027-03,call,81.02,8102,yes,2026-08-21,2026-09-14,25,16,16,16,16,16,100.0,8,8,100.0,16,6.04,7.69,4.88,8.15,6.02875,1.00476,16,0.42375,16,7.0025,16,0,0.0,0,0,0,16,16,100.0,6,6,6,jaoh7_8102c_price-history-09-14-2026.csv,1,28.75,limited,45% session count + 30% calendar span + 25% numeric-field completeness,169
sep2026,jaou6_8250p_price-history-09-12-2026.csv,jaou6_8250p,JAOU6,2026-09,put,82.50,8250,no,2026-08-21,2026-09-11,22,15,15,15,15,15,100.0,8,8,100.0,15,1.94,0.01,0.01,3.3,1.19,1.22575,15,0.318667,15,30.2507,15,1,6.666666666666667,15,1,15,15,14,93.33333333333333,0,24,13.4,jaou6_8250p_price-history-09-12-2026.csv,1,28.43,limited,45% session count + 30% calendar span + 25% numeric-field completeness,170
mar2027,jaoh7_8100c_price-history-09-14-2026.csv,jaoh7_8100c,JAOH7,2027-03,call,81.00,8100,yes,2026-08-27,2026-09-14,19,12,12,12,12,12,100.0,8,8,100.0,12,5.01,7.7,4.88,8.16,6.25917,1.0421,12,0.4625,12,7.52667,12,0,0.0,0,0,0,12,12,100.0,4,4,4,jaoh7_8100c_price-history-09-14-2026.csv,1,27.83,limited,45% session count + 30% calendar span + 25% numeric-field completeness,171
oct2026,jaov6_10000c_price-history-09-12-2026.csv,jaov6_10000c,JAOV6,2026-10,call,100.00,10000,yes,2026-08-26,2026-09-11,17,12,12,12,12,12,100.0,8,8,100.0,12,0.88,3.65,0.8,4.82,1.8575,1.1657,12,0.508333,12,28.2475,12,1,8.333333333333334,150,12.5,150,12,11,91.66666666666667,0,1636,1499.67,jaov6_10000c_price-history-09-12-2026.csv,1,27.71,limited,45% session count + 30% calendar span + 25% numeric-field completeness,172
oct2026,jaov6_10205c_price-history-09-12-2026.csv,jaov6_10205c,JAOV6,2026-10,call,102.05,10205,yes,2026-08-26,2026-09-11,17,12,12,12,12,12,100.0,8,8,100.0,12,0.75,3.11,0.67,4.16,1.565,1.00901,12,0.449167,12,29.7817,12,0,0.0,0,0,0,12,11,91.66666666666667,0,5,4.58333,jaov6_10205c_price-history-09-12-2026.csv,1,27.71,limited,45% session count + 30% calendar span + 25% numeric-field completeness,173
oct2026,jaov6_10240c_price-history-09-12-2026.csv,jaov6_10240c,JAOV6,2026-10,call,102.40,10240,yes,2026-08-26,2026-09-11,17,12,12,12,12,12,100.0,8,8,100.0,12,0.73,3.03,0.65,4.06,1.52083,0.985423,12,0.440833,12,30.1208,12,0,0.0,0,0,0,12,11,91.66666666666667,0,4,3.66667,jaov6_10240c_price-history-09-12-2026.csv,1,27.71,limited,45% session count + 30% calendar span + 25% numeric-field completeness,174
oct2026,jaov6_10300c_price-history-09-12-2026.csv,jaov6_10300c,JAOV6,2026-10,call,103.00,10300,yes,2026-08-26,2026-09-11,17,12,12,12,12,12,100.0,8,8,100.0,12,0.69,2.89,0.62,3.89,1.44583,0.945229,12,0.423333,12,30.3142,12,0,0.0,0,0,0,12,11,91.66666666666667,0,2,1.83333,jaov6_10300c_price-history-09-12-2026.csv,1,27.71,limited,45% session count + 30% calendar span + 25% numeric-field completeness,175
oct2026,jaov6_10500c_price-history-09-12-2026.csv,jaov6_10500c,JAOV6,2026-10,call,105.00,10500,yes,2026-08-26,2026-09-11,17,12,12,12,12,12,100.0,8,8,100.0,12,0.6,2.47,0.53,3.36,1.22667,0.81751,12,0.371667,12,31.4283,12,0,0.0,0,0,0,12,11,91.66666666666667,0,23,21.0833,jaov6_10500c_price-history-09-12-2026.csv,1,27.71,limited,45% session count + 30% calendar span + 25% numeric-field completeness,176
oct2026,jaov6_10800c_price-history-09-12-2026.csv,jaov6_10800c,JAOV6,2026-10,call,108.00,10800,yes,2026-08-26,2026-09-11,17,12,12,12,12,12,100.0,8,8,100.0,12,0.48,1.96,0.42,2.7,0.960833,0.658944,12,0.303333,12,32.8608,12,0,0.0,0,0,0,12,11,91.66666666666667,0,100,91.6667,jaov6_10800c_price-history-09-12-2026.csv,1,27.71,limited,45% session count + 30% calendar span + 25% numeric-field completeness,177
oct2026,jaov6_11500c_price-history-09-12-2026.csv,jaov6_11500c,JAOV6,2026-10,call,115.00,11500,yes,2026-08-26,2026-09-11,17,12,12,12,12,12,100.0,8,8,100.0,12,0.3,1.15,0.25,1.62,0.5575,0.395266,12,0.190833,12,36.4042,12,0,0.0,0,0,0,12,11,91.66666666666667,0,20,18.3333,jaov6_11500c_price-history-09-12-2026.csv,1,27.71,limited,45% session count + 30% calendar span + 25% numeric-field completeness,178
oct2026,jaov6_12100c_price-history-09-12-2026.csv,jaov6_12100c,JAOV6,2026-10,call,121.00,12100,yes,2026-08-26,2026-09-11,17,12,12,12,12,12,100.0,8,8,100.0,12,0.21,0.74,0.17,1.06,0.361667,0.25651,12,0.129167,12,38.305,12,0,0.0,0,0,0,12,11,91.66666666666667,0,10,9.16667,jaov6_12100c_price-history-09-12-2026.csv,1,27.71,limited,45% session count + 30% calendar span + 25% numeric-field completeness,179
oct2026,jaov6_12500c_price-history-09-12-2026.csv,jaov6_12500c,JAOV6,2026-10,call,125.00,12500,yes,2026-08-26,2026-09-11,17,12,12,12,12,12,100.0,8,8,100.0,12,0.17,0.56,0.14,0.81,0.276667,0.194522,12,0.0991667,12,39.0567,12,1,8.333333333333334,400,33.3333,400,12,11,91.66666666666667,0,200,183.333,jaov6_12500c_price-history-09-12-2026.csv,1,27.71,limited,45% session count + 30% calendar span + 25% numeric-field completeness,180
oct2026,jaov6_16000c_price-history-09-12-2026.csv,jaov6_16000c,JAOV6,2026-10,call,160.00,16000,yes,2026-08-26,2026-09-11,17,12,12,12,12,12,100.0,8,8,100.0,12,0.04,0.08,0.02,0.11,0.045,0.0243242,12,0.015,12,39.3558,12,0,0.0,0,0,0,12,11,91.66666666666667,0,15,13.75,jaov6_16000c_price-history-09-12-2026.csv,1,27.71,limited,45% session count + 30% calendar span + 25% numeric-field completeness,181
oct2026,jaov6_7200p_price-history-09-12-2026.csv,jaov6_7200p,JAOV6,2026-10,put,72.00,7200,yes,2026-08-26,2026-09-11,17,12,12,12,12,12,100.0,8,8,100.0,12,1.55,0.2,0.15,1.55,0.6425,0.455451,12,0.123333,12,19.9125,12,0,0.0,0,0,0,12,11,91.66666666666667,0,1,0.916667,jaov6_7200p_price-history-09-12-2026.csv,1,27.71,limited,45% session count + 30% calendar span + 25% numeric-field completeness,182
oct2026,jaov6_7400p_price-history-09-12-2026.csv,jaov6_7400p,JAOV6,2026-10,put,74.00,7400,yes,2026-08-26,2026-09-11,17,12,12,12,12,12,100.0,8,8,100.0,12,2.13,0.29,0.21,2.13,0.905833,0.623531,12,0.169167,12,20.1317,12,0,0.0,0,0,0,12,11,91.66666666666667,0,205,187.917,jaov6_7400p_price-history-09-12-2026.csv,1,27.71,limited,45% session count + 30% calendar span + 25% numeric-field completeness,183
oct2026,jaov6_7450p_price-history-09-12-2026.csv,jaov6_7450p,JAOV6,2026-10,put,74.50,7450,yes,2026-08-26,2026-09-11,17,12,12,12,12,12,100.0,8,8,100.0,12,2.29,0.32,0.23,2.29,0.985,0.670566,12,0.180833,12,20.0542,12,0,0.0,0,0,0,12,11,91.66666666666667,0,413,378.583,jaov6_7450p_price-history-09-12-2026.csv,1,27.71,limited,45% session count + 30% calendar span + 25% numeric-field completeness,184
oct2026,jaov6_7500p_price-history-09-12-2026.csv,jaov6_7500p,JAOV6,2026-10,put,75.00,7500,yes,2026-08-26,2026-09-11,17,12,12,12,12,12,100.0,8,8,100.0,12,2.47,0.35,0.25,2.47,1.07083,0.721635,12,0.195833,12,20.08,12,4,33.333333333333336,50,4.16667,15,12,11,91.66666666666667,0,643,582.75,jaov6_7500p_price-history-09-12-2026.csv,1,27.71,limited,45% session count + 30% calendar span + 25% numeric-field completeness,185
oct2026,jaov6_7600p_price-history-09-12-2026.csv,jaov6_7600p,JAOV6,2026-10,put,76.00,7600,yes,2026-08-26,2026-09-11,17,12,12,12,12,12,100.0,8,8,100.0,12,2.85,0.41,0.3,2.85,1.25667,0.831338,12,0.224167,12,19.5008,12,0,0.0,0,0,0,12,11,91.66666666666667,0,4,3.66667,jaov6_7600p_price-history-09-12-2026.csv,1,27.71,limited,45% session count + 30% calendar span + 25% numeric-field completeness,186
oct2026,jaov6_7800p_price-history-09-12-2026.csv,jaov6_7800p,JAOV6,2026-10,put,78.00,7800,yes,2026-08-26,2026-09-11,17,12,12,12,12,12,100.0,8,8,100.0,12,3.71,0.59,0.44,3.71,1.71333,1.07223,12,0.285833,12,18.4125,12,0,0.0,0,0,0,12,11,91.66666666666667,0,26,23.8333,jaov6_7800p_price-history-09-12-2026.csv,1,27.71,limited,45% session count + 30% calendar span + 25% numeric-field completeness,187
oct2026,jaov6_9200c_price-history-09-12-2026.csv,jaov6_9200c,JAOV6,2026-10,call,92.00,9200,yes,2026-08-26,2026-09-11,17,12,12,12,12,12,100.0,8,8,100.0,12,1.71,6.72,1.66,8.38,3.635,1.98358,12,0.791667,12,22.4092,12,0,0.0,0,0,0,12,11,91.66666666666667,0,1,0.916667,jaov6_9200c_price-history-09-12-2026.csv,1,27.71,limited,45% session count + 30% calendar span + 25% numeric-field completeness,188
oct2026,jaov6_9225c_price-history-09-12-2026.csv,jaov6_9225c,JAOV6,2026-10,call,92.25,9225,yes,2026-08-26,2026-09-11,17,12,12,12,12,12,100.0,8,8,100.0,12,1.67,6.6,1.62,8.24,3.55833,1.95374,12,0.783333,12,22.6808,12,0,0.0,0,0,0,12,11,91.66666666666667,0,12,11,jaov6_9225c_price-history-09-12-2026.csv,1,27.71,limited,45% session count + 30% calendar span + 25% numeric-field completeness,189
oct2026,jaov6_9348c_price-history-09-12-2026.csv,jaov6_9348c,JAOV6,2026-10,call,93.48,9348,yes,2026-08-26,2026-09-11,17,12,12,12,12,12,100.0,8,8,100.0,12,1.5,6.02,1.44,7.58,3.20833,1.80553,12,0.734167,12,23.5858,12,0,0.0,0,0,0,12,11,91.66666666666667,0,10,9.16667,jaov6_9348c_price-history-09-12-2026.csv,1,27.71,limited,45% session count + 30% calendar span + 25% numeric-field completeness,190
oct2026,jaov6_9353c_price-history-09-12-2026.csv,jaov6_9353c,JAOV6,2026-10,call,93.53,9353,yes,2026-08-26,2026-09-11,17,12,12,12,12,12,100.0,8,8,100.0,12,1.5,5.99,1.43,7.56,3.19667,1.79897,12,0.735,12,23.7217,12,0,0.0,0,0,0,12,11,91.66666666666667,0,20,18.3333,jaov6_9353c_price-history-09-12-2026.csv,1,27.71,limited,45% session count + 30% calendar span + 25% numeric-field completeness,191
oct2026,jaov6_9435c_price-history-09-12-2026.csv,jaov6_9435c,JAOV6,2026-10,call,94.35,9435,yes,2026-08-26,2026-09-11,17,12,12,12,12,12,100.0,8,8,100.0,12,1.4,5.63,1.33,7.14,2.98333,1.7033,12,0.701667,12,24.2417,12,0,0.0,0,0,0,12,11,91.66666666666667,0,10,9.16667,jaov6_9435c_price-history-09-12-2026.csv,1,27.71,limited,45% session count + 30% calendar span + 25% numeric-field completeness,192
oct2026,jaov6_9800c_price-history-09-12-2026.csv,jaov6_9800c,JAOV6,2026-10,call,98.00,9800,yes,2026-08-26,2026-09-11,17,12,12,12,12,12,100.0,8,8,100.0,12,1.03,4.26,0.96,5.54,2.195,1.33441,12,0.57,12,26.7425,12,0,0.0,0,0,0,12,11,91.66666666666667,0,22,20.1667,jaov6_9800c_price-history-09-12-2026.csv,1,27.71,limited,45% session count + 30% calendar span + 25% numeric-field completeness,193
oct2026,jaov6_9911c_price-history-09-12-2026.csv,jaov6_9911c,JAOV6,2026-10,call,99.11,9911,yes,2026-08-26,2026-09-11,17,12,12,12,12,12,100.0,8,8,100.0,12,0.94,3.91,0.87,5.13,2,1.23869,12,0.535,12,27.5783,12,0,0.0,0,0,0,12,11,91.66666666666667,0,12,11,jaov6_9911c_price-history-09-12-2026.csv,1,27.71,limited,45% session count + 30% calendar span + 25% numeric-field completeness,194
oct2026,jaov6_9955c_price-history-09-12-2026.csv,jaov6_9955c,JAOV6,2026-10,call,99.55,9955,yes,2026-08-26,2026-09-11,17,12,12,12,12,12,100.0,8,8,100.0,12,0.91,3.78,0.83,4.97,1.92833,1.20082,12,0.521667,12,28.0067,12,0,0.0,0,0,0,12,11,91.66666666666667,0,100,91.6667,jaov6_9955c_price-history-09-12-2026.csv,1,27.71,limited,45% session count + 30% calendar span + 25% numeric-field completeness,195
mar2027,jaoh7_7900c_price-history-09-14-2026.csv,jaoh7_7900c,JAOH7,2027-03,call,79.00,7900,yes,2026-08-28,2026-09-14,18,11,11,11,11,11,100.0,8,8,100.0,11,5.52,8.59,5.52,9.06,7.13727,1.09893,11,0.542727,11,7.86455,11,0,0.0,0,0,0,11,11,100.0,6,6,6,jaoh7_7900c_price-history-09-14-2026.csv,1,27.63,limited,45% session count + 30% calendar span + 25% numeric-field completeness,196
mar2028,jaoh8_7475c_price-history-09-14-2026.csv,jaoh8_7475c,JAOH8,2028-03,call,74.75,7475,yes,2026-08-31,2026-09-14,15,10,10,10,10,10,100.0,8,8,100.0,10,6.3,6.57,5.88,6.68,6.358,0.243179,10,0.202,10,3.217,10,0,0.0,0,0,0,10,10,100.0,30,30,30,jaoh8_7475c_price-history-09-14-2026.csv,1,27.31,limited,45% session count + 30% calendar span + 25% numeric-field completeness,197
jun2029,jaom9_7500c_price-history-09-14-2026.csv,jaom9_7500c,JAOM9,2029-06,call,75.00,7500,no,2026-08-31,2026-09-14,15,10,10,10,10,10,100.0,8,8,100.0,10,5.57,5.36,5.36,5.85,5.556,0.133581,10,0.147,10,2.625,10,0,0.0,0,0,0,10,10,100.0,200,200,200,jaom9_7500c_price-history-09-14-2026.csv,1,27.31,limited,45% session count + 30% calendar span + 25% numeric-field completeness,198
mar2027,jaoh7_7300p_price-history-09-14-2026.csv,jaoh7_7300p,JAOH7,2027-03,put,73.00,7300,yes,2026-09-01,2026-09-14,14,9,9,9,9,9,100.0,8,8,100.0,9,6.05,4.83,4.77,6.27,5.45778,0.545136,9,0.253333,9,4.51333,9,0,0.0,0,0,0,9,9,100.0,31,31,31,jaoh7_7300p_price-history-09-14-2026.csv,1,27.11,limited,45% session count + 30% calendar span + 25% numeric-field completeness,199
mar2027,jaoh7_7250p_price-history-09-14-2026.csv,jaoh7_7250p,JAOH7,2027-03,put,72.50,7250,yes,2026-09-02,2026-09-14,13,8,8,8,8,8,100.0,8,8,100.0,8,5.83,4.64,4.58,6.03,5.17375,0.516622,8,0.24875,8,4.65625,8,0,0.0,0,0,0,8,8,100.0,18,18,18,jaoh7_7250p_price-history-09-14-2026.csv,1,26.91,limited,45% session count + 30% calendar span + 25% numeric-field completeness,200
mar2027,jaoh7_8045c_price-history-09-14-2026.csv,jaoh7_8045c,JAOH7,2027-03,call,80.45,8045,yes,2026-09-02,2026-09-14,13,8,8,8,8,8,100.0,8,8,100.0,8,6.01,7.93,5.63,8.4,6.93125,0.954076,8,0.54,8,7.99375,8,0,0.0,0,0,0,8,8,100.0,18,18,18,jaoh7_8045c_price-history-09-14-2026.csv,1,26.91,limited,45% session count + 30% calendar span + 25% numeric-field completeness,201
oct2026,jaov6_9700c_price-history-09-12-2026.csv,jaov6_9700c,JAOV6,2026-10,call,97.00,9700,yes,2026-09-02,2026-09-11,10,7,7,7,7,7,100.0,8,8,100.0,7,2.19,4.6,1.88,5.95,3.10571,1.45891,7,0.827143,7,27.4243,7,0,0.0,0,0,0,7,6,85.71428571428571,0,5,4.28571,jaov6_9700c_price-history-09-12-2026.csv,1,26.58,limited,45% session count + 30% calendar span + 25% numeric-field completeness,202
nov2026,jaox6_9700c_price-history-09-12-2026.csv,jaox6_9700c,JAOX6,2026-11,call,97.00,9700,yes,2026-09-02,2026-09-11,10,7,7,7,7,7,100.0,8,8,100.0,7,2.8,4.71,2.53,5.9,3.56857,1.19012,7,0.701429,7,19.3343,7,0,0.0,0,0,0,7,6,85.71428571428571,0,3,2.57143,jaox6_9700c_price-history-09-12-2026.csv,1,26.58,limited,45% session count + 30% calendar span + 25% numeric-field completeness,203
mar2027,jaoh7_8635c_price-history-09-14-2026.csv,jaoh7_8635c,JAOH7,2027-03,call,86.35,8635,yes,2026-09-04,2026-09-14,11,6,6,6,6,6,100.0,8,8,100.0,6,4.28,5.73,4.28,6.16,5.275,0.633713,6,0.465,6,9.38,6,0,0.0,0,0,0,6,6,100.0,100,100,100,jaoh7_8635c_price-history-09-14-2026.csv,1,26.51,limited,45% session count + 30% calendar span + 25% numeric-field completeness,204
oct2026,jaov6_8250p_price-history-09-12-2026.csv,jaov6_8250p,JAOV6,2026-10,put,82.50,8250,yes,2026-09-04,2026-09-11,8,5,5,5,5,5,100.0,8,8,100.0,5,2.41,1.24,0.95,2.41,1.58,0.520961,5,0.43,5,24.876,5,0,0.0,0,0,0,5,4,80.0,0,15,12,jaov6_8250p_price-history-09-12-2026.csv,1,26.18,limited,45% session count + 30% calendar span + 25% numeric-field completeness,205
nov2026,jaox6_8250p_price-history-09-12-2026.csv,jaox6_8250p,JAOX6,2026-11,put,82.50,8250,yes,2026-09-04,2026-09-11,8,5,5,5,5,5,100.0,8,8,100.0,5,4.8,3.22,2.73,4.8,3.666,0.720628,5,0.616,5,15.8,5,0,0.0,0,0,0,5,4,80.0,0,15,12,jaox6_8250p_price-history-09-12-2026.csv,1,26.18,limited,45% session count + 30% calendar span + 25% numeric-field completeness,206
mar2027,jaoh7_8125c_price-history-09-14-2026.csv,jaoh7_8125c,JAOH7,2027-03,call,81.25,8125,yes,2026-09-09,2026-09-14,6,4,4,4,4,4,100.0,8,8,100.0,4,6.82,7.59,6.82,8.05,7.4625,0.441439,4,0.645,4,9.1725,4,0,0.0,0,0,0,4,4,100.0,14,14,14,jaoh7_8125c_price-history-09-14-2026.csv,1,25.92,limited,45% session count + 30% calendar span + 25% numeric-field completeness,207
mar2027,jaoh7_7690p_price-history-09-14-2026.csv,jaoh7_7690p,JAOH7,2027-03,put,76.90,7690,yes,2026-09-10,2026-09-14,5,3,3,3,3,3,100.0,8,8,100.0,3,6.39,6.45,6.39,6.67,6.50333,0.12037,3,0.32,3,4.8,3,0,0.0,0,0,0,3,3,100.0,31,31,31,jaoh7_7690p_price-history-09-14-2026.csv,1,25.72,limited,45% session count + 30% calendar span + 25% numeric-field completeness,208
mar2027,jaoh7_8455c_price-history-09-14-2026.csv,jaoh7_8455c,JAOH7,2027-03,call,84.55,8455,yes,2026-09-10,2026-09-14,5,3,3,3,3,3,100.0,8,8,100.0,3,6.77,6.33,6.18,6.77,6.42667,0.250377,3,0.616667,3,10.25,3,0,0.0,0,0,0,3,3,100.0,31,31,31,jaoh7_8455c_price-history-09-14-2026.csv,1,25.72,limited,45% session count + 30% calendar span + 25% numeric-field completeness,209
mar2027,jaoh7_8430c_price-history-09-14-2026.csv,jaoh7_8430c,JAOH7,2027-03,call,84.30,8430,yes,2026-09-11,2026-09-14,4,2,2,2,2,2,100.0,8,8,100.0,2,6.27,6.41,6.27,6.41,6.34,0.07,2,0.365,2,5.415,2,0,0.0,0,0,0,2,2,100.0,10,10,10,jaoh7_8430c_price-history-09-14-2026.csv,1,25.52,limited,45% session count + 30% calendar span + 25% numeric-field completeness,210
oct2026,jaov6_12495c_price-history-09-12-2026.csv,jaov6_12495c,JAOV6,2026-10,call,124.95,12495,yes,2026-09-11,2026-09-11,1,1,1,1,1,1,100.0,8,8,100.0,1,0.56,0.56,0.56,0.56,0.56,,1,0.25,1,30.86,1,0,0.0,0,0,0,1,0,0.0,0,0,0,jaov6_12495c_price-history-09-12-2026.csv,1,25.2,limited,45% session count + 30% calendar span + 25% numeric-field completeness,211
oct2026,jaov6_7750p_price-history-09-12-2026.csv,jaov6_7750p,JAOV6,2026-10,put,77.50,7750,yes,2026-09-11,2026-09-11,1,1,1,1,1,1,100.0,8,8,100.0,1,0.54,0.54,0.54,0.54,0.54,,1,0.14,1,35,1,0,0.0,0,0,0,1,0,0.0,0,0,0,jaov6_7750p_price-history-09-12-2026.csv,1,25.2,limited,45% session count + 30% calendar span + 25% numeric-field completeness,212
nov2026,jaox6_7750p_price-history-09-12-2026.csv,jaox6_7750p,JAOX6,2026-11,put,77.50,7750,yes,2026-09-11,2026-09-11,1,1,1,1,1,1,100.0,8,8,100.0,1,1.78,1.78,1.78,1.78,1.78,,1,0.3,1,20.27,1,0,0.0,0,0,0,1,0,0.0,0,0,0,jaox6_7750p_price-history-09-12-2026.csv,1,25.2,limited,45% session count + 30% calendar span + 25% numeric-field completeness,213
