sigma,curran_price
0.34119657291393013,0.29286632346436303
0.34237816766080653,0.2973988943410001
0.34355976240768293,0.3019669677444531
0.3447413571545594,0.3065704517231802
0.3459229519014358,0.31120925299041613
0.3471045466483122,0.3158832769656901
0.3482861413951886,0.3205924278157448
0.349467736142065,0.32533660849449525
0.3506493308889414,0.33011572078243556
0.35183092563581786,0.3349296653252571
0.35301252038269426,0.3397783416717367
0.35419411512957066,0.34466164831097723
0.35537570987644707,0.3495794827089108
0.35655730462332347,0.35453174134403903
0.35773889937019987,0.35951831974269033
0.3589204941170763,0.3645391125134044
0.36010208886395273,0.36959401338071834
0.36128368361082913,0.37468291521833547
0.36246527835770553,0.3798057100815738
0.36364687310458194,0.38496228923929066
0.3648284678514584,0.3901525432049179
0.3660100625983348,0.39537636176721996
0.3671916573452112,0.40063363402019303
0.3683732520920876,0.40592424839234564
0.369554846838964,0.41124809267560036
0.3707364415858404,0.4166050540533437
0.37191803633271686,0.42199501912800763
0.37309963107959326,0.427417873948083
0.37428122582646967,0.43287350403468405
0.37546282057334607,0.4383617944071827
0.37664441532022247,0.44388262960871944
0.3778260100670989,0.4494358937309667
0.37900760481397533,0.455021470438308
0.38018919956085173,0.46063924299159115
0.38137079430772813,0.46628909427138765
0.38255238905460454,0.4719709068006643
0.38373398380148094,0.47768456276691934
0.3849155785483574,0.483429944044035
0.3860971732952338,0.4892069322133415
0.3872787680421102,0.4950154085844561
0.3884603627889866,0.5008552542155844
0.389641957535863,0.5067263499332115
0.39082355228273946,0.5126285763516211
0.39200514702961586,0.5185618138917474
0.39318674177649227,0.5245259427995704
0.39436833652336867,0.5305208431643509
0.39554993127024507,0.5365463949360435
0.39673152601712147,0.5426024779427447
0.39791312076399793,0.5486889719073047
0.39909471551087433,0.55480575646384
0.40027631025775073,0.560952711173617
0.40145790500462714,0.5671297155409358
0.40263949975150354,0.5733366490280403
0.40382109449838,0.5795733910702787
0.4050026892452564,0.5858398210904161
0.4061842839921328,0.592135818512897
0.4073658787390092,0.598461262777583
0.4085474734858856,0.6048160333532585
0.409729068232762,0.6112000097506269
0.4109106629796384,0.6176130715352733
0.41209225772651487,0.6240550983399302
0.41327385247339127,0.6305259698767007
0.41445544722026767,0.6370255659488592
0.41563704196714407,0.6435537664623913
0.41681863671402053,0.6501104514371517
0.41800023146089693,0.6566955010177761
0.41918182620777333,0.6633087954843739
0.42036342095464974,0.6699502152627199
0.42154501570152614,0.6766196409344493
0.42272661044840254,0.6833169532467862
0.42390820519527894,0.6900420331220416
0.4250897999421554,0.6967947616668704
0.4262713946890318,0.7035750201812799
0.4274529894359082,0.7103826901673169
0.4286345841827846,0.7172176533376678
0.42981617892966106,0.7240797916238322
0.43099777367653747,0.7309689871840359
0.43217936842341387,0.7378851224112581
0.43336096317029027,0.7448280799405372
0.43454255791716667,0.7517977426564533
0.4357241526640431,0.7587939937001521
0.4369057474109195,0.7658167164763222
0.43808734215779593,0.772865794659771
0.43926893690467234,0.779941112201986
0.44045053165154874,0.7870425533374448
0.44163212639842514,0.7941700025895442
0.4428137211453016,0.801323344776666
0.443995315892178,0.8085024650177679
0.4451769106390544,0.8157072487379701
0.4463585053859308,0.8229375816738441
0.4475401001328072,0.8301933498785216
0.4487216948796836,0.8374744397268483
0.44990328962656,0.8447807379200076
0.45108488437343647,0.852112131490374
0.45226647912031287,0.8594685078057378
0.45344807386718927,0.8668497545739292
0.4546296686140657,0.8742557598468165
0.45581126336094213,0.8816864120243071
0.45699285810781853,0.8891415998584165
0.45817445285469494,0.8966212124567551
0.45935604760157134,0.9041251392863185
0.46053764234844774,0.9116532701768294
0.46171923709532414,0.919205495324072
0.46290083184220054,0.9267817052931517
0.464082426589077,0.9343817910214561
0.4652640213359534,0.9420056438216093
0.4664456160828298,0.9496531553843116
0.4676272108297062,0.9573242177809987
0.46880880557658267,0.965018723466351
0.46999040032345907,0.9727365652809472
0.47117199507033547,0.9804776364533258
0.47235358981721187,0.9882418306024071
0.4735351845640883,0.9960290417395755
0.4747167793109647,1.00383916427068
0.4758983740578411,1.0116720929979013
0.4770799688047175,1.0195277231216753
0.47826156355159394,1.0274059502423152
0.47944315829847034,1.035306670361685
0.48062475304534674,1.0432297798847043
0.4818063477922232,1.051175175620791
0.4829879425390996,1.0591427547852184
0.484169537285976,1.067132415000342
0.4853511320328524,1.0751440542968984
0.4865327267797288,1.0831775711148612
0.4877143215266052,1.0912328643047542
0.4888959162734816,1.0993098331283218
0.490077511020358,1.107408377259567
0.49125910576723447,1.1155283967854548
0.4924407005141109,1.1236697922066308
0.4936222952609873,1.1318324644381408
0.49480389000786373,1.1400163148098101
0.49598548475474014,1.1482212450670122
0.49716707950161654,1.1564471573708799
0.49834867424849294,1.1646939542988355
0.49953026899536934,1.172961538844771
0.5007118637422457,1.1812498144194135
0.5018934584891221,1.1895586848505453
0.5030750532359985,1.1978880543828734
0.504256647982875,1.2062378276784909
0.5054382427297515,1.2146079098165656
0.5066198374766278,1.2229982062935891
0.5078014322235043,1.2314086230230896
0.5089830269703807,1.2398390663355479
0.5101646217172571,1.2482894429782687
0.5113462164641335,1.2567596601151243
0.5125278112110099,1.2652496253262695
0.5137094059578863,1.2737592466078609
0.5148910007047627,1.2822884323715746
0.5160725954516391,1.290837091444357
0.5172541901985155,1.2994051330678746
0.518435784945392,1.3079924668980523
0.5196173796922683,1.3165990030044996
0.5207989744391448,1.3252246518700381
0.5219805691860212,1.3338693243900248
0.5231621639328976,1.342532931871694
0.524343758679774,1.3512153860335314
0.5255253534266504,1.3599165990045838
0.5267069481735268,1.3686364833236415
0.5278885429204032,1.377374951938451
0.5290701376672796,1.3861319182050487
0.530251732414156,1.3949072958867492
0.5314333271610325,1.4037009991534293
0.5326149219079088,1.412512942580487
0.5337965166547853,1.4213430411480885
0.5349781114016617,1.4301912102400798
0.5361597061485381,1.439057365643017
0.5373413008954145,1.4479414235452706
0.5385228956422909,1.4568433005359394
0.5397044903891673,1.4657629136037513
0.5408860851360437,1.4747001801361397
0.5420676798829202,1.4836550179179417
0.5432492746297966,1.492627345130487
0.5444308693766731,1.5016170803503466
0.5456124641235494,1.5106241425482403
0.5467940588704259,1.5196484510877788
0.5479756536173023,1.5286899257243964
0.5491572483641787,1.5377484866040136
0.5503388431110551,1.5468240542619311
0.5515204378579315,1.5559165496215053
0.5527020326048079,1.5650258939929123
0.5538836273516843,1.5741520090718388
0.5550652220985607,1.5832948169383336
0.5562468168454371,1.5924542400552717
0.5574284115923136,1.6016302012672878
0.5586100063391899,1.610822623799275
0.5597916010860664,1.6200314312550732
0.5609731958329428,1.6292565476161587
0.5621547905798192,1.6384978972403017
0.5633363853266956,1.6477554048600664
0.564517980073572,1.6570289955815807
0.5656995748204484,1.6663185948829902
0.5668811695673248,1.6756241286131766
0.5680627643142012,1.6849455229902834
0.5692443590610776,1.6942827046002802
0.5704259538079541,1.703635600395535
0.5716075485548304,1.713004137693381
0.5727891433017069,1.7223882441747025
0.5739707380485833,1.7317878478824464
0.5751523327954597,1.7412028772200994
0.5763339275423361,1.7506332609503306
0.5775155222892125,1.7600789281934608
0.578697117036089,1.7695398084259815
0.5798787117829654,1.7790158314790432
0.5810603065298418,1.7885069275370438
0.5822419012767182,1.7980130271360417
0.5834234960235947,1.807534061162312
0.584605090770471,1.8170699608508318
0.5857866855173475,1.8266206577837496
0.5869682802642239,1.83618608388896
0.5881498750111003,1.8457661714383937
0.5893314697579767,1.8553608530467711
0.5905130645048531,1.8649700616698357
0.5916946592517295,1.8745937306030132
0.5928762539986059,1.8842317934797472
0.5940578487454823,1.8938841842700695
0.5952394434923587,1.9035508372790388
0.5964210382392352,1.9132316871452717
0.5976026329861115,1.9229266688392113
0.598784227732988,1.9326357176619209
0.5999658224798643,1.9423587692432254
0.6011474172267408,1.9520957595404718
0.6023290119736172,1.9618466248367175
0.6035106067204936,1.9716113017394237
0.60469220146737,1.9813897271788272
0.6058737962142464,1.9911818384064004
0.6070553909611228,2.0009875729934077
0.6082369857079992,2.010806868829191
0.6094185804548757,2.020639664119911
0.610600175201752,2.030485897386769
0.6117817699486285,2.040345507464613
0.6129633646955048,2.0502184335004214
0.6141449594423813,2.0601046149517126
0.6153265541892577,2.070003991585051
0.6165081489361341,2.0799165034746037
0.6176897436830106,2.089842091000493
0.618871338429887,2.0997806948473454
0.6200529331767634,2.109732256002832
0.6212345279236398,2.119696715756124
0.6224161226705163,2.1296740156962866
0.6235977174173926,2.13966409771097
0.6247793121642691,2.1496669039847403
0.6259609069111454,2.159682376997667
0.6271425016580219,2.169710459523818
0.6283240964048983,2.1797510946297427
0.6295056911517747,2.1898042256730306
0.6306872858986511,2.1998697963007654
0.6318688806455275,2.2099477504480913
0.6330504753924039,2.220038032336789
0.6342320701392803,2.230140586473668
0.6354136648861568,2.24025535764915
0.6365952596330331,2.2503822909359266
0.6377768543799096,2.260521331687337
0.6389584491267859,2.270672425535959
0.6401400438736624,2.2808355183922204
0.6413216386205388,2.2910105564428784
0.6425032333674152,2.3011974861495914
0.6436848281142916,2.3113962542475344
0.644866422861168,2.3216068077438856
0.6460480176080444,2.3318290939164203
0.6472296123549208,2.3420630603121695
0.6484112071017973,2.352308654745885
0.6495928018486736,2.3625658252986694
0.6507743965955501,2.372834520316549
0.6519559913424264,2.383114688409159
0.653137586089303,2.393406278448188
0.6543191808361793,2.403709239566172
0.6555007755830558,2.41402352115486
0.6566823703299322,2.424349072864112
0.6578639650768086,2.4346858446002635
0.659045559823685,2.4450337865249514
0.6602271545705614,2.455392849053592
0.6614087493174379,2.46576298285414
0.6625903440643142,2.4761441388455987
0.6637719388111907,2.4865362681968177
0.664953533558067,2.4969393223250593
0.6661351283049435,2.5073532528946156
0.6673167230518199,2.5177780118155457
0.6684983177986963,2.5282135512423487
0.6696799125455727,2.5386598235725866
0.6708615072924491,2.549116781445598
0.6720431020393255,2.5595843777411864
0.6732246967862019,2.570062565578257
0.6744062915330784,2.5805512983135768
0.6755878862799547,2.591050529540494
0.6767694810268312,2.6015602130875446
0.6779510757737075,2.612080303017261
0.679132670520584,2.6226107536248833
0.6803142652674604,2.633151519437028
0.6814958600143368,2.6437025552104565
0.6826774547612132,2.6542638159308116
0.6838590495080896,2.6648352568113736
0.685040644254966,2.6754168332917594
0.6862222390018424,2.686008501036749
0.6874038337487189,2.6966102159349643
0.6885854284955952,2.7072219340977175
0.6897670232424717,2.7178436118576816
0.690948617989348,2.7284752057678103
0.6921302127362245,2.7391166725999594
0.693311807483101,2.749767969343807
0.6944934022299774,2.760429053205556
0.6956749969768538,2.771099881606817
0.6968565917237302,2.7817804121833443
0.6980381864706066,2.792470602783867
0.699219781217483,2.803170411468962
0.7004013759643595,2.813879796509784
0.7015829707112358,2.8245987163869644
0.7027645654581123,2.8353271297894267
0.7039461602049886,2.846064995613247
0.7051277549518651,2.85681227296045
0.7063093496987415,2.867568921137916
0.7074909444456179,2.8783348996561946
0.7086725391924943,2.889110168228448
0.7098541339393707,2.899894686769187
0.7110357286862471,2.9106884153932677
0.7122173234331235,2.921491314414797
0.71339891818,2.9323033443458577
0.7145805129268763,2.943124465895511
0.7157621076737528,2.9539546399687597
0.7169437024206291,2.964793827665343
0.7181252971675056,2.975641990278635
0.719306891914382,2.986499089294686
0.7204884866612584,2.997365086391058
0.7216700814081348,3.0082399434357074
0.7228516761550112,3.019123622486029
0.7240332709018876,3.0300160857877243
0.725214865648764,3.04091729577379
0.7263964603956405,3.051827215063406
0.7275780551425168,3.062745806460974
0.7287596498893933,3.07367303295495
0.7299412446362696,3.0846088577170083
0.7311228393831462,3.095553244100833
0.7323044341300224,3.10650615564121
0.733486028876899,3.117467556052879
0.7346676236237754,3.128437409229759
0.7358492183706518,3.139415679243661
0.7370308131175282,3.1504023303435034
0.7382124078644046,3.1613973269541993
0.7393940026112811,3.1724006336757373
0.7405755973581574,3.1834122152821847
0.7417571921050339,3.1944320367206314
0.7429387868519102,3.2054600631103853
0.7441203815987867,3.216496259741789
0.745301976345663,3.227540592075435
0.7464835710925395,3.238593025741185
0.7476651658394159,3.2496535265370845
0.7488467605862923,3.2607220604286193
0.7500283553331687,3.271798593547594
0.7512099500800451,3.2828830921913212
0.7523915448269216,3.2939755228216505
0.7535731395737979,3.3050758520639913
0.7547547343206744,3.3161840467065105
0.7559363290675507,3.327300073699089
0.7571179238144272,3.338423900152547
0.7582995185613035,3.349555493337625
0.75948111330818,3.36069482068408
0.7606627080550564,3.371841849779973
0.7618443028019328,3.382996548370553
0.7630258975488092,3.3941588843574855
0.7642074922956856,3.405328825798003
0.7653890870425621,3.4165063409039558
0.7665706817894384,3.427691398041002
0.767752276536315,3.4388839657276753
0.7689338712831912,3.4500840126346337
0.7701154660300678,3.4612915075837405
0.771297060776944,3.472506419547181
0.7724786555238206,3.4837287176466982
0.773660250270697,3.494958371152714
0.7748418450175734,3.5061953494835
0.7760234397644498,3.5174396222043076
0.7772050345113262,3.528691159026632
0.7783866292582026,3.5399499298073622
0.779568224005079,3.5512159045479157
0.7807498187519555,3.562489053393478
0.7819314134988318,3.573769346632139
0.7831130082457083,3.5850567546942367
0.7842946029925846,3.5963512481513926
0.7854761977394611,3.6076527977157813
0.7866577924863375,3.6189613742394275
0.7878393872332139,3.6302769487132633
0.7890209819800903,3.6415994922665123
0.7902025767269667,3.6529289761657977
0.7913841714738431,3.6642653718144573
0.7925657662207195,3.6756086507517436
0.793747360967596,3.6869587846519987
0.7949289557144723,3.6983157453241033
0.7961105504613488,3.7096795047104103
0.7972921452082251,3.721050034886355
0.7984737399551016,3.7324273080594152
0.799655334701978,3.7438112965685733
0.8008369294488544,3.755201972883457
0.8020185241957308,3.7665993096037096
0.8032001189426072,3.7780032794581766
0.8043817136894836,3.789413855304237
0.80556330843636,3.800831010127138
0.8067449031832366,3.8122547170391488
0.8079264979301128,3.823684949278934
0.8091080926769894,3.835121680210895
0.8102896874238656,3.8465648833244233
0.8114712821707422,3.8580145322331907
0.8126528769176186,3.8694706006744255
0.813834471664495,3.8809330625083525
0.8150160664113714,3.8924018917174483
0.8161976611582478,3.903877062405633
0.8173792559051242,3.9153585487978453
0.8185608506520006,3.9268463252391532
0.8197424453988771,3.938340366194228
0.8209240401457534,3.9498406462465954
0.8221056348926299,3.9613471400980065
0.8232872296395062,3.972859822567862
0.8244688243863827,3.98437866859237
0.8256504191332591,3.995903653224119
0.8268320138801355,4.007434751631294
0.8280136086270119,4.0189719390970895
0.8291952033738883,4.030515191019047
0.8303767981207647,4.042064482908446
0.8315583928676411,4.053619790389705
0.8327399876145176,4.065181089199682
0.8339215823613939,4.076748355187114
0.8351031771082704,4.088321564311975
0.8362847718551467,4.099900692644881
0.8374663666020232,4.111485716366501
0.8386479613488996,4.12307661176685
0.839829556095776,4.134673355244862
0.8410111508426524,4.1462759233076065
0.8421927455895288,4.1578842925698005
0.8433743403364052,4.169498439753231
0.8445559350832816,4.181118341686098
0.845737529830158,4.1927439753024585
0.8469191245770344,4.204375317641681
0.848100719323911,4.216012345847861
0.8492823140707874,4.227655037169164
0.8504639088176638,4.239303368957348
0.8516455035645402,4.250957318667237
0.8528270983114166,4.262616863855947
0.854008693058293,4.27428198218263
0.8551902878051694,4.285952651407595
0.8563718825520458,4.297628849392062
0.8575534772989222,4.309310554097394
0.8587350720457986,4.3209977435845985
0.859916666792675,4.332690396013907
0.8610982615395515,4.3443884896440235
0.8622798562864279,4.356092002831766
0.8634614510333043,4.367800914031477
0.8646430457801807,4.379515201794434
0.8658246405270571,4.391234844768442
0.8670062352739335,4.402959821697157
0.8681878300208099,4.414690111419802
0.8693694247676863,4.426425692870279
0.8705510195145627,4.438166545077044
0.8717326142614391,4.4499126471623605
0.8729142090083155,4.461663978341864
0.874095803755192,4.473420517924046
0.8752773985020684,4.485182245309733
0.8764589932489448,4.496949139991643
0.8776405879958212,4.508721181553862
0.8788221827426976,4.520498349671293
0.880003777489574,4.532280624109256
0.8811853722364504,4.5440679847229255
0.8823669669833268,4.555860411456912
0.8835485617302032,4.567657884344723
0.8847301564770796,4.579460383508351
0.885911751223956,4.591267889157699
0.8870933459708326,4.603080381590232
0.888274940717709,4.614897841190331
0.8894565354645854,4.626720248429089
0.8906381302114618,4.638547583863524
0.8918197249583382,4.650379828136442
0.8930013197052146,4.662216961975695
0.894182914452091,4.6740589661939245
0.8953645091989674,4.685905821688026
0.8965461039458438,4.697757509438643
0.8977276986927202,4.7096140105098785
0.8989092934395966,4.721475306048658
0.900090888186473,4.7333413772844946
0.9012724829333495,4.745212205528816
0.9024540776802259,4.757087772174694
0.9036356724271023,4.768968058696405
0.9048172671739787,4.780853046648901
0.9059988619208551,4.792742717667424
0.9071804566677315,4.804637053467161
0.9083620514146079,4.816536035842687
0.9095436461614843,4.8284396466676
0.9107252409083607,4.840347867894099
0.9119068356552371,4.8522606815526395
0.9130884304021135,4.8641780697513965
0.91427002514899,4.876100014675886
0.9154516198958664,4.888026498588618
0.9166332146427428,4.899957503828615
0.9178148093896192,4.911893012811111
0.9189964041364956,4.923833008026982
0.920177998883372,4.935777472042492
0.9213595936302484,4.947726387498858
0.9225411883771248,4.959679737111778
0.9237227831240012,4.971637503671176
0.9249043778708776,4.983599670040701
0.926085972617754,4.995566219157384
0.9272675673646306,5.007537134031227
0.928449162111507,5.019512397744848
0.9296307568583834,5.031491993453077
0.9308123516052598,5.043475904382607
0.9319939463521362,5.055464113831565
