n_obs,sigma_true,replications,scenario_id,maturity_days,fraction_fixed,moneyness,mean_posterior_sigma,mean_posterior_sigma_sd,mean_pi_minus_pm,mean_abs_pi_minus_pm,median_abs_pi_minus_pm,p95_abs_pi_minus_pm,p99_abs_pi_minus_pm,max_abs_pi_minus_pm,mean_taylor_gap,taylor_mae,taylor_rmse,taylor_corr,taylor_slope_through_origin
126,0.35,5000,0,21,0.0,0.6,0.3487479549627652,0.02206338441426754,1.0238920822303044e-14,6.496208015960292e-14,3.552713678800501e-14,1.2789769243681803e-13,6.394884621840902e-13,7.368328169832239e-12,-1.2282790473536694e-14,4.2304045970471184e-13,1.226765353505456e-12,-0.010551255880310594,-0.0022619204999883204
126,0.35,5000,1,21,0.0,0.75,0.3487479549627652,0.02206338441426754,1.6962218297059906e-06,1.6962218297059906e-06,9.015316102534143e-07,5.963960742505492e-06,1.1044664225110525e-05,2.669326029547392e-05,1.1503017079434996e-06,5.45920121762491e-07,7.901079202083599e-07,0.9986785269725457,1.3698286364593872
126,0.35,5000,2,21,0.0,0.9,0.3487479549627652,0.02206338441426754,0.0029001619731449037,0.0029001619731449037,0.002918726806994343,0.0034901756651969152,0.0036830233405050097,0.003957760079043027,0.002916504814228233,1.637720399704339e-05,1.757114705921685e-05,0.999999895156572,0.9942050639645781
126,0.35,5000,3,21,0.0,1.0,0.3487479549627652,0.02206338441426754,-7.786374132021035e-06,7.786374132021035e-06,7.682821525634154e-06,1.0322932851591916e-05,1.1522793507161567e-05,1.3702873955967476e-05,-7.735567389555393e-06,5.080674246564261e-08,5.1700059360758144e-08,0.9999999527720775,1.0065698802101353
126,0.35,5000,4,21,0.0,1.1,0.3487479549627652,0.02206338441426754,0.0035705551171479393,0.0035705551171479393,0.0035979030334793577,0.004059430019729783,0.004203049026366223,0.0043961059182398565,0.0035981999506574224,2.7644833509482264e-05,2.8172412422882142e-05,0.9999997506188539,0.9922440076468005
126,0.35,5000,5,21,0.0,1.25,0.3487479549627652,0.02206338441426754,0.0001285732763114364,0.0001285732763114364,0.00010698830484347667,0.00030323457422635884,0.00042405180355764224,0.0006828116313909588,0.00011480600824107802,1.3767268070358357e-05,1.4914946412099702e-05,0.9998605142375391,1.1010393173207358
126,0.35,5000,6,21,0.0,1.5,0.3487479549627652,0.02206338441426754,4.11624419441637e-09,4.11624419441637e-09,8.125313883553322e-10,1.8071363333059972e-08,5.072224274226043e-08,2.2627871990630947e-07,1.294264487539059e-09,2.8219797068773113e-09,7.3694143694154355e-09,0.9915721441900412,2.479923261611345
126,0.35,5000,7,21,0.2727272727272727,0.6,0.3487479549627652,0.02206338441426754,-2.7907276489713695e-14,4.116031959711108e-14,3.552713678800501e-14,9.947598300641403e-14,1.2789769243681803e-13,2.2737367544323206e-13,-7.413552281294967e-15,1.7791533417482097e-13,4.650525313958217e-13,-0.01764899914367518,-0.0006638402722612882
126,0.35,5000,8,21,0.2727272727272727,0.75,0.3487479549627652,0.02206338441426754,1.0028847583498646e-10,1.0028881547441415e-10,1.2018830375382095e-11,4.3589949427769176e-10,1.454996372274309e-09,8.430802722614317e-09,1.8855693231180514e-11,8.16080394454204e-11,2.788354644665594e-10,0.9857984401332613,3.728549361832725
126,0.35,5000,9,21,0.2727272727272727,0.9,0.3487479549627652,0.02206338441426754,0.000971366214497019,0.000971366214497019,0.0009541836776607582,0.001474116597203512,0.0016902823610931606,0.0020468455076585457,0.0009589909152392071,1.2378244316619501e-05,1.2676037725775615e-05,0.9999960555431775,1.0110414686009308
126,0.35,5000,10,21,0.2727272727272727,1.0,0.3487479549627652,0.02206338441426754,-5.7794696065634365e-06,5.7794696065634365e-06,5.702608483759697e-06,7.66223017653056e-06,8.552824471390608e-06,1.0170982553958652e-05,-5.741759025803729e-06,3.771058075970689e-08,3.837358070943241e-08,0.9999999527543196,1.006569707261229
126,0.35,5000,11,21,0.2727272727272727,1.1,0.3487479549627652,0.02206338441426754,0.0018514966363278249,0.0018514966363278249,0.0018502015315209515,0.002472105628823881,0.0027038243992012537,0.003059960745287374,0.0018504956682039379,4.855267029623991e-06,5.9301269470815665e-06,0.9999994826813359,0.9998917580795748
126,0.35,5000,12,21,0.2727272727272727,1.25,0.3487479549627652,0.02206338441426754,3.2143620154120646e-06,3.2143620154120646e-06,1.848135497976936e-06,1.0814047451034879e-05,1.9221396835324673e-05,4.376632874987234e-05,2.2927214301494705e-06,9.216405852625936e-07,1.2690357174469872e-06,0.9989741724676892,1.3170099275199962
126,0.35,5000,13,21,0.2727272727272727,1.5,0.3487479549627652,0.02206338441426754,1.2004800354837628e-12,1.2004800354837628e-12,6.085266008111074e-14,4.655843020089605e-12,2.0342931796182135e-11,1.7808218559254042e-10,7.086256639734007e-14,1.1296174690864227e-12,5.845429723325561e-12,0.9748234274905875,9.931614593487309
126,0.35,5000,14,21,0.5,0.6,0.3487479549627652,0.02206338441426754,-2.7907276489713695e-14,4.116031959711108e-14,3.552713678800501e-14,9.947598300641403e-14,1.2789769243681803e-13,2.2737367544323206e-13,-7.413552281294967e-15,1.7791533417482097e-13,4.650525313958217e-13,-0.01764899914367518,-0.0006638402722612882
126,0.35,5000,15,21,0.5,0.75,0.3487479549627652,0.02206338441426754,-1.4073009424464544e-14,2.0968116132280557e-14,1.7763568394002505e-14,4.973799150320701e-14,6.394884621840902e-14,8.171241461241152e-14,-7.413552281294967e-15,1.6086381315675428e-13,4.624937292860392e-13,-0.002255738148061141,0.00038176290769664176
126,0.35,5000,16,21,0.5,0.9,0.3487479549627652,0.02206338441426754,4.921772611554189e-05,4.921772611554189e-05,4.081486973905868e-05,0.00011670051579759644,0.00016366867001831766,0.00026463639190765775,4.3858773269099135e-05,5.3589528464427536e-06,5.818557811424612e-06,0.9998559771491871,1.1028729023315804
126,0.35,5000,17,21,0.5,1.0,0.3487479549627652,0.02206338441426754,-4.10833520673628e-06,4.10833520673628e-06,4.053699947492717e-06,5.4466821268417395e-06,6.079752287850849e-06,7.230000991675922e-06,-4.0815295535079375e-06,2.680565322834201e-08,2.7276888091496566e-08,0.9999999527711747,1.0065694750000778
126,0.35,5000,18,21,0.5,1.1,0.3487479549627652,0.02206338441426754,0.00037897848529707854,0.00037897848529707854,0.00035820309888284665,0.0006759629449551768,0.0008273432201939605,0.0011001150637086742,0.0003651037070482508,1.3874778248827724e-05,1.3959468987307903e-05,0.9999799784694136,1.032966937520354
126,0.35,5000,19,21,0.5,1.25,0.3487479549627652,0.02206338441426754,4.629808434029411e-09,4.629808434029411e-09,1.0412931229886208e-09,2.0185070512029664e-08,5.398670701550041e-08,2.2408711840231068e-07,1.6386415281598048e-09,2.9911669058696058e-09,7.253379214529951e-09,0.9928556501079246,2.261451003182996
126,0.35,5000,20,21,0.5,1.5,0.3487479549627652,0.02206338441426754,9.159329884682755e-18,9.159329884682755e-18,6.29142375073088e-20,2.1142137242379346e-17,1.577728232364864e-16,3.1559635526433706e-15,6.479404592566763e-21,9.152850480090188e-18,9.082243925296563e-17,0.9580457618218056,652.820609571051
126,0.35,5000,21,21,0.7272727272727273,0.6,0.3487479549627652,0.02206338441426754,-2.7907276489713695e-14,4.116031959711108e-14,3.552713678800501e-14,9.947598300641403e-14,1.2789769243681803e-13,2.2737367544323206e-13,-7.413552281294967e-15,1.7791533417482097e-13,4.650525313958217e-13,-0.01764899914367518,-0.0006638402722612882
126,0.35,5000,22,21,0.7272727272727273,0.75,0.3487479549627652,0.02206338441426754,-1.4073009424464544e-14,2.0968116132280557e-14,1.7763568394002505e-14,4.973799150320701e-14,6.394884621840902e-14,8.171241461241152e-14,-7.413552281294967e-15,1.6086381315675428e-13,4.624937292860392e-13,-0.002255738148061141,0.00038176290769664176
126,0.35,5000,23,21,0.7272727272727273,0.9,0.3487479549627652,0.02206338441426754,3.869544649148793e-11,3.869558860003508e-11,4.61231053350275e-12,1.6812933267829068e-10,5.622797161208837e-10,3.2678109107564524e-09,7.240759172150806e-12,3.1529520814072896e-11,1.0807597158061233e-10,0.9856099538712141,3.7467373303580596
126,0.35,5000,24,21,0.7272727272727273,1.0,0.3487479549627652,0.02206338441426754,-2.4417781371096627e-06,2.4417781371096627e-06,2.409308207995675e-06,3.2371999136027174e-06,3.613449499989541e-06,4.2970664975161554e-06,-2.4258478435047937e-06,1.5930293604868893e-08,1.621027239400635e-08,0.999999952836185,1.0065687980714046
126,0.35,5000,25,21,0.7272727272727273,1.1,0.3487479549627652,0.02206338441426754,1.547099868845283e-06,1.547099868845283e-06,9.093958592062731e-07,5.134167554342095e-06,9.017439235899416e-06,2.0179742676003803e-05,1.1190475342542895e-06,4.280523345909935e-07,5.811450706983856e-07,0.9990502879656326,1.3026901905867192
126,0.35,5000,26,21,0.7272727272727273,1.25,0.3487479549627652,0.02206338441426754,8.551081440463166e-16,8.551081440463166e-16,1.4231588172872883e-17,2.564397116269621e-15,1.5259553159989875e-14,2.1506766878010543e-13,6.036544747447229e-18,8.490715992988693e-16,6.6042935749554704e-15,0.9632107432347371,69.87292067841473
126,0.35,5000,27,21,0.7272727272727273,1.5,0.3487479549627652,0.02206338441426754,2.5826006346708463e-27,2.5826006346708463e-27,6.027415203885607e-31,1.6587060533648384e-27,2.7204146211279787e-26,1.8871363779863563e-24,5.476203550177855e-38,2.5826006346160844e-27,4.638955007067505e-26,0.9429582417592914,23148582991.902172
126,0.35,5000,28,21,0.9090909090909091,0.6,0.3487479549627652,0.02206338441426754,-2.7907276489713695e-14,4.116031959711108e-14,3.552713678800501e-14,9.947598300641403e-14,1.2789769243681803e-13,2.2737367544323206e-13,-7.413552281294967e-15,1.7791533417482097e-13,4.650525313958217e-13,-0.01764899914367518,-0.0006638402722612882
126,0.35,5000,29,21,0.9090909090909091,0.75,0.3487479549627652,0.02206338441426754,-1.4073009424464544e-14,2.0968116132280557e-14,1.7763568394002505e-14,4.973799150320701e-14,6.394884621840902e-14,8.171241461241152e-14,-7.413552281294967e-15,1.6086381315675428e-13,4.624937292860392e-13,-0.002255738148061141,0.00038176290769664176
126,0.35,5000,30,21,0.9090909090909091,0.9,0.3487479549627652,0.02206338441426754,-6.976819122428424e-15,1.029007989927777e-14,8.881784197001252e-15,2.4868995751603507e-14,3.197442310920451e-14,5.684341886080802e-14,-1.8533880703237417e-15,4.4478833543705244e-14,1.1626313284895541e-13,-0.01764899914367518,-0.0006638402722612882
126,0.35,5000,31,21,0.9090909090909091,1.0,0.3487479549627652,0.02206338441426754,-1.146428013278361e-06,1.146428013278361e-06,1.1311890434628769e-06,1.5198298219831762e-06,1.6964460093238377e-06,2.0173320716132537e-06,-1.13895285097506e-06,7.475162303301286e-09,7.606411847972913e-09,0.9999999528743551,1.0065650055546258
126,0.35,5000,32,21,0.9090909090909091,1.1,0.3487479549627652,0.02206338441426754,2.7097599874688022e-15,2.7097599874688022e-15,6.4188873565727e-17,8.905631697630586e-15,4.8221754661378485e-14,5.87594290909964e-13,4.080497535825855e-17,2.668955012110544e-15,1.850877515391462e-14,0.9662747167486132,34.23337058596845
126,0.35,5000,33,21,0.9090909090909091,1.25,0.3487479549627652,0.02206338441426754,6.649542661470952e-30,6.649542661470952e-30,7.792325844566792e-34,3.171224067153051e-30,6.055298498114981e-29,5.36996709496502e-27,2.4012767598163008e-43,6.649542661470714e-30,1.2926206105059472e-28,0.9358381398324687,13839960540138.543
126,0.35,5000,34,21,0.9090909090909091,1.5,0.3487479549627652,0.02206338441426754,2.3217645028704427e-42,2.3217645028704427e-42,1.357795607783842e-47,2.7546982314893995e-43,1.0013407573169114e-41,2.591477350977329e-39,1.5794750385727252e-80,2.3217645028704427e-42,5.782378956235209e-41,0.8862020854757234,7.185281300231882e+37
126,0.35,5000,35,21,0.9545454545454546,0.6,0.3487479549627652,0.02206338441426754,-2.7907276489713695e-14,4.116031959711108e-14,3.552713678800501e-14,9.947598300641403e-14,1.2789769243681803e-13,2.2737367544323206e-13,-7.413552281294967e-15,1.7791533417482097e-13,4.650525313958217e-13,-0.01764899914367518,-0.0006638402722612882
126,0.35,5000,36,21,0.9545454545454546,0.75,0.3487479549627652,0.02206338441426754,-1.4073009424464544e-14,2.0968116132280557e-14,1.7763568394002505e-14,4.973799150320701e-14,6.394884621840902e-14,8.171241461241152e-14,-7.413552281294967e-15,1.6086381315675428e-13,4.624937292860392e-13,-0.002255738148061141,0.00038176290769664176
126,0.35,5000,37,21,0.9545454545454546,0.9,0.3487479549627652,0.02206338441426754,-6.976819122428424e-15,1.029007989927777e-14,8.881784197001252e-15,2.4868995751603507e-14,3.197442310920451e-14,5.684341886080802e-14,-1.8533880703237417e-15,4.4478833543705244e-14,1.1626313284895541e-13,-0.01764899914367518,-0.0006638402722612882
126,0.35,5000,38,21,0.9545454545454546,1.0,0.3487479549627652,0.02206338441426754,-9.390825263201008e-07,9.390825263201008e-07,9.266029760285344e-07,1.244920511678238e-06,1.389573992021942e-06,1.6523816097624433e-06,-9.329616603550987e-07,6.120865965002076e-09,6.228273484522171e-09,0.9999999527538214,1.0065624512900462
126,0.35,5000,39,21,0.9545454545454546,1.1,0.3487479549627652,0.02206338441426754,2.086482864259693e-20,2.086482864259693e-20,6.847967143091984e-23,3.761596131332448e-20,3.3623656267290484e-19,8.909793121417587e-18,1.2817090212129685e-24,2.086354693357572e-20,2.4476727922171615e-19,0.9555682066212527,7411.711479012241
126,0.35,5000,40,21,0.9545454545454546,1.25,0.3487479549627652,0.02206338441426754,8.481643959936991e-35,8.481643959936991e-35,2.6942215362451036e-39,2.239859078419656e-35,5.688357042270999e-34,8.038808932226262e-32,1.07839894370078e-55,8.481643959936991e-35,1.867735079812322e-33,0.9170492544096285,3.970917503967824e+20
126,0.35,5000,41,21,0.9545454545454546,1.5,0.3487479549627652,0.02206338441426754,6.6510347421908635e-46,6.6510347421908635e-46,2.084887250662405e-51,5.839396918299504e-47,2.4209634618159467e-45,7.807094045776022e-43,2.5363605405075193e-94,6.6510347421908635e-46,1.7180440941487895e-44,0.874792268416226,1.2574946589953075e+48
126,0.35,5000,42,63,0.0,0.6,0.3487479549627652,0.02206338441426754,1.0425956447306816e-06,1.0425956447306816e-06,4.909322335322486e-07,3.877870033264231e-06,7.621964789805703e-06,2.00889651935654e-05,6.525710045796922e-07,3.9002464015098954e-07,6.088770781954124e-07,0.9981446802650026,1.4574939687626702
126,0.35,5000,43,63,0.0,0.75,0.3487479549627652,0.02206338441426754,0.001076502228684707,0.001076502228684707,0.0010244037010949114,0.001876763277841853,0.002274806958204536,0.0029826179052676594,0.001041430877526745,3.507135115796196e-05,3.520900829361594e-05,0.9999834240486329,1.0292272878334292
126,0.35,5000,44,63,0.0,0.9,0.3487479549627652,0.02206338441426754,0.004700823919636058,0.004700823919636058,0.004711688058305796,0.00472428826095026,0.004731640985285903,0.004747705930284951,0.0047458995249591825,4.507560532312448e-05,4.507799725125203e-05,0.9999484453642549,0.9905021213312722
126,0.35,5000,45,63,0.0,1.0,0.3487479549627652,0.02206338441426754,-4.018065286214965e-05,4.018065286214965e-05,3.964836095127211e-05,5.325145499153195e-05,5.9430773809703304e-05,7.065393176386436e-05,-3.991994560477971e-05,2.6070725736994647e-07,2.652459868284387e-07,0.9999999527500305,1.006531846577361
126,0.35,5000,46,63,0.0,1.1,0.3487479549627652,0.02206338441426754,0.004663858125870165,0.004663858125870165,0.004678426230869559,0.0047300263329215445,0.004736120514351235,0.004757790898152758,0.004708232528072342,4.437440220217642e-05,4.43831911362982e-05,0.9999881506527784,0.9905744325628406
126,0.35,5000,47,63,0.0,1.25,0.3487479549627652,0.02206338441426754,0.0045224269650511704,0.0045224269650511704,0.004518522446902512,0.006052004485235402,0.006623902450147069,0.007502944353578511,0.0045193275912901645,1.2110225195917184e-05,1.4768152772537784e-05,0.9999994360885031,1.0000182326654141
126,0.35,5000,48,63,0.0,1.5,0.3487479549627652,0.02206338441426754,0.00017317325431873726,0.00017317325431873726,0.0001397815036289551,0.00042730113501037424,0.0006125602989422086,0.0010221392009737186,0.00015187806891207102,2.1295185406666232e-05,2.352817741730942e-05,0.9998174838004527,1.11734216543265
126,0.35,5000,49,63,0.2727272727272727,0.6,0.3487479549627652,0.02206338441426754,1.258212023458327e-12,1.282609218833386e-12,7.815970093361102e-14,4.968114808434626e-12,2.1565398355960506e-11,1.8454215933161322e-10,8.0524022975931e-14,1.8298420402819087e-12,6.283573746323951e-12,0.38988594720483055,1.5064419551521935
126,0.35,5000,50,63,0.2727272727272727,0.75,0.3487479549627652,0.02206338441426754,2.54221644346444e-05,2.54221644346444e-05,1.8365328958935834e-05,7.155467962434159e-05,0.00011111670755784787,0.00020806934634265417,2.087267083032992e-05,4.549493604314481e-06,5.40464664700698e-06,0.9996166288182526,1.1785039487171298
126,0.35,5000,51,63,0.2727272727272727,0.9,0.3487479549627652,0.02206338441426754,0.00400733203618297,0.00400733203618297,0.004037118875142021,0.004371689705045334,0.004466585126500959,0.004578081191970895,0.0040425901690143715,3.525813283140268e-05,3.549309541086884e-05,0.999999496513749,0.9912498037989921
126,0.35,5000,52,63,0.2727272727272727,1.0,0.3487479549627652,0.02206338441426754,-2.9823794307397744e-05,2.9823794307397744e-05,2.9428723519187017e-05,3.9525329126899324e-05,4.411176947804574e-05,5.2441830103777676e-05,-2.9630299872753696e-05,1.9349443464405295e-07,1.9686263373717166e-07,0.9999999527552901,1.006531374215399
126,0.35,5000,53,63,0.2727272727272727,1.1,0.3487479549627652,0.02206338441426754,0.004507921661021856,0.004507921661021856,0.004534790543666289,0.004672663877787997,0.004694870210230828,0.004721628617623597,0.004550637545657647,4.271588463579139e-05,4.2757830384879894e-05,0.9999978482360745,0.9906093134174441
126,0.35,5000,54,63,0.2727272727272727,1.25,0.3487479549627652,0.02206338441426754,0.0013459305772734957,0.0013459305772734957,0.0012936289336925241,0.002261307050436069,0.002699226847386767,0.0034621588727324834,0.0013102052016536493,3.572537561984661e-05,3.581149543023513e-05,0.9999881392861246,1.0236692044525992
126,0.35,5000,55,63,0.2727272727272727,1.5,0.3487479549627652,0.02206338441426754,5.650367715618632e-06,5.650367715618632e-06,3.2069804002832372e-06,1.915727121520762e-05,3.428549493657247e-05,7.88437819769424e-05,3.997287040081185e-06,1.6530806755374477e-06,2.2948027117060285e-06,0.9989268961221743,1.3254355376295535
126,0.35,5000,56,63,0.5,0.6,0.3487479549627652,0.02206338441426754,-2.786748609651113e-14,4.083915428054752e-14,3.552713678800501e-14,9.947598300641403e-14,1.2789769243681803e-13,1.7763568394002505e-13,-3.706776140647483e-15,1.0524393544263505e-13,2.3627304656748405e-13,-0.006221360930934155,0.0007976848087311586
126,0.35,5000,57,63,0.5,0.75,0.3487479549627652,0.02206338441426754,4.689780233491092e-10,4.689780659816734e-10,7.311840022339311e-11,2.0625863683676473e-09,6.297067471905394e-09,3.187531660842069e-08,1.1719600620919876e-10,3.518326677127577e-10,1.047335815042285e-09,0.9890135543129279,2.972866054837073
126,0.35,5000,58,63,0.5,0.9,0.3487479549627652,0.02206338441426754,0.001784569305176208,0.001784569305176208,0.0017825453653577128,0.0023949454138102234,0.0026239100653222994,0.0029764145689110677,0.0017829627863390086,4.886854437629366e-06,5.94449064472169e-06,0.999999402573197,1.0002149228397277
126,0.35,5000,59,63,0.5,1.0,0.3487479549627652,0.02206338441426754,-2.1199686796080908e-05,2.1199686796080908e-05,2.0918880628162384e-05,2.809563785115543e-05,3.135568890485274e-05,3.727666586428313e-05,-2.1062160779781046e-05,1.3752601629986244e-07,1.3991951037402068e-07,0.9999999527423626,1.006530599482748
126,0.35,5000,60,63,0.5,1.1,0.3487479549627652,0.02206338441426754,0.0032006537079182287,0.0032006537079182287,0.003224562604213499,0.0037405584860494934,0.003907845593280917,0.0041391819761576465,0.003222632874772031,2.198028894590691e-05,2.2798280336506302e-05,0.9999998517547735,0.9930564767849276
126,0.35,5000,61,63,0.5,1.25,0.3487479549627652,0.02206338441426754,0.0001191665467372733,0.0001191665467372733,9.870521184836651e-05,0.00028307811181654764,0.00039738082191450284,0.0006433497141153173,0.00010611834051140656,1.304820622586676e-05,1.4176763784360664e-05,0.9998540097533992,1.103474837033872
126,0.35,5000,62,63,0.5,1.5,0.3487479549627652,0.02206338441426754,2.0965265621724772e-08,2.0965265621724772e-08,5.392743421594242e-09,9.028602013108065e-08,2.2943852407724455e-07,8.825052842690036e-07,8.329732349048521e-09,1.2635533272676252e-08,2.8356510594885675e-08,0.9940688237590847,2.0676324062468283
126,0.35,5000,63,63,0.7272727272727273,0.6,0.3487479549627652,0.02206338441426754,-2.786748609651113e-14,4.083915428054752e-14,3.552713678800501e-14,9.947598300641403e-14,1.2789769243681803e-13,1.7763568394002505e-13,-3.706776140647483e-15,1.0524393544263505e-13,2.3627304656748405e-13,-0.006221360930934155,0.0007976848087311586
126,0.35,5000,64,63,0.7272727272727273,0.75,0.3487479549627652,0.02206338441426754,-1.3458389958032057e-14,2.065476678581035e-14,1.7763568394002505e-14,4.973799150320701e-14,6.394884621840902e-14,1.1013412404281553e-13,0.0,2.065476678581035e-14,2.5853261235005773e-14,,
126,0.35,5000,65,63,0.7272727272727273,0.9,0.3487479549627652,0.02206338441426754,1.0013259500518855e-05,1.0013259500518855e-05,7.223466345074314e-06,2.8224221249129047e-05,4.387029843103463e-05,8.225938892536533e-05,8.214319787973692e-06,1.7989397125451636e-06,2.1390492220675405e-06,0.999613548750824,1.1793042585593143
126,0.35,5000,66,63,0.7272727272727273,1.0,0.3487479549627652,0.02206338441426754,-1.259908735103179e-05,1.259908735103179e-05,1.2432238950643715e-05,1.669706047626729e-05,1.863431004972993e-05,2.2152710398071207e-05,-1.2517380585800317e-05,8.170676523147245e-08,8.312798208343733e-08,0.9999999527589225,1.0065284864189792
126,0.35,5000,67,63,0.7272727272727273,1.1,0.3487479549627652,0.02206338441426754,0.0005737815348825955,0.0005737815348825955,0.0005529874214467974,0.00095357758943203,0.0011331999284472003,0.0014442536909655239,0.0005595103410688672,1.4271193813728153e-05,1.4307430013520331e-05,0.9999892998701054,1.0221338106077067
126,0.35,5000,68,63,0.7272727272727273,1.25,0.3487479549627652,0.02206338441426754,1.3700310893897074e-07,1.3700310893897074e-07,5.195424377855441e-08,5.485320317701822e-07,1.1894887586437045e-06,3.620030020607049e-06,7.369374849767847e-08,6.330936044129229e-08,1.128636983424683e-07,0.9969569699957473,1.6377943447264258
126,0.35,5000,69,63,0.7272727272727273,1.5,0.3487479549627652,0.02206338441426754,1.2847588720825596e-13,1.2847588720825596e-13,4.499146457012075e-15,4.625176762900563e-13,2.2478765710137435e-12,2.318595151508901e-11,4.076176446246642e-15,1.2439971076200934e-13,7.483856475373963e-13,0.9703638962604446,17.265035180090372
126,0.35,5000,70,63,0.9090909090909091,0.6,0.3487479549627652,0.02206338441426754,-2.786748609651113e-14,4.083915428054752e-14,3.552713678800501e-14,9.947598300641403e-14,1.2789769243681803e-13,1.7763568394002505e-13,-3.706776140647483e-15,1.0524393544263505e-13,2.3627304656748405e-13,-0.006221360930934155,0.0007976848087311586
126,0.35,5000,71,63,0.9090909090909091,0.75,0.3487479549627652,0.02206338441426754,-1.3458389958032057e-14,2.065476678581035e-14,1.7763568394002505e-14,4.973799150320701e-14,6.394884621840902e-14,1.1013412404281553e-13,0.0,2.065476678581035e-14,2.5853261235005773e-14,,
126,0.35,5000,72,63,0.9090909090909091,0.9,0.3487479549627652,0.02206338441426754,-6.9668715241277826e-15,1.020978857013688e-14,8.881784197001252e-15,2.4868995751603507e-14,3.197442310920451e-14,4.440892098500626e-14,-9.266940351618708e-16,2.6310983860658762e-14,5.906826164187101e-14,-0.006221360930934155,0.0007976848087311586
126,0.35,5000,73,63,0.9090909090909091,1.0,0.3487479549627652,0.02206338441426754,-5.913110105106545e-06,5.913110105106545e-06,5.834893972322952e-06,7.835585517163012e-06,8.744250664242116e-06,1.0394364681531876e-05,-5.87482710797066e-06,3.828299713588445e-08,3.89469429220186e-08,0.9999999527186209,1.0065172207609134
126,0.35,5000,74,63,0.9090909090909091,1.1,0.3487479549627652,0.02206338441426754,1.4565873385603673e-07,1.4565873385603673e-07,6.344584177717298e-08,5.582751012576192e-07,1.1379943198388548e-06,3.1632002627607325e-06,8.644033978218672e-08,5.921839407385004e-08,9.700650713687652e-08,0.99775157119708,1.5185706187151182
126,0.35,5000,75,63,0.9090909090909091,1.25,0.3487479549627652,0.02206338441426754,2.8563327493733643e-15,2.8563327493733643e-15,5.911839142061114e-17,9.073424615853906e-15,5.0950891565803306e-14,6.566565321531537e-13,3.250827561307205e-17,2.8238244737602926e-15,2.0489476528466506e-14,0.9650133994469505,44.474840088348884
126,0.35,5000,76,63,0.9090909090909091,1.5,0.3487479549627652,0.02206338441426754,3.9487867539493116e-23,3.9487867539493116e-23,3.789155791925359e-26,4.512267553433749e-23,5.382218472643184e-22,2.2457689611923395e-20,1.0192110388433374e-29,3.9487857347382724e-23,5.811295187037909e-22,0.951755925521624,1808915.5859652068
126,0.35,5000,77,63,0.9545454545454546,0.6,0.3487479549627652,0.02206338441426754,-2.786748609651113e-14,4.083915428054752e-14,3.552713678800501e-14,9.947598300641403e-14,1.2789769243681803e-13,1.7763568394002505e-13,-3.706776140647483e-15,1.0524393544263505e-13,2.3627304656748405e-13,-0.006221360930934155,0.0007976848087311586
126,0.35,5000,78,63,0.9545454545454546,0.75,0.3487479549627652,0.02206338441426754,-1.3458389958032057e-14,2.065476678581035e-14,1.7763568394002505e-14,4.973799150320701e-14,6.394884621840902e-14,1.1013412404281553e-13,0.0,2.065476678581035e-14,2.5853261235005773e-14,,
126,0.35,5000,79,63,0.9545454545454546,0.9,0.3487479549627652,0.02206338441426754,-6.9668715241277826e-15,1.020978857013688e-14,8.881784197001252e-15,2.4868995751603507e-14,3.197442310920451e-14,4.440892098500626e-14,-9.266940351618708e-16,2.6310983860658762e-14,5.906826164187101e-14,-0.006221360930934155,0.0007976848087311586
126,0.35,5000,80,63,0.9545454545454546,1.0,0.3487479549627652,0.02206338441426754,-4.842409263652841e-06,4.842409263652841e-06,4.778406404171154e-06,6.416320368990425e-06,7.160149683551054e-06,8.510820718010681e-06,-4.811094073435128e-06,3.131519021771354e-08,3.185720881771903e-08,0.9999999526857881,1.0065095610112016
126,0.35,5000,81,63,0.9545454545454546,1.1,0.3487479549627652,0.02206338441426754,4.166897670016048e-10,4.166897670016048e-10,7.432497053854943e-11,1.833729363890635e-09,5.338417480411814e-09,2.5155390980134872e-08,1.1900084666916168e-10,2.976889203324431e-10,8.226811495383245e-10,0.990500898683964,2.6739064038210807
126,0.35,5000,82,63,0.9545454545454546,1.25,0.3487479549627652,0.02206338441426754,2.8052268411410127e-18,2.8052268411410127e-18,1.8134188167208115e-20,6.350966633152263e-18,4.8113463637362273e-17,9.851542763864911e-16,1.6544880850259831e-21,2.803572353055987e-18,2.823387919344539e-17,0.9577757566270351,780.9860026739788
126,0.35,5000,83,63,0.9545454545454546,1.5,0.3487479549627652,0.02206338441426754,1.3554772862558227e-25,1.3554772862558227e-25,5.66964147569346e-29,1.1105739054026566e-25,1.5993727449314816e-24,9.006496059074715e-23,2.298913397960543e-34,1.355477283956909e-25,2.2576997296219917e-24,0.9474278612548569,283681267.2634418
126,0.35,5000,84,126,0.0,0.6,0.3487479549627652,0.02206338441426754,0.00019637608415912097,0.00019637608415912097,0.00016334822706909335,0.0004634390906431918,0.0006482147330495281,0.001043877563603246,0.0001753134680748836,2.106261608423738e-05,2.2818801808348873e-05,0.9998590867155372,1.1011685601089591
126,0.35,5000,85,126,0.0,0.75,0.3487479549627652,0.02206338441426754,0.0051654110134860785,0.0051654110134860785,0.005175983917975913,0.006687689710519785,0.007232523716408395,0.008052543805426637,0.005174142952340249,1.4341943000760063e-05,1.7864894280443338e-05,0.9999996977372915,0.9978299964291492
126,0.35,5000,86,126,0.0,0.9,0.3487479549627652,0.02206338441426754,0.004228077703002045,0.004228077703002045,0.0042342313473433535,0.00446280087582922,0.004540011134249067,0.004649903605965733,0.004268114907066566,4.00372040645212e-05,4.00657152384403e-05,0.9999983369763493,0.9906187521108124
126,0.35,5000,87,126,0.0,1.0,0.3487479549627652,0.02206338441426754,-0.00011247649692543114,0.00011247649692543114,0.00011099518590906854,0.00014898625449348834,0.000166231742634686,0.00019753565924940375,-0.00011175289472460919,7.2360220082195e-07,7.360126015756073e-07,0.999999952560925,1.0064748670207027
126,0.35,5000,88,126,0.0,1.1,0.3487479549627652,0.02206338441426754,0.003954397994256647,0.003954397994256647,0.003956862422999752,0.0042331760844874335,0.0043370040793541745,0.004506585281232711,0.003991537886345534,3.713989208888754e-05,3.717478063838731e-05,0.9999988761394931,0.9906955011537221
126,0.35,5000,89,126,0.0,1.25,0.3487479549627652,0.02206338441426754,0.009390367060782813,0.009390367060782813,0.009463138192524867,0.01040795532128736,0.010685294610457146,0.011026693281501299,0.009470439777571574,8.00727167887594e-05,8.092822550429348e-05,0.999999658815229,0.9914999881626568
126,0.35,5000,90,126,0.0,1.5,0.3487479549627652,0.02206338441426754,0.003110415664233464,0.003110415664233464,0.003010152678559346,0.005081042525681739,0.005995641884673762,0.007563368662885969,0.0030410437799221505,6.937188431131292e-05,6.961790525079692e-05,0.9999908462923065,1.0197635909448899
126,0.35,5000,91,126,0.2727272727272727,0.6,0.3487479549627652,0.02206338441426754,7.408894324356652e-08,7.408894324356652e-08,2.4089366945645452e-08,3.076638623866757e-07,7.120101933111301e-07,2.384357010498661e-06,3.552772788514832e-08,3.8561215358418196e-08,7.538967978886303e-08,0.9959232690028496,1.7887131147278372
126,0.35,5000,92,126,0.2727272727272727,0.75,0.3487479549627652,0.02206338441426754,0.0008394747470904157,0.0008394747470904157,0.0007901677312052158,0.0015176981907814024,0.0018680392333021347,0.002503468244054119,0.0008066878152356397,3.278693185477602e-05,3.303620531870689e-05,0.9999772729585202,1.0352036030218994
126,0.35,5000,93,126,0.2727272727272727,0.9,0.3487479549627652,0.02206338441426754,0.004629190243413943,0.004629190243413943,0.004640069521721024,0.004653705537553598,0.004660205890007916,0.004677415500349724,0.004674166748386413,4.497650497247066e-05,4.497874083412414e-05,0.9999537438803717,0.9903775497694205
126,0.35,5000,94,126,0.2727272727272727,1.0,0.3487479549627652,0.02206338441426754,-8.348288975142717e-05,8.348288975142717e-05,8.23835296897002e-05,0.00011058038867193254,0.00012337978931690864,0.00014661297081097757,-8.294588950513812e-05,5.370002462890442e-07,5.462079892742245e-07,0.9999999525546007,1.006473930118744
126,0.35,5000,95,126,0.2727272727272727,1.1,0.3487479549627652,0.02206338441426754,0.004522313881616624,0.004522313881616624,0.004535006512984552,0.004652558270726692,0.004671266356278305,0.004685291381062329,0.0045657956417274334,4.348176011080851e-05,4.349515762406724e-05,0.9999954460407829,0.990475965162168
126,0.35,5000,96,126,0.2727272727272727,1.25,0.3487479549627652,0.02206338441426754,0.005705559585640875,0.005705559585640875,0.005726521192733328,0.0072215735822664,0.007749274206347604,0.008529845165669236,0.005723258485829929,1.9895999408741557e-05,2.393096684896771e-05,0.9999998129946883,0.9965318909632066
126,0.35,5000,97,126,0.2727272727272727,1.5,0.3487479549627652,0.02206338441426754,0.0005366584995775666,0.0005366584995775666,0.0004724391137296333,0.0011455122477543138,0.0015216970338489991,0.0022753535883851643,0.0004954207654981671,4.123773407939951e-05,4.309972378830667e-05,0.9999245428355263,1.071010758419521
126,0.35,5000,98,126,0.5,0.6,0.3487479549627652,0.02206338441426754,-2.8960300824110164e-14,4.155111810177914e-14,3.552713678800501e-14,9.947598300641403e-14,1.2789769243681803e-13,1.9184653865522705e-13,-3.706776140647483e-15,1.052117783009534e-13,2.354269635766311e-13,0.01796294790262932,0.005319604362503499
126,0.35,5000,99,126,0.5,0.75,0.3487479549627652,0.02206338441426754,2.1174312497741708e-06,2.1174312497741708e-06,1.1649956803694295e-06,7.308093017854845e-06,1.3293874692514863e-05,3.1299867302436724e-05,1.4684641439879272e-06,6.489671057862438e-07,9.187317173768437e-07,0.9988099027673921,1.3460556559007462
126,0.35,5000,100,126,0.5,0.9,0.3487479549627652,0.02206338441426754,0.003736745844375843,0.003736745844375843,0.0037657736211729187,0.0041480853107394465,0.00426045276010079,0.0043999554670417496,0.003768482253220803,3.173640884496051e-05,3.208974287186109e-05,0.9999996693646745,0.9915317365038224
126,0.35,5000,101,126,0.5,1.0,0.3487479549627652,0.02206338441426754,-5.933992840078108e-05,5.933992840078108e-05,5.8558625178894985e-05,7.859978539135338e-05,8.76968923110555e-05,0.00010420949264267065,-5.8958315911590284e-05,3.8161248919079996e-07,3.8815314398427453e-07,0.9999999525525244,1.0064723740286905
126,0.35,5000,102,126,0.5,1.1,0.3487479549627652,0.02206338441426754,0.0044846272720332645,0.0044846272720332645,0.0045112916085786325,0.004610444974204364,0.004618464894924437,0.004640005018874072,0.004527828627859054,4.3201355825789496e-05,4.323275460449044e-05,0.9999971122537618,0.9904556891474666
126,0.35,5000,103,126,0.5,1.25,0.3487479549627652,0.02206338441426754,0.0018206502978030863,0.0018206502978030863,0.0017727546362645095,0.0028931147169354776,0.0033765302473217286,0.0041926992464812185,0.001787042404399507,3.360789340357976e-05,3.3857734860754995e-05,0.9999931070205559,1.01624466684683
126,0.35,5000,104,126,0.5,1.5,0.3487479549627652,0.02206338441426754,2.5143575616903192e-05,2.5143575616903192e-05,1.6960248440955014e-05,7.541767328762894e-05,0.000122342405528183,0.00024398476877258394,1.9806261117112538e-05,5.33731449979065e-06,6.629504134919389e-06,0.9994550447512609,1.2179856178748838
126,0.35,5000,105,126,0.7272727272727273,0.6,0.3487479549627652,0.02206338441426754,-2.8960300824110164e-14,4.155111810177914e-14,3.552713678800501e-14,9.947598300641403e-14,1.2789769243681803e-13,1.9184653865522705e-13,-3.706776140647483e-15,1.052117783009534e-13,2.354269635766311e-13,0.01796294790262932,0.005319604362503499
126,0.35,5000,106,126,0.7272727272727273,0.75,0.3487479549627652,0.02206338441426754,-1.410782601851679e-14,2.1098145452924655e-14,1.7763568394002505e-14,4.973799150320701e-14,6.750155989720952e-14,1.0302869668521453e-13,-3.706776140647483e-15,8.953641118743027e-14,2.329115353234221e-13,-0.03118018860017874,-0.002004586664441726
126,0.35,5000,107,126,0.7272727272727273,0.9,0.3487479549627652,0.02206338441426754,0.00033298181074950577,0.00033298181074950577,0.0003133133692827528,0.0006026758633400853,0.0007421460467425156,0.0009952553215679671,0.0003199077560491298,1.307405470037598e-05,1.3175246383926125e-05,0.9999770471581428,1.0353940874847147
126,0.35,5000,108,126,0.7272727272727273,1.0,0.3487479549627652,0.02206338441426754,-3.5262300025082946e-05,3.5262300025082946e-05,3.479821874807776e-05,4.6705490630372105e-05,5.211016845221961e-05,6.192004075433744e-05,-3.503567330284832e-05,2.2662672223462652e-07,2.305066492060796e-07,0.9999999525334184,1.0064681570250082
126,0.35,5000,109,126,0.7272727272727273,1.1,0.3487479549627652,0.02206338441426754,0.002346038294061458,0.002346038294061458,0.0023557396588605,0.0029496015969099664,0.003157885593091287,0.0034641755481154,0.0023542370207056667,8.833325029564847e-06,1.0451199039782442e-05,0.9999998346403739,0.9961694743527959
126,0.35,5000,110,126,0.7272727272727273,1.25,0.3487479549627652,0.02206338441426754,5.2527550387424635e-05,5.2527550387424635e-05,4.071808431573892e-05,0.00013668837608788915,0.0002020658555444964,0.00035239830313963153,4.497945944644673e-05,7.548090940977906e-06,8.561398725701458e-06,0.9997516655076237,1.139241592257654
126,0.35,5000,111,126,0.7272727272727273,1.5,0.3487479549627652,0.02206338441426754,1.9112645962066622e-08,1.9112645962066622e-08,4.882282178576753e-09,8.23733622433845e-08,2.0988136527843357e-07,8.103775697369402e-07,7.549912098030238e-09,1.1562733864036384e-08,2.605012754193155e-08,0.9940020322428728,2.076659887055379
126,0.35,5000,112,126,0.9090909090909091,0.6,0.3487479549627652,0.02206338441426754,-2.8960300824110164e-14,4.155111810177914e-14,3.552713678800501e-14,9.947598300641403e-14,1.2789769243681803e-13,1.9184653865522705e-13,-3.706776140647483e-15,1.052117783009534e-13,2.354269635766311e-13,0.01796294790262932,0.005319604362503499
126,0.35,5000,113,126,0.9090909090909091,0.75,0.3487479549627652,0.02206338441426754,-1.410782601851679e-14,2.1098145452924655e-14,1.7763568394002505e-14,4.973799150320701e-14,6.750155989720952e-14,1.0302869668521453e-13,-3.706776140647483e-15,8.953641118743027e-14,2.329115353234221e-13,-0.03118018860017874,-0.002004586664441726
126,0.35,5000,114,126,0.9090909090909091,0.9,0.3487479549627652,0.02206338441426754,-7.240075206027541e-15,1.0387779525444785e-14,8.881784197001252e-15,2.4868995751603507e-14,3.197442310920451e-14,4.796163466380676e-14,-9.266940351618708e-16,2.630294457523835e-14,5.885674089415778e-14,0.01796294790262932,0.005319604362503499
126,0.35,5000,115,126,0.9090909090909091,1.0,0.3487479549627652,0.02206338441426754,-1.6540248194953567e-05,1.6540248194953567e-05,1.6323070426704778e-05,2.1903243676618668e-05,2.443535655548557e-05,2.9030268980156926e-05,-1.643430492997604e-05,1.0594326497752719e-07,1.0774621159772467e-07,0.9999999524396108,1.0064456814432716
126,0.35,5000,116,126,0.9090909090909091,1.1,0.3487479549627652,0.02206338441426754,3.571815867233448e-05,3.571815867233448e-05,2.898629317421636e-05,8.746893052765413e-05,0.00012484455813777267,0.00020698126933487793,3.142595877099529e-05,4.292199901339186e-06,4.724781255024989e-06,0.9998244498556433,1.114383425219743
126,0.35,5000,117,126,0.9090909090909091,1.25,0.3487479549627652,0.02206338441426754,1.303921222058242e-09,1.303921222058242e-09,2.4304092300267677e-10,5.734220966950297e-09,1.6431502144895085e-08,7.560455585260142e-08,3.884668870164402e-10,9.154543350418017e-10,2.4683281726044636e-09,0.9909608940020349,2.586268027025972
126,0.35,5000,118,126,0.9090909090909091,1.5,0.3487479549627652,0.02206338441426754,7.566432634826953e-15,7.566432634826953e-15,1.6717091502418194e-16,2.4439364418551344e-14,1.348446696776835e-13,1.6913016489738372e-12,9.872501740117098e-17,7.467707617425781e-15,5.301996554443568e-14,0.9655808718256014,39.11867653753256
126,0.35,5000,119,126,0.9545454545454546,0.6,0.3487479549627652,0.02206338441426754,-2.8960300824110164e-14,4.155111810177914e-14,3.552713678800501e-14,9.947598300641403e-14,1.2789769243681803e-13,1.9184653865522705e-13,-3.706776140647483e-15,1.052117783009534e-13,2.354269635766311e-13,0.01796294790262932,0.005319604362503499
126,0.35,5000,120,126,0.9545454545454546,0.75,0.3487479549627652,0.02206338441426754,-1.410782601851679e-14,2.1098145452924655e-14,1.7763568394002505e-14,4.973799150320701e-14,6.750155989720952e-14,1.0302869668521453e-13,-3.706776140647483e-15,8.953641118743027e-14,2.329115353234221e-13,-0.03118018860017874,-0.002004586664441726
126,0.35,5000,121,126,0.9545454545454546,0.9,0.3487479549627652,0.02206338441426754,-7.240075206027541e-15,1.0387779525444785e-14,8.881784197001252e-15,2.4868995751603507e-14,3.197442310920451e-14,4.796163466380676e-14,-9.266940351618708e-16,2.630294457523835e-14,5.885674089415778e-14,0.01796294790262932,0.005319604362503499
126,0.35,5000,122,126,0.9545454545454546,1.0,0.3487479549627652,0.02206338441426754,-1.3540053996047741e-05,1.3540053996047741e-05,1.3362551357060104e-05,1.7927713718668414e-05,1.9998848389164436e-05,2.3756658029228106e-05,-1.3453527575462817e-05,8.652642058492226e-08,8.79928928855476e-08,0.9999999523672036,1.0064303818544738
126,0.35,5000,123,126,0.9545454545454546,1.1,0.3487479549627652,0.02206338441426754,1.331098229129093e-06,1.331098229129093e-06,7.759859307929504e-07,4.440498674929444e-06,7.83284921775475e-06,1.7634704679420563e-05,9.57853365170545e-07,3.732448639585478e-07,5.092277731111767e-07,0.9990171118469903,1.3077687058390994
126,0.35,5000,124,126,0.9545454545454546,1.25,0.3487479549627652,0.02206338441426754,1.3392929152595172e-11,1.3392929152595172e-11,1.1783423398357211e-12,5.652041879733843e-11,2.086719409814553e-10,1.4099681199607608e-09,1.7341046016724183e-12,1.1658824550922754e-11,4.675181966176494e-11,0.9819260795992739,5.0708412731208465
126,0.35,5000,125,126,0.9545454545454546,1.5,0.3487479549627652,0.02206338441426754,1.3131388127577682e-16,1.3131388127577682e-16,1.4761026788211733e-18,3.525143685280274e-16,2.322742503796491e-15,3.831215344382177e-14,3.6002169793187404e-19,1.3095385957784494e-16,1.1424422485563556e-15,0.9604632916547874,173.3272496846752
126,0.35,5000,126,252,0.0,0.6,0.3487479549627652,0.02206338441426754,0.0028921039240537836,0.0028921039240537836,0.0028196768361112845,0.0045693177930768766,0.005319429243001537,0.006579600962346888,0.0028410873671169605,5.101655693682339e-05,5.149518787410473e-05,0.9999933109425048,1.0154684639771965
126,0.35,5000,127,252,0.0,0.75,0.3487479549627652,0.02206338441426754,0.009618930997879471,0.009618930997879471,0.009693850923286007,0.010438284964832078,0.010635621763573369,0.010851029253682754,0.009706656815811437,8.772581793196407e-05,8.830409785335762e-05,0.9999995370235805,0.9909327717124026
126,0.35,5000,128,252,0.0,0.9,0.3487479549627652,0.02206338441426754,0.003155441689220984,0.003155441689220984,0.0031557685734737717,0.0035082471352274602,0.003648214519306592,0.003898322942887944,0.0031872203229939,3.1778633772916403e-05,3.18071583669659e-05,0.9999994211537916,0.9900464990057789
126,0.35,5000,129,252,0.0,1.0,0.3487479549627652,0.02206338441426754,-0.00031160650738745196,0.00031160650738745196,0.00030755085830769247,0.00041231642158603423,0.00045980541618705577,0.0005459071993438869,-0.00030963605062141197,1.970456766039983e-06,2.003228163425019e-06,0.9999999519926897,1.0063611582534089
126,0.35,5000,130,252,0.0,1.1,0.3487479549627652,0.02206338441426754,0.0028226112694384378,0.0028226112694384378,0.0028224514473955686,0.0031836106745098294,0.0033289452867384254,0.003593723765358714,0.0028517282456790405,2.9116976240602348e-05,2.9142194941843165e-05,0.9999995061161244,0.9898175737482674
126,0.35,5000,131,252,0.0,1.25,0.3487479549627652,0.02206338441426754,0.01119509975113086,0.01119509975113086,0.01122479211851557,0.011258094653438633,0.011275356921440938,0.011315055553247744,0.011306711646263748,0.00011161189513288657,0.00011162185071167094,0.9999361920130695,0.990128473994599
126,0.35,5000,132,252,0.0,1.5,0.3487479549627652,0.02206338441426754,0.011902021126140265,0.011902021126140265,0.011962196987100715,0.014785594099520183,0.015760008044762245,0.017169568359944654,0.011952542193413985,5.219001298671517e-05,5.9924070029389627e-05,0.9999998393378878,0.9954638466608509
126,0.35,5000,133,252,0.2727272727272727,0.6,0.3487479549627652,0.02206338441426754,4.4972865922370885e-05,4.4972865922370885e-05,3.3071764903525036e-05,0.000124285903043031,0.0001906739441231764,0.00035074135227119996,3.7321614096107926e-05,7.651251826262959e-06,8.98070215535599e-06,0.9996507829692651,1.168315201839134
126,0.35,5000,134,252,0.2727272727272727,0.75,0.3487479549627652,0.02206338441426754,0.004517035049145181,0.004517035049145181,0.0045191672628739354,0.005972267065200399,0.006505420338902859,0.007314175102475673,0.004518484192698113,1.1918493808310506e-05,1.4697374167356891e-05,0.9999994642658969,0.9990686861373701
126,0.35,5000,135,252,0.2727272727272727,0.9,0.3487479549627652,0.02206338441426754,0.004023443100550344,0.004023443100550344,0.0040300595917370785,0.004291466164897529,0.004381754605539872,0.004514316441419197,0.004063157802921918,3.9714702371573486e-05,3.973912672045688e-05,0.9999987876096325,0.9902287143209952
126,0.35,5000,136,252,0.2727272727272727,1.0,0.3487479549627652,0.02206338441426754,-0.00023127132267193744,0.00023127132267193744,0.00022826184635471591,0.00030601191045316335,0.0003412542699094168,0.0004051505900504182,-0.00022980928562836578,1.462037043571638e-06,1.4863402015517233e-06,0.9999999519816007,1.0063592925504883
126,0.35,5000,137,252,0.2727272727272727,1.1,0.3487479549627652,0.02206338441426754,0.0036208926635161766,0.0036208926635161766,0.00362331951049355,0.003945403792391589,0.004068522284966216,0.004275325556344578,0.003656752605849603,3.585994233342622e-05,3.5889425756614644e-05,0.9999992176405347,0.990201439201306
126,0.35,5000,138,252,0.2727272727272727,1.25,0.3487479549627652,0.02206338441426754,0.009941409034306799,0.009941409034306799,0.010016205838040804,0.01065041687230015,0.010804660435069509,0.010958915311243711,0.010034352930618134,9.294389631133716e-05,9.336745252513335e-05,0.9999993736488353,0.9907166723612415
126,0.35,5000,139,252,0.2727272727272727,1.5,0.3487479549627652,0.02206338441426754,0.005288570166569217,0.005288570166569217,0.005221823345628103,0.007791394591762751,0.008829446847906219,0.01050707272193277,0.005239318675029165,4.943911130117119e-05,5.216092642801907e-05,0.9999970477999193,1.0078681173320685
126,0.35,5000,140,252,0.5,0.6,0.3487479549627652,0.02206338441426754,5.792344381916337e-15,6.275229225138901e-14,3.552713678800501e-14,1.2789769243681803e-13,5.827871518704373e-13,6.508571459562518e-12,-8.317976718705556e-15,2.451843520324265e-13,6.954546364010075e-13,0.024237868714111023,0.007997772520862577
126,0.35,5000,141,252,0.5,0.75,0.3487479549627652,0.02206338441426754,0.0002246889443868291,0.0002246889443868291,0.00019608074112298368,0.0004879782030029034,0.0006536787930513555,0.0009890366868710032,0.0002063562181839969,1.833272620283219e-05,1.9259398844941513e-05,0.9999147920212975,1.0755785699460836
126,0.35,5000,142,252,0.5,0.9,0.3487479549627652,0.02206338441426754,0.004473377803813624,0.004473377803813624,0.00448561365332889,0.004498928345307807,0.004506141885974539,0.004521305726681746,0.004518016319799228,4.46385159856036e-05,4.464287086004357e-05,0.9999381553248956,0.9901196123597189
126,0.35,5000,143,252,0.5,1.0,0.3487479549627652,0.02206338441426754,-0.00016437558971341666,0.00016437558971341666,0.0001622373054672721,0.00021749099108947512,0.00024253526750950274,0.0002879404622158077,-0.00016333694332077982,1.0386463926368595e-06,1.0558968071864064e-06,0.9999999519625392,1.006356186330512
126,0.35,5000,144,252,0.5,1.1,0.3487479549627652,0.02206338441426754,0.004332467432754983,0.004332467432754983,0.0043450360887543615,0.004503255802436279,0.004539761198222056,0.004559128921853506,0.004375496096635932,4.30286638809496e-05,4.304129058834948e-05,0.9999973625738221,0.9901669533208085
126,0.35,5000,145,252,0.5,1.25,0.3487479549627652,0.02206338441426754,0.0063683386809126365,0.0063683386809126365,0.006406465012087012,0.007780308206040215,0.00824632238149254,0.00890929744290092,0.006400880973584459,3.284694182229197e-05,3.631046726242221e-05,0.9999998699049887,0.9946647151288907
126,0.35,5000,146,252,0.5,1.5,0.3487479549627652,0.02206338441426754,0.0011426066231754592,0.0011426066231754592,0.0010564952504020834,0.002176356201291913,0.002740242775811512,0.003792992005734394,0.0010861755384627243,5.6431084712734923e-05,5.7321481183133176e-05,0.999965346074516,1.0447975624045847
126,0.35,5000,147,252,0.7272727272727273,0.6,0.3487479549627652,0.02206338441426754,-2.8458657652663535e-14,4.091589289600961e-14,3.552713678800501e-14,9.947598300641403e-14,1.2789769243681803e-13,1.8474111129762605e-13,-3.706776140647483e-15,1.0616653032755524e-13,2.372515198153652e-13,-0.02936484998700603,-0.003374479676184764
126,0.35,5000,148,252,0.7272727272727273,0.75,0.3487479549627652,0.02206338441426754,-1.4028955774847418e-14,2.0789059362869013e-14,1.7763568394002505e-14,4.973799150320701e-14,6.394884621840902e-14,9.237055564881302e-14,-3.706776140647483e-15,8.903127765901377e-14,2.321198852331422e-13,0.003025361686562522,0.0012591366577103845
126,0.35,5000,149,252,0.7272727272727273,0.9,0.3487479549627652,0.02206338441426754,0.0017982808442512234,0.0017982808442512234,0.001799064607272527,0.0023789708155313783,0.0025917871711445884,0.002914610594269007,0.0017987971620661355,4.757282785750588e-06,5.863740997318257e-06,0.9999994522502884,0.9990979075180485
126,0.35,5000,150,252,0.7272727272727273,1.0,0.3487479549627652,0.02206338441426754,-9.765824593841828e-05,9.765824593841828e-05,9.638897234443e-05,0.00012920483865639377,0.00014407737879986728,0.00017103892628522743,-9.704196186241763e-05,6.162840760006614e-07,6.264958855835636e-07,0.999999951909409,1.0063477825470226
126,0.35,5000,151,252,0.7272727272727273,1.1,0.3487479549627652,0.02206338441426754,0.00400735039198739,0.00400735039198739,0.004037224707131498,0.00427577974898157,0.004331582762083751,0.0043844596485512755,0.004045136477954901,3.7786085967510936e-05,3.793987163629536e-05,0.9999993043316495,0.9906402203671525
126,0.35,5000,152,252,0.7272727272727273,1.25,0.3487479549627652,0.02206338441426754,0.0011833346218841484,0.0011833346218841484,0.0011343983628209443,0.002009297374726499,0.002407966859038526,0.003104885070280672,0.0011500453781202904,3.328924376385798e-05,3.3376203826411465e-05,0.9999864195934357,1.0250768692678613
126,0.35,5000,153,252,0.7272727272727273,1.5,0.3487479549627652,0.02206338441426754,2.3154315843898567e-05,2.3154315843898567e-05,1.55864546895806e-05,6.957429692681852e-05,0.00011298914106717126,0.00022565011404797396,1.821724598883753e-05,4.937069855061036e-06,6.138695337053097e-06,0.9994470491126306,1.2190371642067963
126,0.35,5000,154,252,0.9090909090909091,0.6,0.3487479549627652,0.02206338441426754,-2.8458657652663535e-14,4.091589289600961e-14,3.552713678800501e-14,9.947598300641403e-14,1.2789769243681803e-13,1.8474111129762605e-13,-3.706776140647483e-15,1.0616653032755524e-13,2.372515198153652e-13,-0.02936484998700603,-0.003374479676184764
126,0.35,5000,155,252,0.9090909090909091,0.75,0.3487479549627652,0.02206338441426754,-1.4028955774847418e-14,2.0789059362869013e-14,1.7763568394002505e-14,4.973799150320701e-14,6.394884621840902e-14,9.237055564881302e-14,-3.706776140647483e-15,8.903127765901377e-14,2.321198852331422e-13,0.003025361686562522,0.0012591366577103845
126,0.35,5000,156,252,0.9090909090909091,0.9,0.3487479549627652,0.02206338441426754,-7.114664413165884e-15,1.0228973224002402e-14,8.881784197001252e-15,2.4868995751603507e-14,3.197442310920451e-14,4.618527782440651e-14,-9.266940351618708e-16,2.654163258188881e-14,5.93128799538413e-14,-0.02936484998700603,-0.003374479676184764
126,0.35,5000,157,252,0.9090909090909091,1.0,0.3487479549627652,0.02206338441426754,-4.575616116295107e-05,4.575616116295107e-05,4.516425026063198e-05,6.051146393901696e-05,6.74630778237506e-05,8.005946185640767e-05,-4.546939068308578e-05,2.8677047986529107e-07,2.914632140743616e-07,0.999999951608251,1.0063030120905856
126,0.35,5000,158,252,0.9090909090909091,1.1,0.3487479549627652,0.02206338441426754,0.0006145865183756289,0.0006145865183756289,0.0005958276345535292,0.000996851244505566,0.0011725191058819867,0.0014716979695991728,0.0006015534532359235,1.3033065139705379e-05,1.3094852965106603e-05,0.9999911118526617,1.0187152447842496
126,0.35,5000,159,252,0.9090909090909091,1.25,0.3487479549627652,0.02206338441426754,3.682435042319976e-06,3.682435042319976e-06,2.187644225254188e-06,1.2138474127465624e-05,2.119017053476746e-05,4.6985007869345514e-05,2.6817102337321522e-06,1.000724808587823e-06,1.3486066904765725e-06,0.9990777673063537,1.2954856771904866
126,0.35,5000,160,252,0.9090909090909091,1.5,0.3487479549627652,0.02206338441426754,2.985491670280119e-09,2.985491670280119e-09,5.79717698666886e-10,1.3115694169686754e-08,3.702682356525288e-08,1.6657218154756616e-07,9.245691958439991e-10,2.0609224744361196e-09,5.4292462790755e-09,0.9913670996104371,2.5082536588286026
126,0.35,5000,161,252,0.9545454545454546,0.6,0.3487479549627652,0.02206338441426754,-2.8458657652663535e-14,4.091589289600961e-14,3.552713678800501e-14,9.947598300641403e-14,1.2789769243681803e-13,1.8474111129762605e-13,-3.706776140647483e-15,1.0616653032755524e-13,2.372515198153652e-13,-0.02936484998700603,-0.003374479676184764
126,0.35,5000,162,252,0.9545454545454546,0.75,0.3487479549627652,0.02206338441426754,-1.4028955774847418e-14,2.0789059362869013e-14,1.7763568394002505e-14,4.973799150320701e-14,6.394884621840902e-14,9.237055564881302e-14,-3.706776140647483e-15,8.903127765901377e-14,2.321198852331422e-13,0.003025361686562522,0.0012591366577103845
126,0.35,5000,163,252,0.9545454545454546,0.9,0.3487479549627652,0.02206338441426754,-7.114664413165884e-15,1.0228973224002402e-14,8.881784197001252e-15,2.4868995751603507e-14,3.197442310920451e-14,4.618527782440651e-14,-9.266940351618708e-16,2.654163258188881e-14,5.93128799538413e-14,-0.02936484998700603,-0.003374479676184764
126,0.35,5000,164,252,0.9545454545454546,1.0,0.3487479549627652,0.02206338441426754,-3.7427748422864325e-05,3.7427748422864325e-05,3.6945127356469154e-05,4.948321380074394e-05,5.516022810240107e-05,6.544380176343179e-05,-3.719427762155621e-05,2.3347080130810848e-07,2.372584770541682e-07,0.9999999513805288,1.0062725283880367
126,0.35,5000,165,252,0.9545454545454546,1.1,0.3487479549627652,0.02206338441426754,0.00011250759636151102,0.00011250759636151102,9.990657753932499e-05,0.00023596359455101896,0.00031065253455439567,0.0004583341681587633,0.0001044004660241323,8.107130337378704e-06,8.423998146503597e-06,0.9999312333660015,1.0662772665076183
126,0.35,5000,166,252,0.9545454545454546,1.25,0.3487479549627652,0.02206338441426754,2.431575848415886e-07,2.431575848415886e-07,1.0254096612046644e-07,9.425690528744667e-07,1.9493851036352334e-06,5.532461912701522e-06,1.411056705994568e-07,1.0205191424213175e-07,1.7041785177254797e-07,0.9975605668852802,1.5444183913210732
126,0.35,5000,167,252,0.9545454545454546,1.5,0.3487479549627652,0.02206338441426754,2.071424308500742e-10,2.071424308500742e-10,2.6287997425784158e-11,9.036498999806916e-10,2.959719647007427e-09,1.6658368245903046e-08,4.15481566830299e-11,1.655942741670443e-10,5.50361333035087e-10,0.9865330063426415,3.5406825825739516
