n_obs,sigma_true,moneyness_K_over_S0,maturity,method,replications,bias,mae,rmse,coverage_95,mean_acceptance_rate
63,0.15,0.8,0.5,full_bayes,1000,0.0002516279130101857,0.0002668633966770493,0.0004948803269941808,0.951,0.30055546295524627
63,0.15,0.8,0.5,postmean_plugin,1000,9.039499632377002e-05,0.00013448019271103463,0.000285355477369995,0.951,0.30055546295524627
63,0.15,0.8,0.5,map_plugin,1000,5.838638842126542e-05,0.0001124784110811099,0.00026507605859980713,0.951,0.30055546295524627
63,0.15,0.8,0.5,mle_plugin,1000,7.170447578881323e-05,0.0001199143243355607,0.0002574428760361041,0.951,0.30055546295524627
63,0.15,0.8,1.0,full_bayes,1000,0.00366072526327946,0.005568173149384208,0.008395184869744932,0.951,0.30055546295524627
63,0.15,0.8,1.0,postmean_plugin,1000,0.0015399165533765817,0.00448100936759759,0.006656090374179968,0.951,0.30055546295524627
63,0.15,0.8,1.0,map_plugin,1000,0.00042723182045901353,0.004146839405797941,0.006114009982189211,0.951,0.30055546295524627
63,0.15,0.8,1.0,mle_plugin,1000,0.0009714000363673634,0.004228157850317579,0.0061854480580344215,0.951,0.30055546295524627
63,0.15,0.8,2.0,full_bayes,1000,0.01393028035796301,0.0337810845638852,0.04560628048174144,0.951,0.30055546295524627
63,0.15,0.8,2.0,postmean_plugin,1000,0.006013430160952819,0.031540701253991485,0.04172920880427855,0.951,0.30055546295524627
63,0.15,0.8,2.0,map_plugin,1000,-0.002005809249663592,0.030634687827459997,0.03969157925853697,0.951,0.30055546295524627
63,0.15,0.8,2.0,mle_plugin,1000,0.002116795638535134,0.030519776437147653,0.03982243349206283,0.951,0.30055546295524627
63,0.15,1.0,0.5,full_bayes,1000,-0.0063125623909862085,0.16894015038640156,0.21135402838179518,0.951,0.30055546295524627
63,0.15,1.0,0.5,postmean_plugin,1000,-0.006444256722019489,0.16895523380977875,0.2113748613980226,0.951,0.30055546295524627
63,0.15,1.0,0.5,map_plugin,1000,-0.05197590701892789,0.1766759515065184,0.22039558125024783,0.951,0.30055546295524627
63,0.15,1.0,0.5,mle_plugin,1000,-0.027274264229614716,0.16955216899080086,0.21226545952812967,0.951,0.30055546295524627
63,0.15,1.0,1.0,full_bayes,1000,-0.008387997671540432,0.23383248083778607,0.29251452747876144,0.951,0.30055546295524627
63,0.15,1.0,1.0,postmean_plugin,1000,-0.008751773802188176,0.23387451936378986,0.29257186538113766,0.951,0.30055546295524627
63,0.15,1.0,1.0,map_plugin,1000,-0.07176274455767802,0.24450316332955746,0.3049576214705198,0.951,0.30055546295524627
63,0.15,1.0,1.0,mle_plugin,1000,-0.03758324677543625,0.23467348396291288,0.29375315240873623,0.951,0.30055546295524627
63,0.15,1.0,2.0,full_bayes,1000,-0.010459229631258457,0.3180673375242695,0.39782730436623603,0.951,0.30055546295524627
63,0.15,1.0,2.0,postmean_plugin,1000,-0.011441992462446331,0.3181842955181205,0.39798302075899555,0.951,0.30055546295524627
63,0.15,1.0,2.0,map_plugin,1000,-0.09712496685955702,0.3324835836166258,0.414558246282612,0.951,0.30055546295524627
63,0.15,1.0,2.0,mle_plugin,1000,-0.050660822997654634,0.31919651621457446,0.39945006712349307,0.951,0.30055546295524627
63,0.15,1.2,0.5,full_bayes,1000,0.003428987294539808,0.005239018393433706,0.007882775162942331,0.951,0.30055546295524627
63,0.15,1.2,0.5,postmean_plugin,1000,0.0014473189836273308,0.004232502945428167,0.006269645922062076,0.951,0.30055546295524627
63,0.15,1.2,0.5,map_plugin,1000,0.00039610308916442294,0.0039190231023724905,0.005759621062315358,0.951,0.30055546295524627
63,0.15,1.2,0.5,mle_plugin,1000,0.000910825370395622,0.003995130159824333,0.005828708864526602,0.951,0.30055546295524627
63,0.15,1.2,1.0,full_bayes,1000,0.01560655466977381,0.04630332781759048,0.06097505182605588,0.951,0.30055546295524627
63,0.15,1.2,1.0,postmean_plugin,1000,0.006641608020939008,0.04432202110153566,0.05745770223664557,0.951,0.30055546295524627
63,0.15,1.2,1.0,map_plugin,1000,-0.00472128031698992,0.043614119977711314,0.055415415195203085,0.951,0.30055546295524627
63,0.15,1.2,1.0,mle_plugin,1000,0.0011851111333558064,0.043168782702046486,0.05528866029086919,0.951,0.30055546295524627
63,0.15,1.2,2.0,full_bayes,1000,0.021350890798530663,0.17387189148616422,0.2188845411097773,0.951,0.30055546295524627
63,0.15,1.2,2.0,postmean_plugin,1000,0.0069501243053639306,0.173278750664185,0.21733260864515797,0.951,0.30055546295524627
63,0.15,1.2,2.0,map_plugin,1000,-0.03865147071258831,0.17662651780307265,0.21893452182530504,0.951,0.30055546295524627
63,0.15,1.2,2.0,mle_plugin,1000,-0.014317771671143835,0.1717353475531022,0.21425150376410013,0.951,0.30055546295524627
63,0.25,0.8,0.5,full_bayes,1000,0.009460804083003581,0.020044937642109267,0.02834411336480861,0.941,0.3788539878323194
63,0.25,0.8,0.5,postmean_plugin,1000,0.0040382123573097775,0.01817400863213791,0.025215631747278148,0.941,0.3788539878323194
63,0.25,0.8,0.5,map_plugin,1000,-0.0005502188097363004,0.0173376364756988,0.023239751579398622,0.941,0.3788539878323194
63,0.25,0.8,0.5,mle_plugin,1000,0.002539002422071263,0.017712380720740526,0.02432593756524857,0.941,0.3788539878323194
63,0.25,0.8,1.0,full_bayes,1000,0.020631776329037035,0.08604947603864756,0.11245774444885462,0.941,0.3788539878323194
63,0.25,0.8,1.0,postmean_plugin,1000,0.0075463890348143785,0.08406670290585455,0.10877098823332658,0.941,0.3788539878323194
63,0.25,0.8,1.0,map_plugin,1000,-0.014066485666530421,0.08367668432234159,0.1054792182044737,0.941,0.3788539878323194
63,0.25,0.8,1.0,mle_plugin,1000,0.0007118407896870344,0.08304788040767223,0.10664423387833052,0.941,0.3788539878323194
63,0.25,0.8,2.0,full_bayes,1000,0.023494398666515887,0.21474838641539476,0.2735711230371819,0.941,0.3788539878323194
63,0.25,0.8,2.0,postmean_plugin,1000,0.004770263698965678,0.21396870911079993,0.2716933277308138,0.941,0.3788539878323194
63,0.25,0.8,2.0,map_plugin,1000,-0.051034787697282626,0.21768270136237233,0.27149331614928013,0.941,0.3788539878323194
63,0.25,0.8,2.0,mle_plugin,1000,-0.012583444270441063,0.21284259406271788,0.2689575610758459,0.941,0.3788539878323194
63,0.25,1.0,0.5,full_bayes,1000,-0.019088564985948155,0.2861563687321309,0.3616508363897966,0.941,0.3788539878323194
63,0.25,1.0,0.5,postmean_plugin,1000,-0.019109097258135553,0.28618252627087837,0.3616833865162187,0.941,0.3788539878323194
63,0.25,1.0,0.5,map_plugin,1000,-0.09561770044240694,0.2997770591583474,0.37669947423550937,0.941,0.3788539878323194
63,0.25,1.0,0.5,mle_plugin,1000,-0.04238418959235399,0.2872962658783543,0.3628838913588216,0.941,0.3788539878323194
63,0.25,1.0,1.0,full_bayes,1000,-0.026492183901860554,0.3975101424154177,0.5023671814095132,0.941,0.3788539878323194
63,0.25,1.0,1.0,postmean_plugin,1000,-0.0265375170292276,0.3975745599076411,0.5024480730820551,0.941,0.3788539878323194
63,0.25,1.0,1.0,map_plugin,1000,-0.132821711381243,0.4164545849039521,0.5232960253506581,0.941,0.3788539878323194
63,0.25,1.0,1.0,mle_plugin,1000,-0.05887119846191084,0.39912033035351735,0.5041124863054443,0.941,0.3788539878323194
63,0.25,1.0,2.0,full_bayes,1000,-0.03617077987994172,0.5443967305679299,0.6879594947816575,0.941,0.3788539878323194
63,0.25,1.0,2.0,postmean_plugin,1000,-0.036270128021264496,0.5445694475286366,0.6881731119256462,0.941,0.3788539878323194
63,0.25,1.0,2.0,map_plugin,1000,-0.18183940010508137,0.5704015993658791,0.7166809457603418,0.941,0.3788539878323194
63,0.25,1.0,2.0,mle_plugin,1000,-0.08055610024974326,0.5466791213465065,0.6904395858643765,0.941,0.3788539878323194
63,0.25,1.2,0.5,full_bayes,1000,0.019107449258383254,0.0799693947853125,0.10446288996450721,0.941,0.3788539878323194
63,0.25,1.2,0.5,postmean_plugin,1000,0.0070232623934285065,0.07818491825928345,0.10110860452968724,0.941,0.3788539878323194
63,0.25,1.2,0.5,map_plugin,1000,-0.013076366197621404,0.07782890717124419,0.09806911101130009,0.941,0.3788539878323194
63,0.25,1.2,0.5,mle_plugin,1000,0.0006686051739806483,0.07724037191296589,0.099139187977212,0.941,0.3788539878323194
63,0.25,1.2,1.0,full_bayes,1000,0.01777021084828853,0.23196218183689268,0.2943675749793277,0.941,0.3788539878323194
63,0.25,1.2,1.0,postmean_plugin,1000,0.0013330563855256084,0.23172279164721551,0.29344094035765045,0.941,0.3788539878323194
63,0.25,1.2,1.0,map_plugin,1000,-0.059350905771138864,0.2370284320976467,0.29548581880931596,0.941,0.3788539878323194
63,0.25,1.2,1.0,mle_plugin,1000,-0.017459641005953104,0.23089784242094025,0.2912068352734306,0.941,0.3788539878323194
63,0.25,1.2,2.0,full_bayes,1000,-0.004053063771668158,0.4671297780440251,0.5898245645900401,0.941,0.3788539878323194
63,0.25,1.2,2.0,postmean_plugin,1000,-0.01752802541232129,0.4679928864522958,0.5908010841680046,0.941,0.3788539878323194
63,0.25,1.2,2.0,map_plugin,1000,-0.14152767577960715,0.48550779271093336,0.606935881011027,0.941,0.3788539878323194
63,0.25,1.2,2.0,mle_plugin,1000,-0.055523338203215034,0.46839579574626716,0.5901153871660345,0.941,0.3788539878323194
63,0.4,0.8,0.5,full_bayes,1000,0.01292050587015095,0.14364392826578723,0.17888270529310837,0.945,0.4275015417951496
63,0.4,0.8,0.5,postmean_plugin,1000,-0.0029607549173974092,0.1435062294149382,0.17693313076969908,0.945,0.4275015417951496
63,0.4,0.8,0.5,map_plugin,1000,-0.037752776839793875,0.1440448653228753,0.1755827174392365,0.945,0.4275015417951496
63,0.4,0.8,0.5,mle_plugin,1000,-0.010406529210732138,0.14355659608674007,0.1761417901383378,0.945,0.4275015417951496
63,0.4,0.8,1.0,full_bayes,1000,-0.005461552101202848,0.32299859682623044,0.3979832658593224,0.945,0.4275015417951496
63,0.4,0.8,1.0,postmean_plugin,1000,-0.024433392927177375,0.3246800036137955,0.3986619700696305,0.945,0.4275015417951496
63,0.4,0.8,1.0,map_plugin,1000,-0.10407319005796961,0.3317813564451006,0.4059492794586654,0.945,0.4275015417951496
63,0.4,0.8,1.0,mle_plugin,1000,-0.041365814043133116,0.326002251268909,0.39905991754063946,0.945,0.4275015417951496
63,0.4,0.8,2.0,full_bayes,1000,-0.040529695935291175,0.5648081213686265,0.6949453943878164,0.945,0.4275015417951496
63,0.4,0.8,2.0,postmean_plugin,1000,-0.05846650221957014,0.5673774108243967,0.6972832799261356,0.945,0.4275015417951496
63,0.4,0.8,2.0,map_plugin,1000,-0.19868119675190948,0.5851868484013559,0.7195918456679612,0.945,0.4275015417951496
63,0.4,0.8,2.0,mle_plugin,1000,-0.08816995308350135,0.5707815733301184,0.6999762885275761,0.945,0.4275015417951496
63,0.4,1.0,0.5,full_bayes,1000,-0.06437513002705017,0.47141383744046744,0.5817275469426386,0.945,0.4275015417951496
63,0.4,1.0,0.5,postmean_plugin,1000,-0.06413762707772587,0.47146541114636153,0.5817903238887883,0.945,0.4275015417951496
63,0.4,1.0,0.5,map_plugin,1000,-0.18190100158517045,0.4917560139568926,0.6101686503299825,0.945,0.4275015417951496
63,0.4,1.0,0.5,mle_plugin,1000,-0.08897010485979594,0.47539211223102834,0.5860566400050913,0.945,0.4275015417951496
63,0.4,1.0,1.0,full_bayes,1000,-0.08990103537865365,0.6538630326438338,0.8068910848840528,0.945,0.4275015417951496
63,0.4,1.0,1.0,postmean_plugin,1000,-0.08926749218563415,0.6539717946616621,0.8070342792042017,0.945,0.4275015417951496
63,0.4,1.0,1.0,map_plugin,1000,-0.25263280032681446,0.6822173619946714,0.8465729469648325,0.945,0.4275015417951496
63,0.4,1.0,1.0,mle_plugin,1000,-0.12371402144181712,0.6594392089326402,0.8129895792950453,0.945,0.4275015417951496
63,0.4,1.0,2.0,full_bayes,1000,-0.1245032600972902,0.8924308505094486,1.1013389319877867,0.945,0.4275015417951496
63,0.4,1.0,2.0,postmean_plugin,1000,-0.12273210446884861,0.8927597397843013,1.1017585912216843,0.945,0.4275015417951496
63,0.4,1.0,2.0,map_plugin,1000,-0.3457820321418676,0.9316034786111317,1.1562330690317957,0.945,0.4275015417951496
63,0.4,1.0,2.0,mle_plugin,1000,-0.1697581242920407,0.9002827573526159,1.1099963862167135,0.945,0.4275015417951496
63,0.4,1.2,0.5,full_bayes,1000,-0.0049962827983528624,0.29827354464063477,0.3675516105491855,0.945,0.4275015417951496
63,0.4,1.2,0.5,postmean_plugin,1000,-0.02249295434319152,0.29970436071061796,0.3680727615390417,0.945,0.4275015417951496
63,0.4,1.2,0.5,map_plugin,1000,-0.09603080086488283,0.30626267339500735,0.37480984641120935,0.945,0.4275015417951496
63,0.4,1.2,0.5,mle_plugin,1000,-0.03812697525463948,0.3009243649648993,0.36844051429225805,0.945,0.4275015417951496
63,0.4,1.2,1.0,full_bayes,1000,-0.0462771659715076,0.560852848303581,0.690239261018424,0.945,0.4275015417951496
63,0.4,1.2,1.0,postmean_plugin,1000,-0.06101496034743221,0.5630406575961184,0.6923247639300176,0.945,0.4275015417951496
63,0.4,1.2,1.0,map_plugin,1000,-0.2004159935207896,0.581799440258618,0.7164172628463079,0.945,0.4275015417951496
63,0.4,1.2,1.0,mle_plugin,1000,-0.09052192890569412,0.5666348355244325,0.6953988287680936,0.945,0.4275015417951496
63,0.4,1.2,2.0,full_bayes,1000,-0.10537437683447323,0.8955337354820159,1.1034616608456584,0.945,0.4275015417951496
63,0.4,1.2,2.0,postmean_plugin,1000,-0.11334920047141987,0.8974375147449165,1.10563980590086,0.945,0.4275015417951496
63,0.4,1.2,2.0,map_plugin,1000,-0.3367458342364699,0.9329361934920521,1.1540257817723218,0.945,0.4275015417951496
63,0.4,1.2,2.0,mle_plugin,1000,-0.1605220045213867,0.9042916481621083,1.1126088936582033,0.945,0.4275015417951496
252,0.15,0.8,0.5,full_bayes,1000,4.8775399698754996e-05,6.795077767235824e-05,0.00011035862997070207,0.955,0.30943953662805235
252,0.15,0.8,0.5,postmean_plugin,1000,2.228327341206793e-05,5.452736423485405e-05,8.817248804362478e-05,0.955,0.30943953662805235
252,0.15,0.8,0.5,map_plugin,1000,1.586063461402176e-05,5.259815108816923e-05,8.739740033952994e-05,0.955,0.30943953662805235
252,0.15,0.8,0.5,mle_plugin,1000,1.8582222809627068e-05,5.2672499858253726e-05,8.480177033703462e-05,0.955,0.30943953662805235
252,0.15,0.8,1.0,full_bayes,1000,0.0008846687850329111,0.0023124723443798097,0.0031470575770715524,0.955,0.30943953662805235
252,0.15,0.8,1.0,postmean_plugin,1000,0.0004110157330791999,0.002181555577702195,0.0029130630704659647,0.955,0.30943953662805235
252,0.15,0.8,1.0,map_plugin,1000,0.00012528712931382912,0.0021835575677537555,0.0029039557153063738,0.955,0.30943953662805235
252,0.15,0.8,1.0,mle_plugin,1000,0.00026804058859877247,0.0021470016195731744,0.0028466069607566012,0.955,0.30943953662805235
252,0.15,0.8,2.0,full_bayes,1000,0.0037488385413267764,0.016300170854317286,0.021035196613381022,0.955,0.30943953662805235
252,0.15,0.8,2.0,postmean_plugin,1000,0.0017860585617458576,0.016014301191170185,0.020503046088800644,0.955,0.30943953662805235
252,0.15,0.8,2.0,map_plugin,1000,-0.0003959017665887856,0.01624869404444528,0.02069494705708769,0.955,0.30943953662805235
252,0.15,0.8,2.0,mle_plugin,1000,0.0007454290968185404,0.015863763325548803,0.020206820907285202,0.955,0.30943953662805235
252,0.15,1.0,0.5,full_bayes,1000,0.00019880019640118718,0.0854725596663821,0.10707235214792125,0.955,0.30943953662805235
252,0.15,1.0,0.5,postmean_plugin,1000,0.0001660969442041087,0.08547421783903156,0.10707438242632648,0.955,0.30943953662805235
252,0.15,1.0,0.5,map_plugin,1000,-0.012199904594708664,0.08854458890541896,0.11093473809050133,0.955,0.30943953662805235
252,0.15,1.0,0.5,mle_plugin,1000,-0.005369055843665493,0.08545441803962087,0.1069452697369891,0.955,0.30943953662805235
252,0.15,1.0,1.0,full_bayes,1000,0.0003565034233550799,0.11832897095367363,0.14823209365362,0.955,0.30943953662805235
252,0.15,1.0,1.0,postmean_plugin,1000,0.0002678998403502888,0.11833362312354367,0.14823799122076953,0.955,0.30943953662805235
252,0.15,1.0,1.0,map_plugin,1000,-0.01684882924893469,0.12257664594095832,0.1535693077201208,0.955,0.30943953662805235
252,0.15,1.0,1.0,mle_plugin,1000,-0.007395114743974897,0.11830300704583024,0.1480532219426839,0.955,0.30943953662805235
252,0.15,1.0,2.0,full_bayes,1000,0.00071247299334805,0.16102484928898306,0.2017181574700454,0.955,0.30943953662805235
252,0.15,1.0,2.0,postmean_plugin,1000,0.00047228853360015144,0.16103868511139183,0.20173530810623652,0.955,0.30943953662805235
252,0.15,1.0,2.0,map_plugin,1000,-0.022812472998543068,0.1667909759674256,0.20895345457842346,0.955,0.30943953662805235
252,0.15,1.0,2.0,mle_plugin,1000,-0.00995603216844895,0.1609879520320733,0.20146692243828887,0.955,0.30943953662805235
252,0.15,1.2,0.5,full_bayes,1000,0.0008336677486019806,0.00218526833343454,0.0029708812129855683,0.955,0.30943953662805235
252,0.15,1.2,0.5,postmean_plugin,1000,0.00038835486049498304,0.002063497406443522,0.002753635269382752,0.955,0.30943953662805235
252,0.15,1.2,0.5,map_plugin,1000,0.00011801788687087442,0.0020653967298731855,0.002744726942293226,0.955,0.30943953662805235
252,0.15,1.2,0.5,mle_plugin,1000,0.00025312493752731373,0.002030853106228852,0.0026908988473512046,0.955,0.30943953662805235
252,0.15,1.2,1.0,full_bayes,1000,0.0043229357456638935,0.022862122147613972,0.029220787228685687,0.955,0.30943953662805235
252,0.15,1.2,1.0,postmean_plugin,1000,0.0020681170330889296,0.022608076400233327,0.02873804897614275,0.955,0.30943953662805235
252,0.15,1.2,1.0,map_plugin,1000,-0.0010444911100544604,0.023023692144607987,0.029129950598460932,0.955,0.30943953662805235
252,0.15,1.2,1.0,mle_plugin,1000,0.0006011686645926797,0.022433453164272758,0.02838987714185309,0.955,0.30943953662805235
252,0.15,1.2,2.0,full_bayes,1000,0.007001623316006088,0.08858404060079861,0.11136463495302602,0.955,0.30943953662805235
252,0.15,1.2,2.0,postmean_plugin,1000,0.0033889550321296413,0.08850625497047479,0.11115474218165275,0.955,0.30943953662805235
252,0.15,1.2,2.0,map_plugin,1000,-0.009151325901698633,0.0910411542518945,0.11408818766099356,0.955,0.30943953662805235
252,0.15,1.2,2.0,mle_plugin,1000,-0.0023417450291172547,0.08821576039771588,0.11051829614480917,0.955,0.30943953662805235
252,0.25,0.8,0.5,full_bayes,1000,0.002057563623853433,0.00891349421827156,0.011736024219318787,0.95,0.39484223685307107
252,0.25,0.8,0.5,postmean_plugin,1000,0.0007240710755454884,0.008751143850091658,0.01133421254048723,0.95,0.39484223685307107
252,0.25,0.8,0.5,map_plugin,1000,-0.00037924836636933537,0.00892743516958782,0.011400438707558464,0.95,0.39484223685307107
252,0.25,0.8,0.5,mle_plugin,1000,0.0002980359921683977,0.00870780639683527,0.011205423402704069,0.95,0.39484223685307107
252,0.25,0.8,1.0,full_bayes,1000,0.003932177417110793,0.04129292130520413,0.052766444162890454,0.95,0.39484223685307107
252,0.25,0.8,1.0,postmean_plugin,1000,0.000627034681581712,0.04124270388604374,0.052357625182853404,0.95,0.39484223685307107
252,0.25,0.8,1.0,map_plugin,1000,-0.004759230212803406,0.042529811603981886,0.05343334284506368,0.95,0.39484223685307107
252,0.25,0.8,1.0,mle_plugin,1000,-0.001376697690957485,0.04121171739684388,0.052080261821001755,0.95,0.39484223685307107
252,0.25,0.8,2.0,full_bayes,1000,0.0029760080659395386,0.10481711801044499,0.13276288646871942,0.95,0.39484223685307107
252,0.25,0.8,2.0,postmean_plugin,1000,-0.0017686118954700234,0.10499602513959357,0.13261503057366292,0.95,0.39484223685307107
252,0.25,0.8,2.0,map_plugin,1000,-0.015734983385170816,0.10885349381198188,0.13638528305868014,0.95,0.39484223685307107
252,0.25,0.8,2.0,mle_plugin,1000,-0.006872613016763754,0.1051287677039864,0.13231518887842128,0.95,0.39484223685307107
252,0.25,1.0,0.5,full_bayes,1000,-0.008128994185354023,0.13909569362073573,0.17531555282377662,0.95,0.39484223685307107
252,0.25,1.0,0.5,postmean_plugin,1000,-0.008135985047361896,0.13909928527202725,0.17531983957366973,0.95,0.39484223685307107
252,0.25,1.0,0.5,map_plugin,1000,-0.027109170973256737,0.14524387115566167,0.18222609551603813,0.95,0.39484223685307107
252,0.25,1.0,0.5,mle_plugin,1000,-0.014913181972631901,0.13964019259769442,0.17562370091932644,0.95,0.39484223685307107
252,0.25,1.0,1.0,full_bayes,1000,-0.01129327094791649,0.19324150543372198,0.2435592178667119,0.95,0.39484223685307107
252,0.25,1.0,1.0,postmean_plugin,1000,-0.011304292717339938,0.19325076077468323,0.24356961510796515,0.95,0.39484223685307107
252,0.25,1.0,1.0,map_plugin,1000,-0.03766344750082849,0.20178719494258637,0.2531638493677606,0.95,0.39484223685307107
252,0.25,1.0,1.0,mle_plugin,1000,-0.02071976143542874,0.19400226792892522,0.24399174094462248,0.95,0.39484223685307107
252,0.25,1.0,2.0,full_bayes,1000,-0.015426206941183344,0.2647007265105019,0.33362205461442324,0.95,0.39484223685307107
252,0.25,1.0,2.0,postmean_plugin,1000,-0.015459882593299147,0.26472958661443485,0.33365320749663885,0.95,0.39484223685307107
252,0.25,1.0,2.0,map_plugin,1000,-0.051566214524219604,0.27641850549996577,0.34678736102933816,0.95,0.39484223685307107
252,0.25,1.0,2.0,mle_plugin,1000,-0.02835760298997875,0.2657575444616281,0.3342287752716095,0.95,0.39484223685307107
252,0.25,1.2,0.5,full_bayes,1000,0.003688950284102735,0.03840527158766518,0.04907297370522507,0.95,0.39484223685307107
252,0.25,1.2,0.5,postmean_plugin,1000,0.0006179485755907016,0.03838523994424949,0.04871421011236283,0.95,0.39484223685307107
252,0.25,1.2,0.5,map_plugin,1000,-0.0043925344230844625,0.03957737808174093,0.049709267389042,0.95,0.39484223685307107
252,0.25,1.2,0.5,mle_plugin,1000,-0.001246293614865595,0.0383549569348165,0.04845460515559214,0.95,0.39484223685307107
252,0.25,1.2,1.0,full_bayes,1000,0.0014056220743008784,0.1133844703213839,0.1433962879662809,0.95,0.39484223685307107
252,0.25,1.2,1.0,postmean_plugin,1000,-0.0027666499498991567,0.11362771193403487,0.14338414785123813,0.95,0.39484223685307107
252,0.25,1.2,1.0,map_plugin,1000,-0.01794785629692729,0.11795203401500255,0.14773988482082323,0.95,0.39484223685307107
252,0.25,1.2,1.0,mle_plugin,1000,-0.00829111248718543,0.1138255882036064,0.14316486079329685,0.95,0.39484223685307107
252,0.25,1.2,2.0,full_bayes,1000,-0.006850823867309773,0.22817727866967677,0.28781866010099844,0.95,0.39484223685307107
252,0.25,1.2,2.0,postmean_plugin,1000,-0.01023734783816423,0.2285006104885439,0.2880164443364489,0.95,0.39484223685307107
252,0.25,1.2,2.0,map_plugin,1000,-0.041142665366102435,0.23802790851174233,0.29830035160439716,0.95,0.39484223685307107
252,0.25,1.2,2.0,mle_plugin,1000,-0.02135938103598847,0.22919200892219427,0.28813723961701776,0.95,0.39484223685307107
252,0.4,0.8,0.5,full_bayes,1000,0.003478299938801612,0.07040716797604277,0.08755211109796686,0.948,0.4512546045503792
252,0.4,0.8,0.5,postmean_plugin,1000,-0.0005797082101553244,0.07040846714896386,0.08729520070117752,0.948,0.4512546045503792
252,0.4,0.8,0.5,map_plugin,1000,-0.009313619312226365,0.07140473859555199,0.08827155018344515,0.948,0.4512546045503792
252,0.4,0.8,0.5,mle_plugin,1000,-0.0030853915908430948,0.0704151593764961,0.08717988141129053,0.948,0.4512546045503792
252,0.4,0.8,1.0,full_bayes,1000,-0.0008838704675272986,0.15797425791403458,0.1956654722050221,0.948,0.4512546045503792
252,0.4,0.8,1.0,postmean_plugin,1000,-0.005654524743035111,0.15822799076881755,0.19574903952413533,0.948,0.4512546045503792
252,0.4,0.8,1.0,map_plugin,1000,-0.02544159810134735,0.16113515616285304,0.19903948188745405,0.948,0.4512546045503792
252,0.4,0.8,1.0,mle_plugin,1000,-0.011294229925995448,0.15843825854342086,0.19583956052528553,0.948,0.4512546045503792
252,0.4,0.8,2.0,full_bayes,1000,-0.00913139424976934,0.27473210136853776,0.33992417686583776,0.948,0.4512546045503792
252,0.4,0.8,2.0,postmean_plugin,1000,-0.013601342942317612,0.2751426658999879,0.3402337246985876,0.948,0.4512546045503792
252,0.4,0.8,2.0,map_plugin,1000,-0.04815040547289472,0.2807801377313484,0.34691758338420464,0.948,0.4512546045503792
252,0.4,0.8,2.0,mle_plugin,1000,-0.02341763567224266,0.27567838959614765,0.3406981415233917,0.948,0.4512546045503792
252,0.4,1.0,0.5,full_bayes,1000,-0.014854846721360745,0.2268096400541041,0.2805747733461905,0.948,0.4512546045503792
252,0.4,1.0,0.5,postmean_plugin,1000,-0.01479702738579555,0.22681706263484844,0.28058473761320646,0.948,0.4512546045503792
252,0.4,1.0,0.5,map_plugin,1000,-0.04343154856449155,0.2320349590290693,0.28703716319458256,0.948,0.4512546045503792
252,0.4,1.0,0.5,mle_plugin,1000,-0.022902545931009318,0.22742304864704932,0.2812661196031616,0.948,0.4512546045503792
252,0.4,1.0,1.0,full_bayes,1000,-0.02075283601291092,0.3145890862730448,0.38916113373558,0.948,0.4512546045503792
252,0.4,1.0,1.0,postmean_plugin,1000,-0.02059623417541077,0.31460007900478176,0.38917785094289503,0.948,0.4512546045503792
252,0.4,1.0,1.0,map_plugin,1000,-0.06031601330636768,0.32184901583028763,0.3981467246439367,0.948,0.4512546045503792
252,0.4,1.0,1.0,mle_plugin,1000,-0.03183895082187367,0.315443952283249,0.39012901270199934,0.948,0.4512546045503792
252,0.4,1.0,2.0,full_bayes,1000,-0.028759639767514642,0.42941128168428133,0.5311914649747762,0.948,0.4512546045503792
252,0.4,1.0,2.0,postmean_plugin,1000,-0.02832580034618038,0.42945442050619725,0.5312493781002525,0.948,0.4512546045503792
252,0.4,1.0,2.0,map_plugin,1000,-0.08255337805716206,0.43938138516086644,0.543545356718814,0.948,0.4512546045503792
252,0.4,1.0,2.0,mle_plugin,1000,-0.043673210781228516,0.43061579230067865,0.5325648751327483,0.948,0.4512546045503792
252,0.4,1.2,0.5,full_bayes,1000,-0.0007418295895791593,0.14579833502392672,0.18059933055286242,0.948,0.4512546045503792
252,0.4,1.2,0.5,postmean_plugin,1000,-0.005157613729683429,0.14599099417903205,0.1806351276581598,0.948,0.4512546045503792
252,0.4,1.2,0.5,map_plugin,1000,-0.023416089538998243,0.1486678091700189,0.18366265245777516,0.948,0.4512546045503792
252,0.4,1.2,0.5,mle_plugin,1000,-0.010361978454202813,0.14618304555668096,0.1807158880832697,0.948,0.4512546045503792
252,0.4,1.2,1.0,full_bayes,1000,-0.010394310768320484,0.2723394158224072,0.3369349971798745,0.948,0.4512546045503792
252,0.4,1.2,1.0,postmean_plugin,1000,-0.014085785419652623,0.27265839897884186,0.33719715239982984,0.948,0.4512546045503792
252,0.4,1.2,1.0,map_plugin,1000,-0.048356664724342135,0.2783493565155602,0.3439946747784718,0.948,0.4512546045503792
252,0.4,1.2,1.0,mle_plugin,1000,-0.02381682028471229,0.2732187457815833,0.33771237264160786,0.948,0.4512546045503792
252,0.4,1.2,2.0,full_bayes,1000,-0.02421986210200452,0.4326386956003252,0.5351500653540128,0.948,0.4512546045503792
252,0.4,1.2,2.0,postmean_plugin,1000,-0.026198609383505614,0.4328798104258339,0.5354052045599013,0.948,0.4512546045503792
252,0.4,1.2,2.0,map_plugin,1000,-0.08076259923197776,0.4425156610552409,0.5471872218434221,0.948,0.4512546045503792
252,0.4,1.2,2.0,mle_plugin,1000,-0.041660408136141636,0.43394322501924554,0.5365368986341081,0.948,0.4512546045503792
1260,0.15,0.8,0.5,full_bayes,1000,5.731173617981255e-06,2.205703547254956e-05,2.928235372172611e-05,0.955,0.31148145678806566
1260,0.15,0.8,0.5,postmean_plugin,1000,9.765720619299146e-07,2.064547749224488e-05,2.7349458490698084e-05,0.955,0.31148145678806566
1260,0.15,0.8,0.5,map_plugin,1000,2.5722795697902258e-08,2.1741018253166544e-05,2.8730300188107767e-05,0.955,0.31148145678806566
1260,0.15,0.8,0.5,mle_plugin,1000,3.3683651135874015e-07,2.0517151253763187e-05,2.7060737666691597e-05,0.955,0.31148145678806566
1260,0.15,0.8,1.0,full_bayes,1000,6.685253322932993e-05,0.0009340213040462331,0.0011818583434552471,0.955,0.31148145678806566
1260,0.15,0.8,1.0,postmean_plugin,1000,-2.0468470577753804e-05,0.0009200623793221752,0.001166067831184574,0.955,0.31148145678806566
1260,0.15,0.8,1.0,map_plugin,1000,-7.293915732927302e-05,0.0009716275474246032,0.0012262270010444866,0.955,0.31148145678806566
1260,0.15,0.8,1.0,mle_plugin,1000,-4.8167676616781566e-05,0.0009176507280720507,0.0011612632078638937,0.955,0.31148145678806566
1260,0.15,0.8,2.0,full_bayes,1000,8.751438803868794e-05,0.006953436845434897,0.008737082646463735,0.955,0.31148145678806566
1260,0.15,0.8,2.0,postmean_plugin,1000,-0.0002938498085064474,0.006916262521740226,0.008706672544310741,0.955,0.31148145678806566
1260,0.15,0.8,2.0,map_plugin,1000,-0.0007112906360860265,0.007312538817353655,0.009169271578108188,0.955,0.31148145678806566
1260,0.15,0.8,2.0,mle_plugin,1000,-0.0005007675170490238,0.006905379208670954,0.008687660740759485,0.955,0.31148145678806566
1260,0.15,1.0,0.5,full_bayes,1000,-0.0026374965597657,0.037453456653127444,0.04700268844220073,0.955,0.31148145678806566
1260,0.15,1.0,0.5,postmean_plugin,1000,-0.0026438513320548944,0.037453398247791495,0.04700309202421997,0.955,0.31148145678806566
1260,0.15,1.0,0.5,map_plugin,1000,-0.005084520127810726,0.03968479966272939,0.04966650715019604,0.955,0.31148145678806566
1260,0.15,1.0,0.5,mle_plugin,1000,-0.0037582011717259087,0.03744902374269771,0.04702740733435051,0.955,0.31148145678806566
1260,0.15,1.0,1.0,full_bayes,1000,-0.0036391530460138637,0.05185156559866357,0.06507106579265555,0.955,0.31148145678806566
1260,0.15,1.0,1.0,postmean_plugin,1000,-0.0036560700821007975,0.05185135699761375,0.06507207968621855,0.955,0.31148145678806566
1260,0.15,1.0,1.0,map_plugin,1000,-0.00703426477462556,0.05494017981377781,0.06875856544867034,0.955,0.31148145678806566
1260,0.15,1.0,1.0,mle_plugin,1000,-0.00519881816923525,0.05184508608592535,0.06510524256924219,0.955,0.31148145678806566
1260,0.15,1.0,2.0,full_bayes,1000,-0.004917265521037579,0.0705632727595885,0.08855111175388759,0.955,0.31148145678806566
1260,0.15,1.0,2.0,postmean_plugin,1000,-0.004963570914597248,0.07056319540281185,0.08855437901849035,0.955,0.31148145678806566
1260,0.15,1.0,2.0,map_plugin,1000,-0.009558776459890943,0.0747655570740943,0.09356880353314954,0.955,0.31148145678806566
1260,0.15,1.0,2.0,mle_plugin,1000,-0.007063096268144796,0.07055404486503927,0.08859807267890212,0.955,0.31148145678806566
1260,0.15,1.2,0.5,full_bayes,1000,6.325828050068072e-05,0.000883635194353815,0.0011180684825887392,0.955,0.31148145678806566
1260,0.15,1.2,0.5,postmean_plugin,1000,-1.9356635717937553e-05,0.0008704995638567159,0.0011032257771233962,0.955,0.31148145678806566
1260,0.15,1.2,0.5,map_plugin,1000,-6.899762956478648e-05,0.0009192816996274186,0.0011601335245740266,0.955,0.31148145678806566
1260,0.15,1.2,0.5,mle_plugin,1000,-4.55629647719475e-05,0.0008682173298775694,0.00109867902933529,0.955,0.31148145678806566
1260,0.15,1.2,1.0,full_bayes,1000,-2.7353802045228623e-05,0.009842611606168889,0.012354740437323763,0.955,0.31148145678806566
1260,0.15,1.2,1.0,postmean_plugin,1000,-0.0004679400071088814,0.009807816781691358,0.012332208705671827,0.955,0.31148145678806566
1260,0.15,1.2,1.0,map_plugin,1000,-0.0010684768383182237,0.010373366575489144,0.01299383146748921,0.955,0.31148145678806566
1260,0.15,1.2,1.0,mle_plugin,1000,-0.0007609660678583257,0.009795037076371565,0.012311461477460173,0.955,0.31148145678806566
1260,0.15,1.2,2.0,full_bayes,1000,-0.001674174534952535,0.03872164670693529,0.04855753424113367,0.955,0.31148145678806566
1260,0.15,1.2,2.0,postmean_plugin,1000,-0.0023766513494051767,0.03870208847090048,0.048575597786904144,0.955,0.31148145678806566
1260,0.15,1.2,2.0,map_plugin,1000,-0.004836710466990341,0.04097565746296958,0.051261935463271985,0.955,0.31148145678806566
1260,0.15,1.2,2.0,mle_plugin,1000,-0.003529634781064426,0.0386791349252079,0.04855780122085221,0.955,0.31148145678806566
1260,0.25,0.8,0.5,full_bayes,1000,0.0005379089802572956,0.0038076199642763948,0.004835791175300001,0.958,0.3992118509875823
1260,0.25,0.8,0.5,postmean_plugin,1000,0.00026776251219775204,0.0037876402186248904,0.004789049785702553,0.958,0.3992118509875823
1260,0.25,0.8,0.5,map_plugin,1000,5.44176778298322e-07,0.003834284728284217,0.004836825989797014,0.958,0.3992118509875823
1260,0.25,0.8,0.5,mle_plugin,1000,0.00017871681134921146,0.003778201597138015,0.004776412139651762,0.958,0.3992118509875823
1260,0.25,0.8,1.0,full_bayes,1000,0.0014575047827271917,0.017933763890077316,0.022646853883082328,0.958,0.3992118509875823
1260,0.25,0.8,1.0,postmean_plugin,1000,0.0007989434136874927,0.017920061620978187,0.02259193730263346,0.958,0.3992118509875823
1260,0.25,0.8,1.0,map_plugin,1000,-0.0004917148416685251,0.018197984343317403,0.02292944031349955,0.958,0.3992118509875823
1260,0.25,0.8,1.0,mle_plugin,1000,0.0003775155512533388,0.017890624566247466,0.02256138305035668,0.958,0.3992118509875823
1260,0.25,0.8,2.0,full_bayes,1000,0.0024350397065798506,0.045580414106654796,0.05747963034507609,0.958,0.3992118509875823
1260,0.25,0.8,2.0,postmean_plugin,1000,0.001488466205170937,0.04558317827273811,0.05744090094477196,0.958,0.3992118509875823
1260,0.25,0.8,2.0,map_plugin,1000,-0.0018276975068002486,0.04635859681345827,0.058434776554941684,0.958,0.3992118509875823
1260,0.25,0.8,2.0,mle_plugin,1000,0.0004159638087694084,0.04552604239956635,0.05739705897168038,0.958,0.3992118509875823
1260,0.25,1.0,0.5,full_bayes,1000,0.0010174132478315955,0.06016881386954901,0.07584575765903029,0.958,0.3992118509875823
1260,0.25,1.0,0.5,postmean_plugin,1000,0.0010157038854893008,0.060168995196364546,0.07584598175983867,0.958,0.3992118509875823
1260,0.25,1.0,0.5,map_plugin,1000,-0.003421865932159313,0.06131367909788423,0.07739856009616562,0.958,0.3992118509875823
1260,0.25,1.0,0.5,mle_plugin,1000,-0.00040149916242274397,0.060124378855387677,0.07584623076562083,0.958,0.3992118509875823
1260,0.25,1.0,1.0,full_bayes,1000,0.0014127495068482299,0.08359327055239428,0.10537314225574695,0.958,0.3992118509875823
1260,0.25,1.0,1.0,postmean_plugin,1000,0.001410893291063707,0.08359478072698706,0.10537460785753862,0.958,0.3992118509875823
1260,0.25,1.0,1.0,map_plugin,1000,-0.004754319818652313,0.0851851216703339,0.10753167992988998,0.958,0.3992118509875823
1260,0.25,1.0,1.0,mle_plugin,1000,-0.0005580634495218719,0.08353280149326905,0.10537497655739735,0.958,0.3992118509875823
1260,0.25,1.0,2.0,full_bayes,1000,0.001946581626031019,0.11451586576065037,0.14435171678297418,0.958,0.3992118509875823
1260,0.25,1.0,2.0,postmean_plugin,1000,0.0019380279395213246,0.11451998569310734,0.14435599801270713,0.958,0.3992118509875823
1260,0.25,1.0,2.0,map_plugin,1000,-0.006507555424908863,0.11669794763626118,0.14730966864726858,0.958,0.3992118509875823
1260,0.25,1.0,2.0,mle_plugin,1000,-0.0007593014583373278,0.11443491506192606,0.144356212386484,0.958,0.3992118509875823
1260,0.25,1.2,0.5,full_bayes,1000,0.0013820135339232666,0.016698178300948996,0.021085312460339012,0.958,0.3992118509875823
1260,0.25,1.2,0.5,postmean_plugin,1000,0.0007587686078647537,0.016695920603954747,0.02104307680770325,0.958,0.3992118509875823
1260,0.25,1.2,0.5,map_plugin,1000,-0.00044251073950973347,0.016952906380919494,0.021354260186823324,0.958,0.3992118509875823
1260,0.25,1.2,0.5,mle_plugin,1000,0.00036626517904987096,0.01666808142537433,0.02101400603602332,0.958,0.3992118509875823
1260,0.25,1.2,1.0,full_bayes,1000,0.0023207073811152674,0.049308797415025835,0.06216708312722819,0.958,0.3992118509875823
1260,0.25,1.2,1.0,postmean_plugin,1000,0.0014786478298747076,0.04932601699144825,0.06215070179345605,0.958,0.3992118509875823
1260,0.25,1.2,1.0,map_plugin,1000,-0.002117698540924166,0.0501816910239214,0.06325950223758663,0.958,0.3992118509875823
1260,0.25,1.2,1.0,mle_plugin,1000,0.00031801346577453214,0.04926852507762353,0.06211162032611558,0.958,0.3992118509875823
1260,0.25,1.2,2.0,full_bayes,1000,0.0028680178835389235,0.09898164560262007,0.12476457670799355,0.958,0.3992118509875823
1260,0.25,1.2,2.0,postmean_plugin,1000,0.002189004849812156,0.0990031610705715,0.12476896927924215,0.958,0.3992118509875823
1260,0.25,1.2,2.0,map_plugin,1000,-0.005079048085436672,0.10082002589273677,0.1271909232294664,0.958,0.3992118509875823
1260,0.25,1.2,2.0,mle_plugin,1000,-0.00014189670803466247,0.09891297887291872,0.12473787567906795,0.958,0.3992118509875823
1260,0.4,0.8,0.5,full_bayes,1000,0.000595098581187191,0.032990649996296764,0.041386068738750066,0.942,0.45831919326610554
1260,0.4,0.8,0.5,postmean_plugin,1000,-0.0002284976604712803,0.032984190047115135,0.041355320966340814,0.942,0.45831919326610554
1260,0.4,0.8,0.5,map_plugin,1000,-0.002455392012328996,0.03387749054547849,0.04253883907693502,0.942,0.45831919326610554
1260,0.4,0.8,0.5,mle_plugin,1000,-0.0008089089537575873,0.03292775829118794,0.04132033374275104,0.942,0.45831919326610554
1260,0.4,0.8,1.0,full_bayes,1000,-0.0006416149874652852,0.07404589481894507,0.09282627892324954,0.942,0.45831919326610554
1260,0.4,0.8,1.0,postmean_plugin,1000,-0.001590827949156747,0.07407552209508961,0.09283298787608996,0.942,0.45831919326610554
1260,0.4,0.8,1.0,map_plugin,1000,-0.006650054409692199,0.07616495519023182,0.09562928955737016,0.942,0.45831919326610554
1260,0.4,0.8,1.0,mle_plugin,1000,-0.0028927778766499623,0.07397196321598105,0.09279654031219119,0.942,0.45831919326610554
1260,0.4,0.8,2.0,full_bayes,1000,-0.002816892567872809,0.1286757004322858,0.16128529790462212,0.942,0.45831919326610554
1260,0.4,0.8,2.0,postmean_plugin,1000,-0.003695279227579977,0.12873496663027412,0.161332445442772,0.942,0.45831919326610554
1260,0.4,0.8,2.0,map_plugin,1000,-0.01253802495217697,0.13243833965592466,0.16631351675343836,0.942,0.45831919326610554
1260,0.4,0.8,2.0,mle_plugin,1000,-0.005956815158147979,0.12857489613505602,0.16130522527572103,0.942,0.45831919326610554
1260,0.4,1.0,0.5,full_bayes,1000,-0.00389961621044134,0.10595572989105298,0.13281503679522194,0.942,0.45831919326610554
1260,0.4,1.0,0.5,postmean_plugin,1000,-0.003888070207498016,0.10595615659145298,0.1328160302754194,0.942,0.45831919326610554
1260,0.4,1.0,0.5,map_plugin,1000,-0.011215067402975305,0.10907357774274452,0.13703699894869975,0.942,0.45831919326610554
1260,0.4,1.0,0.5,mle_plugin,1000,-0.005748756809378239,0.10584284142633651,0.13282750001131716,0.942,0.45831919326610554
1260,0.4,1.0,1.0,full_bayes,1000,-0.005439656570409648,0.1469613367326421,0.18421553134940055,0.942,0.45831919326610554
1260,0.4,1.0,1.0,postmean_plugin,1000,-0.0054080647872988144,0.14696186858736798,0.18421702156147066,0.942,0.45831919326610554
1260,0.4,1.0,1.0,map_plugin,1000,-0.015571685008534472,0.15128700225693198,0.1900738082944054,0.942,0.45831919326610554
1260,0.4,1.0,1.0,mle_plugin,1000,-0.00798883073657009,0.14680505410179223,0.18423360482477957,0.942,0.45831919326610554
1260,0.4,1.0,2.0,full_bayes,1000,-0.007521133977373918,0.20061472341997774,0.2514685210825912,0.942,0.45831919326610554
1260,0.4,1.0,2.0,postmean_plugin,1000,-0.0074354216248292675,0.20061734398660772,0.2514748426007008,0.942,0.45831919326610554
1260,0.4,1.0,2.0,map_plugin,1000,-0.021312468164608214,0.20652554511935148,0.25947660843289316,0.942,0.45831919326610554
1260,0.4,1.0,2.0,mle_plugin,1000,-0.010958347142033961,0.20040438960639415,0.25149947982342513,0.942,0.45831919326610554
1260,0.4,1.2,0.5,full_bayes,1000,-0.0005528140950653966,0.06831432360596876,0.08564519050275801,0.942,0.45831919326610554
1260,0.4,1.2,0.5,postmean_plugin,1000,-0.001443606005921209,0.0683258472627347,0.08563844502023486,0.942,0.45831919326610554
1260,0.4,1.2,0.5,map_plugin,1000,-0.006109582569323872,0.07025209571457085,0.08821644499854231,0.942,0.45831919326610554
1260,0.4,1.2,0.5,mle_plugin,1000,-0.002644696832341516,0.0682298314085663,0.08560396687234156,0.942,0.45831919326610554
1260,0.4,1.2,1.0,full_bayes,1000,-0.003025864062330465,0.1274818956589019,0.15979361771776945,0.942,0.45831919326610554
1260,0.4,1.2,1.0,postmean_plugin,1000,-0.0037717143813633712,0.12752126034823888,0.15982062573250963,0.942,0.45831919326610554
1260,0.4,1.2,1.0,map_plugin,1000,-0.012539627471676968,0.13120031013944408,0.16477474895064953,0.942,0.45831919326610554
1260,0.4,1.2,1.0,mle_plugin,1000,-0.006011963632909081,0.127365327550014,0.15979876207575108,0.942,0.45831919326610554
1260,0.4,1.2,2.0,full_bayes,1000,-0.006531521253740932,0.2022838697948348,0.2535540281207752,0.942,0.45831919326610554
1260,0.4,1.2,2.0,postmean_plugin,1000,-0.006928287383520592,0.20230887480029094,0.25357614627498215,0.942,0.45831919326610554
1260,0.4,1.2,2.0,map_plugin,1000,-0.020890397788767147,0.20822117770336426,0.26156591101954485,0.942,0.45831919326610554
1260,0.4,1.2,2.0,mle_plugin,1000,-0.01048146745265853,0.20208180693553593,0.2535784676517981,0.942,0.45831919326610554
