valuation_date_panel,contract_id,trade_date,expiry_month,option_type,strike,market_price,open_interest,volume,n_realized_fixings,n_remaining_fixings,fraction_fixed,expected_average,log_moneyness,full_bayes_price,postmean_plugin_price,sigma_mode_plugin_price,mle_plugin_price,posterior_price_q025,posterior_price_median,posterior_price_q975,fb_minus_pm,fb_error,pm_error,sigma_mode_error,mle_error,fb_abs_error,pm_abs_error,sigma_mode_abs_error,mle_abs_error,positive_volume,abs_fb_minus_pm,run_sigma_mle,run_sigma_posterior_mean,run_sigma_posterior_sd,run_sigma_q025,run_sigma_q50,run_sigma_q975,run_mu_rhat,run_sigma_rhat,time_to_payoff_years,discount_factor,n_usable_returns
2026-08-27,jaox6_8950c,2026-08-27,2026-11,call,89.5,3.02,7.0,0.0,0,21,0.0,79.60142857142856,0.1172065857142724,2.612555170773012,2.611786379739797,2.5695495459063853,2.6086663685494,2.33546567473719,2.6077986277449394,2.917499259638218,0.0007687910332152,-0.4074448292269879,-0.4082136202602031,-0.4504504540936147,-0.4113336314506006,0.4074448292269879,0.4082136202602031,0.4504504540936147,0.4113336314506006,False,0.0007687910332152,0.4168783417386449,0.4171268340553403,0.0118295334115198,0.3948833460392066,0.4168092307933204,0.4412348513325477,1.0011458507867506,1.000433490657333,0.2600958247775496,0.9900495526696593,623
2026-08-27,jaox6_9000c,2026-08-27,2026-11,call,90.0,2.91,339.0,100.0,0,21,0.0,79.60142857142856,0.1227776307637278,2.4968446818693453,2.4959737910724304,2.4544149502822368,2.492903192226758,2.224452851071,2.492049194035752,2.79728016213138,0.0008708907969148,-0.4131553181306548,-0.4140262089275697,-0.4555850497177633,-0.417096807773242,0.4131553181306548,0.4140262089275697,0.4555850497177633,0.417096807773242,True,0.0008708907969148,0.4168783417386449,0.4171268340553403,0.0118295334115198,0.3948833460392066,0.4168092307933204,0.4412348513325477,1.0011458507867506,1.000433490657333,0.2600958247775496,0.9900495526696593,623
2026-08-27,jaox6_9025c,2026-08-27,2026-11,call,90.25,2.86,10.0,0.0,0,21,0.0,79.60142857142856,0.1255515576464531,2.440699559420862,2.4397877250426614,2.398592373665032,2.4367434240569867,2.17070344252938,2.4358967398545524,2.738727859503088,0.0009118343782006,-0.4193004405791378,-0.4202122749573385,-0.4614076263349682,-0.4232565759430131,0.4193004405791378,0.4202122749573385,0.4614076263349682,0.4232565759430131,False,0.0009118343782006,0.4168783417386449,0.4171268340553403,0.0118295334115198,0.3948833460392066,0.4168092307933204,0.4412348513325477,1.0011458507867506,1.000433490657333,0.2600958247775496,0.9900495526696593,623
2026-08-27,jaox6_9100c,2026-08-27,2026-11,call,91.0,2.72,114.0,100.0,0,21,0.0,79.60142857142856,0.1338274669503127,2.2788535023052083,2.277885247260413,2.2377237807755805,2.2749169621545784,2.016009273334641,2.2740914195688555,2.56953970279422,0.0009682550447953,-0.4411464976947918,-0.4421147527395872,-0.4822762192244196,-0.4450830378454218,0.4411464976947918,0.4421147527395872,0.4822762192244196,0.4450830378454218,True,0.0009682550447953,0.4168783417386449,0.4171268340553403,0.0118295334115198,0.3948833460392066,0.4168092307933204,0.4412348513325477,1.0011458507867506,1.000433490657333,0.2600958247775496,0.9900495526696593,623
2026-08-27,jaox6_9196c,2026-08-27,2026-11,call,91.96,2.55,4.0,0.0,0,21,0.0,79.60142857142856,0.1443216603284435,2.085532642374893,2.08442087011776,2.0457395798635862,2.0815609564233437,1.832509386511639,2.080765554208916,2.366405007081272,0.0011117722571336,-0.4644673576251068,-0.4655791298822405,-0.5042604201364136,-0.4684390435766565,0.4644673576251068,0.4655791298822405,0.5042604201364136,0.4684390435766565,False,0.0011117722571336,0.4168783417386449,0.4171268340553403,0.0118295334115198,0.3948833460392066,0.4168092307933204,0.4412348513325477,1.0011458507867506,1.000433490657333,0.2600958247775496,0.9900495526696593,623
2026-08-27,jaox6_9200c,2026-08-27,2026-11,call,92.0,2.54,1.0,0.0,0,21,0.0,79.60142857142856,0.144756537482503,2.0778097356605887,2.0766985668809728,2.038076133934845,2.0738429111085326,1.8251879216850009,2.0730486931118586,2.358254016757734,0.0011111687796159,-0.4621902643394113,-0.4633014331190273,-0.5019238660651548,-0.4661570888914674,0.4621902643394113,0.4633014331190273,0.5019238660651548,0.4661570888914674,False,0.0011111687796159,0.4168783417386449,0.4171268340553403,0.0118295334115198,0.3948833460392066,0.4168092307933204,0.4412348513325477,1.0011458507867506,1.000433490657333,0.2600958247775496,0.9900495526696593,623
2026-08-27,jaox6_9225c,2026-08-27,2026-11,call,92.25,2.5,12.0,0.0,0,21,0.0,79.60142857142856,0.1474702433540992,2.030114359802705,2.0289967714085737,1.990741219947313,2.0261682554657963,1.7799715156294045,2.0253815856271853,2.307915751138147,0.0011175883941314,-0.4698856401972948,-0.4710032285914263,-0.5092587800526871,-0.4738317445342037,0.4698856401972948,0.4710032285914263,0.5092587800526871,0.4738317445342037,False,0.0011175883941314,0.4168783417386449,0.4171268340553403,0.0118295334115198,0.3948833460392066,0.4168092307933204,0.4412348513325477,1.0011458507867506,1.000433490657333,0.2600958247775496,0.9900495526696593,623
2026-08-27,jaox6_9348c,2026-08-27,2026-11,call,93.48,2.3,10.0,0.0,0,21,0.0,79.60142857142856,0.16071547010412,1.8090367965025136,1.8077941375276283,1.771385067018788,1.805100640865218,1.5713342794403784,1.804351522731333,2.074132628793988,0.001242658974885,-0.4909632034974862,-0.4922058624723713,-0.5286149329812118,-0.4948993591347819,0.4909632034974862,0.4922058624723713,0.5286149329812118,0.4948993591347819,False,0.001242658974885,0.4168783417386449,0.4171268340553403,0.0118295334115198,0.3948833460392066,0.4168092307933204,0.4412348513325477,1.0011458507867506,1.000433490657333,0.2600958247775496,0.9900495526696593,623
2026-08-27,jaox6_9353c,2026-08-27,2026-11,call,93.53,2.3,20.0,0.0,0,21,0.0,79.60142857142856,0.1612502008799223,1.800509966140981,1.7992649367091906,1.7629304233561196,1.796576850130273,1.5633224309179077,1.7958292366545177,2.0650793307441853,0.0012450294317902,-0.4994900338590189,-0.5007350632908092,-0.5370695766438802,-0.5034231498697268,0.4994900338590189,0.5007350632908092,0.5370695766438802,0.5034231498697268,False,0.0012450294317902,0.4168783417386449,0.4171268340553403,0.0118295334115198,0.3948833460392066,0.4168092307933204,0.4412348513325477,1.0011458507867506,1.000433490657333,0.2600958247775496,0.9900495526696593,623
2026-08-27,jaox6_9435c,2026-08-27,2026-11,call,94.35,2.18,10.0,0.0,0,21,0.0,79.60142857142856,0.169979232248022,1.6655551699996969,1.6641828916998078,1.6291083898232457,1.6615869294844416,1.4369148882954934,1.660864937733885,1.9214945330339088,0.001372278299889,-0.5144448300003033,-0.5158171083001923,-0.5508916101767547,-0.5184130705155585,0.5144448300003033,0.5158171083001923,0.5508916101767547,0.5184130705155585,False,0.001372278299889,0.4168783417386449,0.4171268340553403,0.0118295334115198,0.3948833460392066,0.4168092307933204,0.4412348513325477,1.0011458507867506,1.000433490657333,0.2600958247775496,0.9900495526696593,623
2026-08-27,jaox6_9911c,2026-08-27,2026-11,call,99.11,1.61,11.0,0.0,0,21,0.0,79.60142857142856,0.2191983048520798,1.046764444223583,1.0449833986551738,1.017454183580534,1.0429411483561222,0.8687008693948745,1.0423731555479994,1.250339819239844,0.0017810455684093,-0.563235555776417,-0.5650166013448263,-0.5925458164194661,-0.5670588516438779,0.563235555776417,0.5650166013448263,0.5925458164194661,0.5670588516438779,False,0.0017810455684093,0.4168783417386449,0.4171268340553403,0.0118295334115198,0.3948833460392066,0.4168092307933204,0.4412348513325477,1.0011458507867506,1.000433490657333,0.2600958247775496,0.9900495526696593,623
2026-08-27,jaox6_10000c,2026-08-27,2026-11,call,100.0,1.52,1636.0,0.0,0,21,0.0,79.60142857142856,0.2281381464215541,0.957590963920017,0.9557855154468708,0.9295618972221876,0.9538393046644644,0.7884656945658374,0.9532980224680504,1.1517028756495955,0.0018054484731462,-0.562409036079983,-0.5642144845531293,-0.5904381027778124,-0.5661606953355357,0.562409036079983,0.5642144845531293,0.5904381027778124,0.5661606953355357,False,0.0018054484731462,0.4168783417386449,0.4171268340553403,0.0118295334115198,0.3948833460392066,0.4168092307933204,0.4412348513325477,1.0011458507867506,1.000433490657333,0.2600958247775496,0.9900495526696593,623
2026-08-27,jaox6_10205c,2026-08-27,2026-11,call,102.05,1.34,4.0,0.0,0,21,0.0,79.60142857142856,0.2484308496893165,0.7777628603174682,0.7759090808243903,0.7526690455077019,0.7741833314496656,0.6282644437635865,0.7737033642125835,0.9509047121203056,0.0018537794930779,-0.5622371396825319,-0.5640909191756098,-0.5873309544922982,-0.5658166685503345,0.5622371396825319,0.5640909191756098,0.5873309544922982,0.5658166685503345,False,0.0018537794930779,0.4168783417386449,0.4171268340553403,0.0118295334115198,0.3948833460392066,0.4168092307933204,0.4412348513325477,1.0011458507867506,1.000433490657333,0.2600958247775496,0.9900495526696593,623
2026-08-27,jaox6_10240c,2026-08-27,2026-11,call,102.4,1.32,4.0,0.0,0,21,0.0,79.60142857142856,0.2518546730388701,0.7502893069171399,0.7484183662448641,0.7256545118413683,0.7467268334601618,0.6039543588708076,0.7462563825772015,0.9199990742427266,0.0018709406722757,-0.5697106930828602,-0.5715816337551359,-0.5943454881586318,-0.5732731665398383,0.5697106930828602,0.5715816337551359,0.5943454881586318,0.5732731665398383,False,0.0018709406722757,0.4168783417386449,0.4171268340553403,0.0118295334115198,0.3948833460392066,0.4168092307933204,0.4412348513325477,1.0011458507867506,1.000433490657333,0.2600958247775496,0.9900495526696593,623
2026-08-27,jaox6_10500c,2026-08-27,2026-11,call,105.0,1.13,23.0,0.0,0,21,0.0,79.60142857142856,0.2769283105909861,0.5719648829945202,0.570018561495914,0.5507409558006922,0.5685836234431304,0.4488021937938357,0.5681845369577662,0.7172038137389931,0.0019463214986061,-0.5580351170054797,-0.5599814385040859,-0.5792590441993077,-0.5614163765568695,0.5580351170054797,0.5599814385040859,0.5792590441993077,0.5614163765568695,False,0.0019463214986061,0.4168783417386449,0.4171268340553403,0.0118295334115198,0.3948833460392066,0.4168092307933204,0.4412348513325477,1.0011458507867506,1.000433490657333,0.2600958247775496,0.9900495526696593,623
2026-08-27,jaox6_10800c,2026-08-27,2026-11,call,108.0,0.96,100.0,0.0,0,21,0.0,79.60142857142856,0.3050991875576824,0.4145208569081714,0.4125574931374634,0.3968412269034542,0.4113849877855495,0.3148610150453776,0.411058889359866,0.5341123228127674,0.0019633637707079,-0.5454791430918285,-0.5474425068625366,-0.5631587730965457,-0.5486150122144504,0.5454791430918285,0.5474425068625366,0.5631587730965457,0.5486150122144504,False,0.0019633637707079,0.4168783417386449,0.4171268340553403,0.0118295334115198,0.3948833460392066,0.4168092307933204,0.4412348513325477,1.0011458507867506,1.000433490657333,0.2600958247775496,0.9900495526696593,623
2026-08-27,jaox6_7200p,2026-08-27,2026-11,put,72.0,2.6,1.0,0.0,0,21,0.0,79.60142857142856,-0.1003659205504819,2.687049753894469,2.6864931493187783,2.6468844283112274,2.683568240468861,2.4268575661068432,2.6827547617332046,2.972347816020907,0.0005566045756908,0.087049753894469,0.0864931493187781,0.0468844283112273,0.0835682404688613,0.087049753894469,0.0864931493187781,0.0468844283112273,0.0835682404688613,False,0.0005566045756908,0.4168783417386449,0.4171268340553403,0.0118295334115198,0.3948833460392066,0.4168092307933204,0.4412348513325477,1.0011458507867506,1.000433490657333,0.2600958247775496,0.9900495526696593,623
2026-08-27,jaox6_7400p,2026-08-27,2026-11,put,74.0,3.32,205.0,0.0,0,21,0.0,79.60142857142856,-0.0729669463623675,3.397786344267728,3.397495862038284,3.3545457880365013,3.3943264006399807,3.114954571225822,3.3934449066915184,3.70608273740447,0.0002904822294436,0.0777863442677277,0.0774958620382841,0.0345457880365014,0.0743264006399808,0.0777863442677277,0.0774958620382841,0.0345457880365014,0.0743264006399808,False,0.0002904822294436,0.4168783417386449,0.4171268340553403,0.0118295334115198,0.3948833460392066,0.4168092307933204,0.4412348513325477,1.0011458507867506,1.000433490657333,0.2600958247775496,0.9900495526696593,623
2026-08-27,jaox6_7450p,2026-08-27,2026-11,put,74.5,3.52,397.0,0.0,0,21,0.0,79.60142857142856,-0.0662329141810233,3.592356115762479,3.592121644264936,3.5484614393501777,3.5889002115745603,3.304681874033438,3.588004263315508,3.905558745969224,0.000234471497543,0.0723561157624788,0.0721216442649357,0.0284614393501776,0.0689002115745602,0.0723561157624788,0.0721216442649357,0.0284614393501776,0.0689002115745602,False,0.000234471497543,0.4168783417386449,0.4171268340553403,0.0118295334115198,0.3948833460392066,0.4168092307933204,0.4412348513325477,1.0011458507867506,1.000433490657333,0.2600958247775496,0.9900495526696593,623
2026-08-27,jaox6_7500p,2026-08-27,2026-11,put,75.0,3.73,639.0,15.0,0,21,0.0,79.60142857142856,-0.0595439260302267,3.79362077313996,3.793436188550435,3.74912596445384,3.790167004367624,3.501509742109584,3.789257775413109,4.111324162458193,0.0001845845895251,0.0636207731399602,0.063436188550435,0.0191259644538401,0.0601670043676243,0.0636207731399602,0.063436188550435,0.0191259644538401,0.0601670043676243,True,0.0001845845895251,0.4168783417386449,0.4171268340553403,0.0118295334115198,0.3948833460392066,0.4168092307933204,0.4412348513325477,1.0011458507867506,1.000433490657333,0.2600958247775496,0.9900495526696593,623
2026-08-27,jaox6_7600p,2026-08-27,2026-11,put,76.0,4.17,4.0,0.0,0,21,0.0,79.60142857142856,-0.0462986992802062,4.216260429825684,4.216143002600619,4.17067533745496,4.21278919528385,3.9163205824659286,4.211856430854026,4.542020293227304,0.0001174272250645,0.0462604298256836,0.0461430026006191,0.0006753374549601,0.0427891952838503,0.0462604298256836,0.0461430026006191,0.0006753374549601,0.0427891952838503,False,0.0001174272250645,0.4168783417386449,0.4171268340553403,0.0118295334115198,0.3948833460392066,0.4168092307933204,0.4412348513325477,1.0011458507867506,1.000433490657333,0.2600958247775496,0.9900495526696593,623
2026-08-27,jaox6_7800p,2026-08-27,2026-11,put,78.0,5.14,26.0,0.0,0,21,0.0,79.60142857142856,-0.0203232128769454,5.1434162876142695,5.143413952515301,5.096198827332394,5.139931939345525,4.831720378418715,5.13896351816858,5.481253773560246,2.335098968409e-06,0.0034162876142698,0.0034139525153014,-0.0438011726676057,-6.806065447495513e-05,0.0034162876142698,0.0034139525153014,0.0438011726676057,6.806065447495513e-05,False,2.335098968409e-06,0.4168783417386449,0.4171268340553403,0.0118295334115198,0.3948833460392066,0.4168092307933204,0.4412348513325477,1.0011458507867506,1.000433490657333,0.2600958247775496,0.9900495526696593,623
2026-08-27,jaox6_8000p,2026-08-27,2026-11,put,80.0,6.22,3500.0,0.0,0,21,0.0,79.60142857142856,0.0049945951073444,6.176023805312187,6.176047145929328,6.12797310107685,6.17250188296731,5.8586140717185495,6.171515870691408,6.519901382890263,-2.334061714037716e-05,-0.0439761946878123,-0.0439528540706719,-0.0920268989231498,-0.0474981170326893,0.0439761946878123,0.0439528540706719,0.0920268989231498,0.0474981170326893,False,2.334061714037716e-05,0.4168783417386449,0.4171268340553403,0.0118295334115198,0.3948833460392066,0.4168092307933204,0.4412348513325477,1.0011458507867506,1.000433490657333,0.2600958247775496,0.9900495526696593,623
2026-08-27,jaox6_8200p,2026-08-27,2026-11,put,82.0,7.42,7.0,0.0,0,21,0.0,79.60142857142856,0.0296872076977157,7.312525705009695,7.312492881013139,7.264399614436403,7.3089458131268,6.995117018544352,7.307959298863442,7.656736812249535,3.28239965563526e-05,-0.1074742949903049,-0.1075071189868612,-0.1556003855635968,-0.1110541868731997,0.1074742949903049,0.1075071189868612,0.1556003855635968,0.1110541868731997,False,3.28239965563526e-05,0.4168783417386449,0.4171268340553403,0.0118295334115198,0.3948833460392066,0.4168092307933204,0.4412348513325477,1.0011458507867506,1.000433490657333,0.2600958247775496,0.9900495526696593,623
2026-08-27,jaox6_9000p,2026-08-27,2026-11,put,90.0,13.14,400.0,0.0,0,21,0.0,79.60142857142856,0.1227776307637278,12.7771266067674,12.776268099411944,12.734949810370171,12.77321532156217,12.506297792456364,12.772366279765349,13.07579420573415,0.0008585073554563,-0.3628733932326007,-0.363731900588057,-0.4050501896298293,-0.3667846784378312,0.3628733932326007,0.363731900588057,0.4050501896298293,0.3667846784378312,False,0.0008585073554563,0.4168783417386449,0.4171268340553403,0.0118295334115198,0.3948833460392066,0.4168092307933204,0.4412348513325477,1.0011458507867506,1.000433490657333,0.2600958247775496,0.9900495526696593,623
2026-08-28,jaox6_8950c,2026-08-28,2026-11,call,89.5,2.8,7.0,0.0,0,21,0.0,79.51142857142857,0.118337858336918,2.546844729564273,2.546040771014228,2.5559174479041324,2.543133590592983,2.274476561163443,2.54286518291767,2.8462906565885966,0.0008039585500454,-0.2531552704357263,-0.2539592289857717,-0.2440825520958673,-0.2568664094070167,0.2531552704357263,0.2539592289857717,0.2440825520958673,0.2568664094070167,False,0.0008039585500454,0.4165467939173913,0.4167816635192958,0.0117696501292851,0.3946044591844701,0.416525109400191,0.4407783637447903,1.000853663392824,1.000052355692591,0.25735797399041754,0.990004242582946,624
2026-08-28,jaox6_9000c,2026-08-28,2026-11,call,90.0,2.7,339.0,0.0,0,21,0.0,79.51142857142857,0.1239089033863734,2.432709358494494,2.431822621854113,2.441532646762352,2.428964495115969,2.1650966019832047,2.428700616359794,2.727514604316461,0.0008867366403815,-0.2672906415055061,-0.2681773781458876,-0.258467353237648,-0.2710355048840309,0.2672906415055061,0.2681773781458876,0.258467353237648,0.2710355048840309,False,0.0008867366403815,0.4165467939173913,0.4167816635192958,0.0117696501292851,0.3946044591844701,0.416525109400191,0.4407783637447903,1.000853663392824,1.000052355692591,0.25735797399041754,0.990004242582946,624
2026-08-28,jaox6_9025c,2026-08-28,2026-11,call,90.25,2.65,10.0,0.0,0,21,0.0,79.51142857142857,0.1266828302690986,2.3773560284479838,2.376451489979041,2.3860765224497347,2.373618380597762,2.112093274035271,2.3733568115883608,2.6697310446095104,0.0009045384689421,-0.2726439715520166,-0.2735485100209587,-0.2639234775502652,-0.2763816194022372,0.2726439715520166,0.2735485100209587,0.2639234775502652,0.2763816194022372,False,0.0009045384689421,0.4165467939173913,0.4167816635192958,0.0117696501292851,0.3946044591844701,0.416525109400191,0.4407783637447903,1.000853663392824,1.000052355692591,0.25735797399041754,0.990004242582946,624
2026-08-28,jaox6_9100c,2026-08-28,2026-11,call,91.0,2.52,114.0,0.0,0,21,0.0,79.51142857142857,0.1349587395729585,2.2178012353982703,2.2167942091243886,2.2261684764057854,2.21403491198348,1.9598336338677147,2.2137801577461174,2.502873426248535,0.0010070262738817,-0.3021987646017297,-0.3032057908756114,-0.2938315235942146,-0.3059650880165203,0.3021987646017297,0.3032057908756114,0.2938315235942146,0.3059650880165203,False,0.0010070262738817,0.4165467939173913,0.4167816635192958,0.0117696501292851,0.3946044591844701,0.416525109400191,0.4407783637447903,1.000853663392824,1.000052355692591,0.25735797399041754,0.990004242582946,624
2026-08-28,jaox6_9196c,2026-08-28,2026-11,call,91.96,2.35,4.0,0.0,0,21,0.0,79.51142857142857,0.1454529329510892,2.027478307332756,2.026383394259766,2.035412514299513,2.0237256905307457,1.779298268914218,2.0234803159835164,2.302579635259377,0.0010949130729893,-0.3225216926672445,-0.3236166057402339,-0.3145874857004869,-0.3262743094692544,0.3225216926672445,0.3236166057402339,0.3145874857004869,0.3262743094692544,False,0.0010949130729893,0.4165467939173913,0.4167816635192958,0.0117696501292851,0.3946044591844701,0.416525109400191,0.4407783637447903,1.000853663392824,1.000052355692591,0.25735797399041754,0.990004242582946,624
2026-08-28,jaox6_9200c,2026-08-28,2026-11,call,92.0,2.35,1.0,0.0,0,21,0.0,79.51142857142857,0.1458878101051487,2.019876385660342,2.0187776423659307,2.0277927466234456,2.0161240641548503,1.7720937285711198,2.015879070499248,2.294555986336146,0.0010987432944111,-0.3301236143396582,-0.3312223576340694,-0.3222072533765545,-0.3338759358451497,0.3301236143396582,0.3312223576340694,0.3222072533765545,0.3338759358451497,False,0.0010987432944111,0.4165467939173913,0.4167816635192958,0.0117696501292851,0.3946044591844701,0.416525109400191,0.4407783637447903,1.000853663392824,1.000052355692591,0.25735797399041754,0.990004242582946,624
2026-08-28,jaox6_9225c,2026-08-28,2026-11,call,92.25,2.3,12.0,0.0,0,21,0.0,79.51142857142857,0.148601515976745,1.9729257845004664,1.9718030279418517,1.980729899500535,1.969175420852173,1.7276296819134245,1.9689328250003908,2.244996105200763,0.0011227565586151,-0.3270742154995332,-0.3281969720581483,-0.3192701004994649,-0.3308245791478268,0.3270742154995332,0.3281969720581483,0.3192701004994649,0.3308245791478268,False,0.0011227565586151,0.4165467939173913,0.4167816635192958,0.0117696501292851,0.3946044591844701,0.416525109400191,0.4407783637447903,1.000853663392824,1.000052355692591,0.25735797399041754,0.990004242582946,624
2026-08-28,jaox6_9348c,2026-08-28,2026-11,call,93.48,2.11,10.0,0.0,0,21,0.0,79.51142857142857,0.1618467427267657,1.7554551146432718,1.7542151813238052,1.7627041090049955,1.751716482153303,1.5226762537394576,1.7514857878246124,2.014792094847261,0.0012399333194665,-0.3545448853567281,-0.3557848186761947,-0.3472958909950043,-0.3582835178466972,0.3545448853567281,0.3557848186761947,0.3472958909950043,0.3582835178466972,False,0.0012399333194665,0.4165467939173913,0.4167816635192958,0.0117696501292851,0.3946044591844701,0.416525109400191,0.4407783637447903,1.000853663392824,1.000052355692591,0.25735797399041754,0.990004242582946,624
2026-08-28,jaox6_9353c,2026-08-28,2026-11,call,93.53,2.11,20.0,0.0,0,21,0.0,79.51142857142857,0.162381473502568,1.7470718794714015,1.7458272068571428,1.7542995134964017,1.7433334000576497,1.5148206886279725,1.7431031574208873,2.00587791893812,0.0012446726142589,-0.3629281205285981,-0.3641727931428571,-0.3557004865035982,-0.3666665999423502,0.3629281205285981,0.3641727931428571,0.3557004865035982,0.3666665999423502,False,0.0012446726142589,0.4165467939173913,0.4167816635192958,0.0117696501292851,0.3946044591844701,0.416525109400191,0.4407783637447903,1.000853663392824,1.000052355692591,0.25735797399041754,0.990004242582946,624
2026-08-28,jaox6_9435c,2026-08-28,2026-11,call,94.35,1.99,10.0,0.0,0,21,0.0,79.51142857142857,0.1711105048706676,1.6144910704355615,1.6131286063793793,1.621298797805853,1.6107237265986964,1.3908513035800043,1.6105016942175536,1.86466027501076,0.0013624640561822,-0.3755089295644385,-0.3768713936206207,-0.3687012021941469,-0.3792762734013035,0.3755089295644385,0.3768713936206207,0.3687012021941469,0.3792762734013035,False,0.0013624640561822,0.4165467939173913,0.4167816635192958,0.0117696501292851,0.3946044591844701,0.416525109400191,0.4407783637447903,1.000853663392824,1.000052355692591,0.25735797399041754,0.990004242582946,624
2026-08-28,jaox6_9911c,2026-08-28,2026-11,call,99.11,1.45,11.0,0.0,0,21,0.0,79.51142857142857,0.2203295774747256,1.008656507659352,1.0069094535586671,1.0132965997624612,1.0050294096331358,0.8353814010918811,1.0048558331272366,1.206561570019537,0.0017470541006849,-0.4413434923406478,-0.4430905464413328,-0.4367034002375387,-0.4449705903668641,0.4413434923406478,0.4430905464413328,0.4367034002375387,0.4449705903668641,False,0.0017470541006849,0.4165467939173913,0.4167816635192958,0.0117696501292851,0.3946044591844701,0.416525109400191,0.4407783637447903,1.000853663392824,1.000052355692591,0.25735797399041754,0.990004242582946,624
2026-08-28,jaox6_10000c,2026-08-28,2026-11,call,100.0,1.36,1636.0,0.0,0,21,0.0,79.51142857142857,0.2292694190441997,0.9216270608856812,0.9198161878539904,0.9258947658332524,0.9180269703785876,0.7572634700049606,0.9178617794947702,1.110194899688973,0.0018108730316909,-0.4383729391143188,-0.4401838121460097,-0.4341052341667478,-0.4419730296214125,0.4383729391143188,0.4401838121460097,0.4341052341667478,0.4419730296214125,False,0.0018108730316909,0.4165467939173913,0.4167816635192958,0.0117696501292851,0.3946044591844701,0.416525109400191,0.4407783637447903,1.000853663392824,1.000052355692591,0.25735797399041754,0.990004242582946,624
2026-08-28,jaox6_10205c,2026-08-28,2026-11,call,102.05,1.2,4.0,0.0,0,21,0.0,79.51142857142857,0.2495621223119622,0.7464062562476556,0.7445667230722806,0.7499492322308304,0.7429823920855189,0.6013579514981886,0.7428361175048374,0.914226812045716,0.0018395331753749,-0.4535937437523444,-0.4554332769277194,-0.4500507677691695,-0.4570176079144811,0.4535937437523444,0.4554332769277194,0.4500507677691695,0.4570176079144811,False,0.0018395331753749,0.4165467939173913,0.4167816635192958,0.0117696501292851,0.3946044591844701,0.416525109400191,0.4407783637447903,1.000853663392824,1.000052355692591,0.25735797399041754,0.990004242582946,624
2026-08-28,jaox6_10240c,2026-08-28,2026-11,call,102.4,1.17,4.0,0.0,0,21,0.0,79.51142857142857,0.252985945661516,0.7196634109600459,0.7178115539059298,0.7230813951064188,0.7162603865110752,0.5778092318995326,0.7161171737846026,0.8841554269516818,0.0018518570541161,-0.450336589039954,-0.4521884460940701,-0.4469186048935811,-0.4537396134889248,0.450336589039954,0.4521884460940701,0.4469186048935811,0.4537396134889248,False,0.0018518570541161,0.4165467939173913,0.4167816635192958,0.0117696501292851,0.3946044591844701,0.416525109400191,0.4407783637447903,1.000853663392824,1.000052355692591,0.25735797399041754,0.990004242582946,624
2026-08-28,jaox6_10500c,2026-08-28,2026-11,call,105.0,1.0,23.0,0.0,0,21,0.0,79.51142857142857,0.2780595832136318,0.5464991481580992,0.5445878773056826,0.5490378191001186,0.5432780456887661,0.4275411772056924,0.5431571144741848,0.6866858778970096,0.0019112708524166,-0.4535008518419008,-0.4554121226943174,-0.4509621808998814,-0.4567219543112338,0.4535008518419008,0.4554121226943174,0.4509621808998814,0.4567219543112338,False,0.0019112708524166,0.4165467939173913,0.4167816635192958,0.0117696501292851,0.3946044591844701,0.416525109400191,0.4407783637447903,1.000853663392824,1.000052355692591,0.25735797399041754,0.990004242582946,624
2026-08-28,jaox6_10800c,2026-08-28,2026-11,call,108.0,0.84,100.0,0.0,0,21,0.0,79.51142857142857,0.3062304601803281,0.3941577761540909,0.3922192517474421,0.3958302785587956,0.3911563531061705,0.2983453468595443,0.3910582201690771,0.5092530972365464,0.0019385244066487,-0.445842223845909,-0.4477807482525578,-0.4441697214412043,-0.4488436468938294,0.445842223845909,0.4477807482525578,0.4441697214412043,0.4488436468938294,False,0.0019385244066487,0.4165467939173913,0.4167816635192958,0.0117696501292851,0.3946044591844701,0.416525109400191,0.4407783637447903,1.000853663392824,1.000052355692591,0.25735797399041754,0.990004242582946,624
2026-08-28,jaox6_7200p,2026-08-28,2026-11,put,72.0,2.49,1.0,0.0,0,21,0.0,79.51142857142857,-0.0992346479278362,2.6739573779195664,2.673414169482484,2.682744585644991,2.670667779832192,2.4160961378822243,2.670414217288859,2.956182491539611,0.0005432084370826,0.1839573779195662,0.1834141694824835,0.1927445856449909,0.1806677798321914,0.1839573779195662,0.1834141694824835,0.1927445856449909,0.1806677798321914,False,0.0005432084370826,0.4165467939173913,0.4167816635192958,0.0117696501292851,0.3946044591844701,0.416525109400191,0.4407783637447903,1.000853663392824,1.000052355692591,0.25735797399041754,0.990004242582946,624
2026-08-28,jaox6_7400p,2026-08-28,2026-11,put,74.0,3.19,205.0,0.0,0,21,0.0,79.51142857142857,-0.0718356737397217,3.38606497498828,3.385787543590603,3.3959008398609067,3.3828107147200206,3.1057314551794697,3.3825358766978884,3.691070997604045,0.0002774313976767,0.1960649749882796,0.1957875435906029,0.2059008398609068,0.1928107147200206,0.1960649749882796,0.1957875435906029,0.2059008398609068,0.1928107147200206,False,0.0002774313976767,0.4165467939173913,0.4167816635192958,0.0117696501292851,0.3946044591844701,0.416525109400191,0.4407783637447903,1.000853663392824,1.000052355692591,0.25735797399041754,0.990004242582946,624
2026-08-28,jaox6_7450p,2026-08-28,2026-11,put,74.5,3.39,397.0,0.0,0,21,0.0,79.51142857142857,-0.0651016415583777,3.581100397717876,3.580876620408762,3.591157252288507,3.577850536630586,3.2959961975875838,3.577571151111109,3.890957262095328,0.000223777309114,0.191100397717876,0.1908766204087619,0.2011572522885067,0.1878505366305858,0.191100397717876,0.1908766204087619,0.2011572522885067,0.1878505366305858,False,0.000223777309114,0.4165467939173913,0.4167816635192958,0.0117696501292851,0.3946044591844701,0.416525109400191,0.4407783637447903,1.000853663392824,1.000052355692591,0.25735797399041754,0.990004242582946,624
2026-08-28,jaox6_7500p,2026-08-28,2026-11,put,75.0,3.59,639.0,15.0,0,21,0.0,79.51142857142857,-0.058412653407581,3.782887476373325,3.7827084244708726,3.793139546868333,3.7796380441047286,3.4933960456201336,3.779354568868592,4.097201778499249,0.0001790519024522,0.192887476373325,0.1927084244708727,0.2031395468683334,0.1896380441047287,0.192887476373325,0.1927084244708727,0.2031395468683334,0.1896380441047287,True,0.0001790519024522,0.4165467939173913,0.4167816635192958,0.0117696501292851,0.3946044591844701,0.416525109400191,0.4407783637447903,1.000853663392824,1.000052355692591,0.25735797399041754,0.990004242582946,624
2026-08-28,jaox6_7600p,2026-08-28,2026-11,put,76.0,4.03,4.0,0.0,0,21,0.0,79.51142857142857,-0.0451674266575604,4.206712581602098,4.206595247647522,4.217299303438517,4.203444529873682,3.9095141131794713,4.203153637424399,4.528961206451792,0.0001173339545754,0.1767125816020973,0.1765952476475218,0.1872993034385164,0.1734445298736817,0.1767125816020973,0.1765952476475218,0.1872993034385164,0.1734445298736817,False,0.0001173339545754,0.4165467939173913,0.4167816635192958,0.0117696501292851,0.3946044591844701,0.416525109400191,0.4407783637447903,1.000853663392824,1.000052355692591,0.25735797399041754,0.990004242582946,624
2026-08-28,jaox6_7800p,2026-08-28,2026-11,put,78.0,4.99,26.0,0.0,0,21,0.0,79.51142857142857,-0.0191919402542998,5.136915066243449,5.1369123231051566,5.148019672968126,5.13364289651426,4.8282206368567095,5.133341044181858,5.470944088425335,2.743138292515823e-06,0.1469150662434488,0.1469123231051563,0.158019672968126,0.14364289651426,0.1469150662434488,0.1469123231051563,0.158019672968126,0.14364289651426,False,2.743138292515823e-06,0.4165467939173913,0.4167816635192958,0.0117696501292851,0.3946044591844701,0.416525109400191,0.4407783637447903,1.000853663392824,1.000052355692591,0.25735797399041754,0.990004242582946,624
2026-08-28,jaox6_8000p,2026-08-28,2026-11,put,80.0,6.09,3500.0,0.0,0,21,0.0,79.51142857142857,0.00612586772999,6.173504678393219,6.17352664955097,6.184827478408553,6.170200272798462,5.859365834808468,6.169893162498451,6.513286081550743,-2.1971157750932942e-05,0.0835046783932194,0.0835266495509703,0.0948274784085532,0.0802002727984625,0.0835046783932194,0.0835266495509703,0.0948274784085532,0.0802002727984625,False,2.1971157750932942e-05,0.4165467939173913,0.4167816635192958,0.0117696501292851,0.3946044591844701,0.416525109400191,0.4407783637447903,1.000853663392824,1.000052355692591,0.25735797399041754,0.990004242582946,624
2026-08-28,jaox6_8200p,2026-08-28,2026-11,put,82.0,7.29,7.0,0.0,0,21,0.0,79.51142857142857,0.0308184803203615,7.314607781497406,7.314570921310092,7.325865892976722,7.311246268610223,7.000788782519193,7.310939317484703,7.6543934894404115,3.686018731396956e-05,0.0246077814974059,0.0245709213100919,0.0358658929767221,0.0212462686102234,0.0246077814974059,0.0245709213100919,0.0358658929767221,0.0212462686102234,False,3.686018731396956e-05,0.4165467939173913,0.4167816635192958,0.0117696501292851,0.3946044591844701,0.416525109400191,0.4407783637447903,1.000853663392824,1.000052355692591,0.25735797399041754,0.990004242582946,624
2026-08-28,jaox6_9000p,2026-08-28,2026-11,put,90.0,13.03,400.0,0.0,0,21,0.0,79.51142857142857,0.1239089033863734,12.80186856147306,12.800993914430972,12.810647732001057,12.79815233221229,12.535789417906772,12.79788998094164,13.094942547648383,0.0008746470420888,-0.2281314385269386,-0.2290060855690274,-0.2193522679989445,-0.2318476677877097,0.2281314385269386,0.2290060855690274,0.2193522679989445,0.2318476677877097,False,0.0008746470420888,0.4165467939173913,0.4167816635192958,0.0117696501292851,0.3946044591844701,0.416525109400191,0.4407783637447903,1.000853663392824,1.000052355692591,0.25735797399041754,0.990004242582946,624
2026-08-31,jaox6_8950c,2026-08-31,2026-11,call,89.5,3.34,7.0,0.0,0,21,0.0,81.51285714285711,0.0934778611221427,3.0682646940710545,3.067739903798864,3.0648308635675003,3.065041807780183,2.7745889529170213,3.065031904384845,3.3780625177400343,0.0005247902721907,-0.2717353059289453,-0.2722600962011361,-0.2751691364324995,-0.2749581922198167,0.2717353059289453,0.2722600962011361,0.2751691364324995,0.2749581922198167,False,0.0005247902721907,0.4165694100425408,0.4167746370922319,0.0117063424229913,0.3943285066003732,0.4165686567540763,0.4402192308492917,1.000281853503143,1.000286479880522,0.24914442162902123,0.990306508227895,625
2026-08-31,jaox6_9000c,2026-08-31,2026-11,call,90.0,3.22,339.0,0.0,0,21,0.0,81.51285714285711,0.0990489061715981,2.9347601539962445,2.9341705905568616,2.931296893970668,2.931505275297721,2.6449231833597917,2.931495492224573,3.2409437467581865,0.0005895634393828,-0.2852398460037557,-0.2858294094431386,-0.2887031060293323,-0.2884947247022791,0.2852398460037557,0.2858294094431386,0.2887031060293323,0.2884947247022791,False,0.0005895634393828,0.4165694100425408,0.4167746370922319,0.0117063424229913,0.3943285066003732,0.4165686567540763,0.4402192308492917,1.000281853503143,1.000286479880522,0.24914442162902123,0.990306508227895,625
2026-08-31,jaox6_9025c,2026-08-31,2026-11,call,90.25,3.16,10.0,0.0,0,21,0.0,81.51285714285711,0.1018228330543233,2.8697950149532643,2.8691717183248087,2.866317649718112,2.866524607754887,2.5819917575963047,2.86651489150228,3.174066314975195,0.0006232966284556,-0.2902049850467358,-0.2908282816751915,-0.2936823502818879,-0.2934753922451132,0.2902049850467358,0.2908282816751915,0.2936823502818879,0.2934753922451132,False,0.0006232966284556,0.4165694100425408,0.4167746370922319,0.0117063424229913,0.3943285066003732,0.4165686567540763,0.4402192308492917,1.000281853503143,1.000286479880522,0.24914442162902123,0.990306508227895,625
2026-08-31,jaox6_9100c,2026-08-31,2026-11,call,91.0,2.99,114.0,0.0,0,21,0.0,81.51285714285711,0.1100987423581831,2.6820295410967785,2.681311005672184,2.678517409241312,2.678719982238863,2.400632006143168,2.6787104718547954,2.9801600648857938,0.0007185354245948,-0.3079704589032217,-0.3086889943278166,-0.311482590758688,-0.311280017761137,0.3079704589032217,0.3086889943278166,0.311482590758688,0.311280017761137,False,0.0007185354245948,0.4165694100425408,0.4167746370922319,0.0117063424229913,0.3943285066003732,0.4165686567540763,0.4402192308492917,1.000281853503143,1.000286479880522,0.24914442162902123,0.990306508227895,625
2026-08-31,jaox6_9196c,2026-08-31,2026-11,call,91.96,2.79,4.0,0.0,0,21,0.0,81.51285714285711,0.1205929357363137,2.456973700191735,2.456135839145816,2.453426104662792,2.453622596550713,2.1845387150341944,2.4536133716621897,2.746532130061921,0.0008378610459192,-0.3330262998082651,-0.3338641608541843,-0.3365738953372079,-0.3363774034492865,0.3330262998082651,0.3338641608541843,0.3365738953372079,0.3363774034492865,False,0.0008378610459192,0.4165694100425408,0.4167746370922319,0.0117063424229913,0.3943285066003732,0.4165686567540763,0.4402192308492917,1.000281853503143,1.000286479880522,0.24914442162902123,0.990306508227895,625
2026-08-31,jaox6_9200c,2026-08-31,2026-11,call,92.0,2.78,1.0,0.0,0,21,0.0,81.51285714285711,0.1210278128903732,2.447962745980115,2.447113604130455,2.4444074824942965,2.444603712402638,2.1759087733958595,2.4445944998135145,2.7371441745464087,0.0008491418496601,-0.3320372540198848,-0.3328863958695449,-0.3355925175057033,-0.3353962875973617,0.3320372540198848,0.3328863958695449,0.3355925175057033,0.3353962875973617,False,0.0008491418496601,0.4165694100425408,0.4167746370922319,0.0117063424229913,0.3943285066003732,0.4165686567540763,0.4402192308492917,1.000281853503143,1.000286479880522,0.24914442162902123,0.990306508227895,625
2026-08-31,jaox6_9225c,2026-08-31,2026-11,call,92.25,2.73,12.0,0.0,0,21,0.0,81.51285714285711,0.1237415187619695,2.392294536490726,2.3913953190565103,2.3887134976330557,2.3889079654519003,2.122665225852744,2.388898835589241,2.6791320387987763,0.0008992174342159,-0.3377054635092738,-0.3386046809434897,-0.3412865023669447,-0.3410920345480996,0.3377054635092738,0.3386046809434897,0.3412865023669447,0.3410920345480996,False,0.0008992174342159,0.4165694100425408,0.4167746370922319,0.0117063424229913,0.3943285066003732,0.4165686567540763,0.4402192308492917,1.000281853503143,1.000286479880522,0.24914442162902123,0.990306508227895,625
2026-08-31,jaox6_9348c,2026-08-31,2026-11,call,93.48,2.51,10.0,0.0,0,21,0.0,81.51285714285711,0.1369867455119902,2.1341651961157093,2.13309012191874,2.1305255529608016,2.13071151841218,1.8769096729230976,2.130702787718122,2.4090815142081543,0.0010750741969696,-0.3758348038842904,-0.3769098780812601,-0.3794744470391982,-0.3792884815878201,0.3758348038842904,0.3769098780812601,0.3794744470391982,0.3792884815878201,False,0.0010750741969696,0.4165694100425408,0.4167746370922319,0.0117063424229913,0.3943285066003732,0.4165686567540763,0.4402192308492917,1.000281853503143,1.000286479880522,0.24914442162902123,0.990306508227895,625
2026-08-31,jaox6_9353c,2026-08-31,2026-11,call,93.53,2.5,20.0,0.0,0,21,0.0,81.51285714285711,0.1375214762877926,2.124213523859864,2.12313265210666,2.1205732912146456,2.120758879011788,1.867469009570122,2.120750166047817,2.398625617483293,0.0010808717532042,-0.3757864761401359,-0.3768673478933402,-0.3794267087853544,-0.3792411209882123,0.3757864761401359,0.3768673478933402,0.3794267087853544,0.3792411209882123,False,0.0010808717532042,0.4165694100425408,0.4167746370922319,0.0117063424229913,0.3943285066003732,0.4165686567540763,0.4402192308492917,1.000281853503143,1.000286479880522,0.24914442162902123,0.990306508227895,625
2026-08-31,jaox6_9435c,2026-08-31,2026-11,call,94.35,2.36,10.0,0.0,0,21,0.0,81.51285714285711,0.1462505076558921,1.9667927046132627,1.9656452163403852,1.9631672743874813,1.9633469582257088,1.7185717417488915,1.9633385224404207,2.232746986688716,0.0011474882728772,-0.3932072953867371,-0.3943547836596144,-0.3968327256125186,-0.3966530417742913,0.3932072953867371,0.3943547836596144,0.3968327256125186,0.3966530417742913,False,0.0011474882728772,0.4165694100425408,0.4167746370922319,0.0117063424229913,0.3943285066003732,0.4165686567540763,0.4402192308492917,1.000281853503143,1.000286479880522,0.24914442162902123,0.990306508227895,625
2026-08-31,jaox6_9911c,2026-08-31,2026-11,call,99.11,1.7,11.0,0.0,0,21,0.0,81.51285714285711,0.19546958025995,1.2400730119357113,1.2384662034850218,1.2364787972544262,1.2366229107108415,1.0427772340696788,1.2366161448815534,1.4555726099649071,0.0016068084506895,-0.4599269880642886,-0.4615337965149781,-0.4635212027455737,-0.4633770892891582,0.4599269880642886,0.4615337965149781,0.4635212027455737,0.4633770892891582,False,0.0016068084506895,0.4165694100425408,0.4167746370922319,0.0117063424229913,0.3943285066003732,0.4165686567540763,0.4402192308492917,1.000281853503143,1.000286479880522,0.24914442162902123,0.990306508227895,625
2026-08-31,jaox6_10000c,2026-08-31,2026-11,call,100.0,1.6,1636.0,0.0,0,21,0.0,81.51285714285711,0.2044094218294244,1.134742525497941,1.1330289181079702,1.1311330600448462,1.1312705350382035,0.9471184708872776,1.131264080871052,1.3407593331415797,0.0017136073899708,-0.465257474502059,-0.4669710818920298,-0.4688669399551539,-0.4687294649617963,0.465257474502059,0.4669710818920298,0.4688669399551539,0.4687294649617963,False,0.0017136073899708,0.4165694100425408,0.4167746370922319,0.0117063424229913,0.3943285066003732,0.4165686567540763,0.4402192308492917,1.000281853503143,1.000286479880522,0.24914442162902123,0.990306508227895,625
2026-08-31,jaox6_10205c,2026-08-31,2026-11,call,102.05,1.4,4.0,0.0,0,21,0.0,81.51285714285711,0.2247021250971867,0.9225818490350626,0.9207941757756865,0.9191047807659368,0.919227284434466,0.7561372475488901,0.9192215331401103,1.1068936192762056,0.0017876732593761,-0.4774181509649373,-0.4792058242243134,-0.4808952192340632,-0.4807727155655338,0.4774181509649373,0.4792058242243134,0.4808952192340632,0.4807727155655338,False,0.0017876732593761,0.4165694100425408,0.4167746370922319,0.0117063424229913,0.3943285066003732,0.4165686567540763,0.4402192308492917,1.000281853503143,1.000286479880522,0.24914442162902123,0.990306508227895,625
2026-08-31,jaox6_10240c,2026-08-31,2026-11,call,102.4,1.36,4.0,0.0,0,21,0.0,81.51285714285711,0.2281259484467405,0.890178974783026,0.888358577943981,0.8867035801949544,0.8868235896033483,0.7272407891221324,0.886817955409357,1.0710054522950525,0.001820396839045,-0.4698210252169741,-0.4716414220560191,-0.4732964198050456,-0.4731764103966518,0.4698210252169741,0.4716414220560191,0.4732964198050456,0.4731764103966518,False,0.001820396839045,0.4165694100425408,0.4167746370922319,0.0117063424229913,0.3943285066003732,0.4165686567540763,0.4402192308492917,1.000281853503143,1.000286479880522,0.24914442162902123,0.990306508227895,625
2026-08-31,jaox6_10500c,2026-08-31,2026-11,call,105.0,1.16,23.0,0.0,0,21,0.0,81.51285714285711,0.2531995859988564,0.6797053410421474,0.6778491417270675,0.6764335801187928,0.6765362272137838,0.5412500413243566,0.6765314081445661,0.8353479515018082,0.0018561993150799,-0.4802946589578525,-0.4821508582729324,-0.4835664198812071,-0.4834637727862161,0.4802946589578525,0.4821508582729324,0.4835664198812071,0.4834637727862161,False,0.0018561993150799,0.4165694100425408,0.4167746370922319,0.0117063424229913,0.3943285066003732,0.4165686567540763,0.4402192308492917,1.000281853503143,1.000286479880522,0.24914442162902123,0.990306508227895,625
2026-08-31,jaox6_10800c,2026-08-31,2026-11,call,108.0,0.96,100.0,0.0,0,21,0.0,81.51285714285711,0.2813704629655528,0.4932022620034462,0.4912751598990151,0.4901187366750822,0.4902025927812545,0.3805588929496337,0.490198655910172,0.6219348623966933,0.001927102104431,-0.4667977379965538,-0.4687248401009848,-0.4698812633249177,-0.4697974072187454,0.4667977379965538,0.4687248401009848,0.4698812633249177,0.4697974072187454,False,0.001927102104431,0.4165694100425408,0.4167746370922319,0.0117063424229913,0.3943285066003732,0.4165686567540763,0.4402192308492917,1.000281853503143,1.000286479880522,0.24914442162902123,0.990306508227895,625
2026-08-31,jaox6_7200p,2026-08-31,2026-11,put,72.0,2.03,1.0,0.0,0,21,0.0,81.51285714285711,-0.1240946451426117,2.095162854168596,2.0944219472598893,2.092070067048041,2.092240609728841,1.8585934344065849,2.0922326031020253,2.346578012141046,0.0007409069087067,0.0651628541685962,0.0644219472598894,0.0620700670480416,0.0622406097288417,0.0651628541685962,0.0644219472598894,0.0620700670480416,0.0622406097288417,False,0.0007409069087067,0.4165694100425408,0.4167746370922319,0.0117063424229913,0.3943285066003732,0.4165686567540763,0.4402192308492917,1.000281853503143,1.000286479880522,0.24914442162902123,0.990306508227895,625
2026-08-31,jaox6_7400p,2026-08-31,2026-11,put,74.0,2.62,205.0,0.0,0,21,0.0,81.51285714285711,-0.0966956709544972,2.701370682579732,2.7008395450238707,2.6982332241206803,2.698422217144907,2.4384651635919803,2.698413344312553,2.979073829222569,0.0005311375558614,0.081370682579732,0.0808395450238705,0.0782332241206802,0.0784222171449067,0.081370682579732,0.0808395450238705,0.0782332241206802,0.0784222171449067,False,0.0005311375558614,0.4165694100425408,0.4167746370922319,0.0117063424229913,0.3943285066003732,0.4165686567540763,0.4402192308492917,1.000281853503143,1.000286479880522,0.24914442162902123,0.990306508227895,625
2026-08-31,jaox6_7450p,2026-08-31,2026-11,put,74.5,2.78,397.0,0.0,0,21,0.0,81.51285714285711,-0.0899616387731531,2.8694289439699383,2.8689489920285784,2.866283229183279,2.866476532541045,2.600317688215774,2.8664674573474302,3.153236750281873,0.0004799519413598,0.0894289439699385,0.0889489920285786,0.0862832291832793,0.0864765325410457,0.0894289439699385,0.0889489920285786,0.0862832291832793,0.0864765325410457,False,0.0004799519413598,0.4165694100425408,0.4167746370922319,0.0117063424229913,0.3943285066003732,0.4165686567540763,0.4402192308492917,1.000281853503143,1.000286479880522,0.24914442162902123,0.990306508227895,625
2026-08-31,jaox6_7500p,2026-08-31,2026-11,put,75.0,2.96,654.0,15.0,0,21,0.0,81.51285714285711,-0.0832726506223564,3.044270642349247,3.0438961924949286,3.0411750969995643,3.0413724127123944,2.769314063656476,3.041363149146992,3.333635727650017,0.0003744498543185,0.0842706423492472,0.0838961924949286,0.0811750969995643,0.0813724127123944,0.0842706423492472,0.0838961924949286,0.0811750969995643,0.0813724127123944,True,0.0003744498543185,0.4165694100425408,0.4167746370922319,0.0117063424229913,0.3943285066003732,0.4165686567540763,0.4402192308492917,1.000281853503143,1.000286479880522,0.24914442162902123,0.990306508227895,625
2026-08-31,jaox6_7600p,2026-08-31,2026-11,put,76.0,3.33,4.0,0.0,0,21,0.0,81.51285714285711,-0.0700274238723358,3.414004693556535,3.413742818584406,3.4109209972164733,3.411125616898378,3.1284852787962087,3.4111160104267046,3.71380729302439,0.000261874972129,0.084004693556535,0.083742818584406,0.0809209972164732,0.0811256168983778,0.084004693556535,0.083742818584406,0.0809209972164732,0.0811256168983778,False,0.000261874972129,0.4165694100425408,0.4167746370922319,0.0117063424229913,0.3943285066003732,0.4165686567540763,0.4402192308492917,1.000281853503143,1.000286479880522,0.24914442162902123,0.990306508227895,625
2026-08-31,jaox6_7800p,2026-08-31,2026-11,put,78.0,4.16,26.0,0.0,0,21,0.0,81.51285714285711,-0.0440519374690752,4.234437552811516,4.234323586531075,4.231338932897676,4.23155536009041,3.931995886113421,4.231545199280477,4.5509900549588025,0.0001139662804412,0.0744375528115162,0.0743235865310749,0.0713389328976754,0.0715553600904099,0.0744375528115162,0.0743235865310749,0.0713389328976754,0.0715553600904099,False,0.0001139662804412,0.4165694100425408,0.4167746370922319,0.0117063424229913,0.3943285066003732,0.4165686567540763,0.4402192308492917,1.000281853503143,1.000286479880522,0.24914442162902123,0.990306508227895,625
2026-08-31,jaox6_8000p,2026-08-31,2026-11,put,80.0,5.12,3500.0,0.0,0,21,0.0,81.51285714285711,-0.0187341294847853,5.163749182961545,5.163746293955272,5.160650979279923,5.160875430874012,4.849778214071306,5.160864893335,5.491699723698985,2.889006272432937e-06,0.0437491829615446,0.0437462939552721,0.0406509792799232,0.0408754308740118,0.0437491829615446,0.0437462939552721,0.0406509792799232,0.0408754308740118,False,2.889006272432937e-06,0.4165694100425408,0.4167746370922319,0.0117063424229913,0.3943285066003732,0.4165686567540763,0.4402192308492917,1.000281853503143,1.000286479880522,0.24914442162902123,0.990306508227895,625
2026-08-31,jaox6_8200p,2026-08-31,2026-11,put,82.0,6.2,7.0,0.0,0,21,0.0,81.51285714285711,0.005958483105586,6.199415515561467,6.199435735223373,6.1962874381127175,6.196515731639956,5.879996663256425,6.196505013730114,6.532924432484275,-2.021966190568492e-05,-0.0005844844385327,-0.000564264776627,-0.0037125618872826,-0.0034842683600437,0.0005844844385327,0.000564264776627,0.0037125618872826,0.0034842683600437,False,2.021966190568492e-05,0.4165694100425408,0.4167746370922319,0.0117063424229913,0.3943285066003732,0.4165686567540763,0.4402192308492917,1.000281853503143,1.000286479880522,0.24914442162902123,0.990306508227895,625
2026-08-31,jaox6_9000p,2026-08-31,2026-11,put,90.0,11.56,400.0,0.0,0,21,0.0,81.51285714285711,0.0990489061715981,11.325327905625263,11.32475004605361,11.321891654673074,11.322098926168602,11.03701340193886,11.322089195199752,11.629852711559122,0.0005778595716545,-0.2346720943747353,-0.2352499539463899,-0.2381083453269266,-0.2379010738313987,0.2346720943747353,0.2352499539463899,0.2381083453269266,0.2379010738313987,False,0.0005778595716545,0.4165694100425408,0.4167746370922319,0.0117063424229913,0.3943285066003732,0.4165686567540763,0.4402192308492917,1.000281853503143,1.000286479880522,0.24914442162902123,0.990306508227895,625
2026-09-01,jaox6_8950c,2026-09-01,2026-11,call,89.5,4.66,7.0,0.0,0,21,0.0,84.23571428571431,0.0606196338001436,4.0434921964107655,4.043252781838761,4.06057029188895,4.039259572995086,3.724947314653084,4.040330322209652,4.385101901984494,0.0002394145720048,-0.6165078035892346,-0.6167472181612395,-0.5994297081110505,-0.6207404270049137,0.6165078035892346,0.6167472181612395,0.5994297081110505,0.6207404270049137,False,0.0002394145720048,0.4174364154899927,0.4177159238570499,0.0116728374434924,0.3953674321930781,0.4175113635771595,0.4415800693381683,1.0007538446819688,1.0001305187132865,0.2464065708418891,0.9903905190206649,626
2026-09-01,jaox6_9000c,2026-09-01,2026-11,call,90.0,4.51,339.0,0.0,0,21,0.0,84.23571428571431,0.066190678849599,3.87978439977144,3.879491811778379,3.896668946421181,3.8755309718097104,3.563942972426102,3.8765930415514895,4.2188332310152905,0.0002925879930608,-0.6302156002285595,-0.6305081882216204,-0.6133310535788183,-0.6344690281902894,0.6302156002285595,0.6305081882216204,0.6133310535788183,0.6344690281902894,False,0.0002925879930608,0.4174364154899927,0.4177159238570499,0.0116728374434924,0.3953674321930781,0.4175113635771595,0.4415800693381683,1.0007538446819688,1.0001305187132865,0.2464065708418891,0.9903905190206649,626
2026-09-01,jaox6_9025c,2026-09-01,2026-11,call,90.25,4.44,10.0,0.0,0,21,0.0,84.23571428571431,0.0689646057323243,3.800045898674785,3.7997494828850096,3.816855548252231,3.7958050306336815,3.485533224760441,3.796862706131093,4.137725869991885,0.0002964157897755,-0.6399541013252152,-0.6402505171149908,-0.6231444517477698,-0.644194969366318,0.6399541013252152,0.6402505171149908,0.6231444517477698,0.644194969366318,False,0.0002964157897755,0.4174364154899927,0.4177159238570499,0.0116728374434924,0.3953674321930781,0.4175113635771595,0.4415800693381683,1.0007538446819688,1.0001305187132865,0.2464065708418891,0.9903905190206649,626
2026-09-01,jaox6_9100c,2026-09-01,2026-11,call,91.0,4.23,114.0,0.0,0,21,0.0,84.23571428571431,0.0772405150361839,3.568608171706214,3.5682157791535354,3.5850943910615096,3.5643237749251835,3.258633057674121,3.5653673868758067,3.901983818381263,0.0003923925526785,-0.6613918282937865,-0.661784220846465,-0.6449056089384908,-0.6656762250748169,0.6613918282937865,0.661784220846465,0.6449056089384908,0.6656762250748169,False,0.0003923925526785,0.4174364154899927,0.4177159238570499,0.0116728374434924,0.3953674321930781,0.4175113635771595,0.4415800693381683,1.0007538446819688,1.0001305187132865,0.2464065708418891,0.9903905190206649,626
2026-09-01,jaox6_9196c,2026-09-01,2026-11,call,91.96,3.98,4.0,0.0,0,21,0.0,84.23571428571431,0.0877347084143147,3.2894606452003616,3.288977221262424,3.3055151598989427,3.285163772179496,2.985992401289337,3.286186320152863,3.6164421742690425,0.0004834239379376,-0.6905393547996383,-0.691022778737576,-0.6744848401010572,-0.6948362278205038,0.6905393547996383,0.691022778737576,0.6744848401010572,0.6948362278205038,False,0.0004834239379376,0.4174364154899927,0.4177159238570499,0.0116728374434924,0.3953674321930781,0.4175113635771595,0.4415800693381683,1.0007538446819688,1.0001305187132865,0.2464065708418891,0.9903905190206649,626
2026-09-01,jaox6_9200c,2026-09-01,2026-11,call,92.0,3.97,1.0,0.0,0,21,0.0,84.23571428571431,0.0881695855683743,3.278228419461794,3.277738402363765,3.294261832334926,3.2739282988039897,2.9750427183493984,3.274949949700237,3.604935896362636,0.0004900170980288,-0.6917715805382061,-0.692261597636235,-0.6757381676650742,-0.6960717011960105,0.6917715805382061,0.692261597636235,0.6757381676650742,0.6960717011960105,False,0.0004900170980288,0.4174364154899927,0.4177159238570499,0.0116728374434924,0.3953674321930781,0.4175113635771595,0.4415800693381683,1.0007538446819688,1.0001305187132865,0.2464065708418891,0.9903905190206649,626
2026-09-01,jaox6_9225c,2026-09-01,2026-11,call,92.25,3.9,12.0,0.0,0,21,0.0,84.23571428571431,0.0908832914399706,3.208727578182148,3.208215443634753,3.224645705258081,3.2044268235717066,2.9073506304770422,3.2054427138282904,3.53368608843202,0.0005121345473946,-0.6912724218178523,-0.6917845563652469,-0.6753542947419184,-0.6955731764282933,0.6912724218178523,0.6917845563652469,0.6753542947419184,0.6955731764282933,False,0.0005121345473946,0.4174364154899927,0.4177159238570499,0.0116728374434924,0.3953674321930781,0.4175113635771595,0.4415800693381683,1.0007538446819688,1.0001305187132865,0.2464065708418891,0.9903905190206649,626
2026-09-01,jaox6_9348c,2026-09-01,2026-11,call,93.48,3.61,10.0,0.0,0,21,0.0,84.23571428571431,0.1041285181899913,2.883813932962537,2.8831503360248534,2.8990826460792114,2.879476537584729,2.592016131886685,2.8804616392781868,3.199452347583064,0.0006635969376835,-0.7261860670374629,-0.7268496639751465,-0.7109173539207885,-0.7305234624152708,0.7261860670374629,0.7268496639751465,0.7109173539207885,0.7305234624152708,False,0.0006635969376835,0.4174364154899927,0.4177159238570499,0.0116728374434924,0.3953674321930781,0.4175113635771595,0.4415800693381683,1.0007538446819688,1.0001305187132865,0.2464065708418891,0.9903905190206649,626
2026-09-01,jaox6_9353c,2026-09-01,2026-11,call,93.53,3.6,20.0,0.0,0,21,0.0,84.23571428571431,0.1046632489657935,2.871199303578136,2.870532249727588,2.8864415054747514,2.866863767332501,2.5798190098808784,2.8678474435680696,3.186423959272217,0.0006670538505488,-0.7288006964218638,-0.7294677502724127,-0.7135584945252487,-0.733136232667499,0.7288006964218638,0.7294677502724127,0.7135584945252487,0.733136232667499,False,0.0006670538505488,0.4174364154899927,0.4177159238570499,0.0116728374434924,0.3953674321930781,0.4175113635771595,0.4415800693381683,1.0007538446819688,1.0001305187132865,0.2464065708418891,0.9903905190206649,626
2026-09-01,jaox6_9435c,2026-09-01,2026-11,call,94.35,3.41,10.0,0.0,0,21,0.0,84.23571428571431,0.1133922803338931,2.6707937941730013,2.670006081059094,2.6855459460912834,2.6664227757053687,2.38666365513722,2.667383612351598,2.9790238667385025,0.0007877131139073,-0.7392062058269988,-0.7399939189409062,-0.7244540539087168,-0.7435772242946315,0.7392062058269988,0.7399939189409062,0.7244540539087168,0.7435772242946315,False,0.0007877131139073,0.4174364154899927,0.4177159238570499,0.0116728374434924,0.3953674321930781,0.4175113635771595,0.4415800693381683,1.0007538446819688,1.0001305187132865,0.2464065708418891,0.9903905190206649,626
2026-09-01,jaox6_9911c,2026-09-01,2026-11,call,99.11,2.53,11.0,0.0,0,21,0.0,84.23571428571431,0.1626113529379511,1.7304984548953477,1.72912636352913,1.742146880169436,1.726123989513085,1.4944447890417252,1.7269290537472295,1.9907978099938348,0.0013720913662178,-0.7995015451046521,-0.80087363647087,-0.7878531198305638,-0.8038760104869145,0.7995015451046521,0.80087363647087,0.7878531198305638,0.8038760104869145,False,0.0013720913662178,0.4174364154899927,0.4177159238570499,0.0116728374434924,0.3953674321930781,0.4175113635771595,0.4415800693381683,1.0007538446819688,1.0001305187132865,0.2464065708418891,0.9903905190206649,626
2026-09-01,jaox6_10000c,2026-09-01,2026-11,call,100.0,2.4,1636.0,0.0,0,21,0.0,84.23571428571431,0.1715511945074253,1.5914503047620496,1.5900072212290013,1.6025167291534312,1.5871226796563924,1.3650465967296883,1.587896147998311,1.8420208748951603,0.0014430835330483,-0.8085496952379503,-0.8099927787709986,-0.7974832708465687,-0.8128773203436075,0.8085496952379503,0.8099927787709986,0.7974832708465687,0.8128773203436075,False,0.0014430835330483,0.4174364154899927,0.4177159238570499,0.0116728374434924,0.3953674321930781,0.4175113635771595,0.4415800693381683,1.0007538446819688,1.0001305187132865,0.2464065708418891,0.9903905190206649,626
2026-09-01,jaox6_10205c,2026-09-01,2026-11,call,102.05,2.11,4.0,0.0,0,21,0.0,84.23571428571431,0.1918438977751877,1.3087006193464044,1.307092268373432,1.3184348053957318,1.3044768162087803,1.1042817631379238,1.3051781302298262,1.5367260630582662,0.0016083509729722,-0.8012993806535955,-0.8029077316265678,-0.7915651946042681,-0.8055231837912196,0.8012993806535955,0.8029077316265678,0.7915651946042681,0.8055231837912196,False,0.0016083509729722,0.4174364154899927,0.4177159238570499,0.0116728374434924,0.3953674321930781,0.4175113635771595,0.4415800693381683,1.0007538446819688,1.0001305187132865,0.2464065708418891,0.9903905190206649,626
2026-09-01,jaox6_10240c,2026-09-01,2026-11,call,102.4,2.07,4.0,0.0,0,21,0.0,84.23571428571431,0.1952677211247414,1.2651911854402698,1.263560246550449,1.2746987135083987,1.2609918504800814,1.0645106006357732,1.2616805467598653,1.4894936660888205,0.0016309388898207,-0.8048088145597301,-0.8064397534495509,-0.7953012864916011,-0.8090081495199184,0.8048088145597301,0.8064397534495509,0.7953012864916011,0.8090081495199184,False,0.0016309388898207,0.4174364154899927,0.4177159238570499,0.0116728374434924,0.3953674321930781,0.4175113635771595,0.4415800693381683,1.0007538446819688,1.0001305187132865,0.2464065708418891,0.9903905190206649,626
2026-09-01,jaox6_10500c,2026-09-01,2026-11,call,105.0,1.77,23.0,0.0,0,21,0.0,84.23571428571431,0.2203413586768574,0.981044990926149,0.9792787368798072,0.9889651930394896,0.977045156977812,0.8075830555731011,0.977644074795376,1.1771368392868111,0.0017662540463417,-0.788955009073851,-0.7907212631201928,-0.7810348069605103,-0.7929548430221881,0.788955009073851,0.7907212631201928,0.7810348069605103,0.7929548430221881,False,0.0017662540463417,0.4174364154899927,0.4177159238570499,0.0116728374434924,0.3953674321930781,0.4175113635771595,0.4415800693381683,1.0007538446819688,1.0001305187132865,0.2464065708418891,0.9903905190206649,626
2026-09-01,jaox6_10800c,2026-09-01,2026-11,call,108.0,1.49,100.0,0.0,0,21,0.0,84.23571428571431,0.2485122356435538,0.7257660951273265,0.7238838122896509,0.732032515225432,0.7220048197247076,0.5809237874955151,0.7225086575884032,0.8919043382040281,0.0018822828376755,-0.7642339048726735,-0.7661161877103491,-0.757967484774568,-0.7679951802752923,0.7642339048726735,0.7661161877103491,0.757967484774568,0.7679951802752923,False,0.0018822828376755,0.4174364154899927,0.4177159238570499,0.0116728374434924,0.3953674321930781,0.4175113635771595,0.4415800693381683,1.0007538446819688,1.0001305187132865,0.2464065708418891,0.9903905190206649,626
2026-09-01,jaox6_7200p,2026-09-01,2026-11,put,72.0,1.69,1.0,0.0,0,21,0.0,84.23571428571431,-0.1569528724646107,1.5456538933324897,1.544530799102397,1.555851452843331,1.5419203929583585,1.340179105151026,1.5426203539265542,1.771893562671771,0.0011230942300921,-0.1443461066675104,-0.1454692008976026,-0.134148547156669,-0.1480796070416414,0.1443461066675104,0.1454692008976026,0.134148547156669,0.1480796070416414,False,0.0011230942300921,0.4174364154899927,0.4177159238570499,0.0116728374434924,0.3953674321930781,0.4175113635771595,0.4415800693381683,1.0007538446819688,1.0001305187132865,0.2464065708418891,0.9903905190206649,626
2026-09-01,jaox6_7400p,2026-09-01,2026-11,put,74.0,2.18,205.0,0.0,0,21,0.0,84.23571428571431,-0.1295538982764962,2.0327219241585226,2.0319301425629126,2.0448334750734545,2.0289547897931075,1.797116675674913,2.029752608481296,2.2891798578767903,0.0007917815956099,-0.1472780758414775,-0.1480698574370875,-0.1351665249265456,-0.1510452102068926,0.1472780758414775,0.1480698574370875,0.1351665249265456,0.1510452102068926,False,0.0007917815956099,0.4174364154899927,0.4177159238570499,0.0116728374434924,0.3953674321930781,0.4175113635771595,0.4415800693381683,1.0007538446819688,1.0001305187132865,0.2464065708418891,0.9903905190206649,626
2026-09-01,jaox6_7450p,2026-09-01,2026-11,put,74.5,2.32,397.0,0.0,0,21,0.0,84.23571428571431,-0.1228198660951521,2.1691585840499497,2.1684075021521,2.181675622447064,2.1653480337211746,1.9267270443593096,2.1661684073974947,2.432570342272093,0.00075108189785,-0.1508414159500501,-0.1515924978479002,-0.1383243775529359,-0.1546519662788252,0.1508414159500501,0.1515924978479002,0.1383243775529359,0.1546519662788252,False,0.00075108189785,0.4174364154899927,0.4177159238570499,0.0116728374434924,0.3953674321930781,0.4175113635771595,0.4415800693381683,1.0007538446819688,1.0001305187132865,0.2464065708418891,0.9903905190206649,626
2026-09-01,jaox6_7500p,2026-09-01,2026-11,put,75.0,2.46,657.0,3.0,0,21,0.0,84.23571428571431,-0.1161308779443555,2.311549158828792,2.3108467044330707,2.324467014945544,2.3077060251879384,2.0623849374779795,2.308548174939323,2.581889768973301,0.0007024543957214,-0.1484508411712077,-0.1491532955669292,-0.1355329850544557,-0.1522939748120615,0.1484508411712077,0.1491532955669292,0.1355329850544557,0.1522939748120615,True,0.0007024543957214,0.4174364154899927,0.4177159238570499,0.0116728374434924,0.3953674321930781,0.4175113635771595,0.4415800693381683,1.0007538446819688,1.0001305187132865,0.2464065708418891,0.9903905190206649,626
2026-09-01,jaox6_7600p,2026-09-01,2026-11,put,76.0,2.77,4.0,0.0,0,21,0.0,84.23571428571431,-0.1028856511943348,2.6149180468101307,2.614346886484051,2.6286610340313774,2.6110462167913533,2.352613286398721,2.611931266789826,2.898550017375883,0.0005711603260798,-0.1550819531898692,-0.1556531135159491,-0.1413389659686226,-0.1589537832086467,0.1550819531898692,0.1556531135159491,0.1413389659686226,0.1589537832086467,False,0.0005711603260798,0.4174364154899927,0.4177159238570499,0.0116728374434924,0.3953674321930781,0.4175113635771595,0.4415800693381683,1.0007538446819688,1.0001305187132865,0.2464065708418891,0.9903905190206649,626
2026-09-01,jaox6_7800p,2026-09-01,2026-11,put,78.0,3.49,26.0,0.0,0,21,0.0,84.23571428571431,-0.0769101647910742,3.299119589802049,3.2987609806118083,3.314322723721406,3.29517263043744,3.013230942440562,3.296134819814756,3.6065698326569504,0.0003586091902407,-0.1908804101979511,-0.1912390193881918,-0.175677276278594,-0.1948273695625606,0.1908804101979511,0.1912390193881918,0.175677276278594,0.1948273695625606,False,0.0003586091902407,0.4174364154899927,0.4177159238570499,0.0116728374434924,0.3953674321930781,0.4175113635771595,0.4415800693381683,1.0007538446819688,1.0001305187132865,0.2464065708418891,0.9903905190206649,626
2026-09-01,jaox6_8000p,2026-09-01,2026-11,put,80.0,4.31,3530.0,30.0,0,21,0.0,84.23571428571431,-0.0515923568067844,4.088221754130329,4.088077325293816,4.104615771148179,4.084263759252575,3.78375315685457,4.0852863385874425,4.414212517744649,0.0001444288365126,-0.2217782458696708,-0.2219226747061835,-0.2053842288518206,-0.225736240747425,0.2217782458696708,0.2219226747061835,0.2053842288518206,0.225736240747425,True,0.0001444288365126,0.4174364154899927,0.4177159238570499,0.0116728374434924,0.3953674321930781,0.4175113635771595,0.4415800693381683,1.0007538446819688,1.0001305187132865,0.2464065708418891,0.9903905190206649,626
2026-09-01,jaox6_8200p,2026-09-01,2026-11,put,82.0,5.26,7.0,0.0,0,21,0.0,84.23571428571431,-0.0268997442164129,4.982650999916636,4.9826253663252364,4.999861859700606,4.978650838949131,4.664960051797676,4.9797165788672855,5.32204113986123,2.563359139973187e-05,-0.2773490000833636,-0.2773746336747633,-0.2601381402993938,-0.2813491610508691,0.2773490000833636,0.2773746336747633,0.2601381402993938,0.2813491610508691,False,2.563359139973187e-05,0.4174364154899927,0.4177159238570499,0.0116728374434924,0.3953674321930781,0.4175113635771595,0.4415800693381683,1.0007538446819688,1.0001305187132865,0.2464065708418891,0.9903905190206649,626
2026-09-01,jaox6_9000p,2026-09-01,2026-11,put,90.0,10.13,400.0,0.0,0,21,0.0,84.23571428571431,0.066190678849599,9.574050464687824,9.573769709737777,9.590861196814858,9.569828619064234,9.259755667655394,9.570885393179594,9.911375654277052,0.0002807549500492,-0.5559495353121768,-0.556230290262226,-0.5391388031851427,-0.5601713809357669,0.5559495353121768,0.556230290262226,0.5391388031851427,0.5601713809357669,False,0.0002807549500492,0.4174364154899927,0.4177159238570499,0.0116728374434924,0.3953674321930781,0.4175113635771595,0.4415800693381683,1.0007538446819688,1.0001305187132865,0.2464065708418891,0.9903905190206649,626
2026-09-02,jaox6_8950c,2026-09-02,2026-11,call,89.5,4.57,7.0,0.0,0,21,0.0,84.46428571428571,0.0579098345299803,4.08810961155974,4.087883253535296,4.087196259055813,4.084842192945711,3.771892045341387,4.083706761941302,4.426126460765677,0.0002263580244443,-0.4818903884402603,-0.4821167464647047,-0.4828037409441874,-0.4851578070542892,0.4818903884402603,0.4821167464647047,0.4828037409441874,0.4851578070542892,False,0.0002263580244443,0.4171328758440847,0.4173461414538646,0.0117354566464494,0.3951263429332414,0.4170532495497754,0.4410046025081179,1.00084651928423,1.0003125791570366,0.243668720054757,0.9904991609111123,627
2026-09-02,jaox6_9000c,2026-09-02,2026-11,call,90.0,4.42,339.0,0.0,0,21,0.0,84.46428571428571,0.0634808795794357,3.922012260068535,3.92173400637668,3.9210521976807975,3.918715901258504,3.608338454046893,3.9175890410645695,4.257626873928811,0.0002782536918548,-0.4979877399314647,-0.4982659936233196,-0.4989478023192024,-0.5012840987414955,0.4979877399314647,0.4982659936233196,0.4989478023192024,0.5012840987414955,False,0.0002782536918548,0.4171328758440847,0.4173461414538646,0.0117354566464494,0.3951263429332414,0.4170532495497754,0.4410046025081179,1.00084651928423,1.0003125791570366,0.243668720054757,0.9904991609111123,627
2026-09-02,jaox6_9025c,2026-09-02,2026-11,call,90.25,4.35,10.0,0.0,0,21,0.0,84.46428571428571,0.0662548064621608,3.8411109931655134,3.84081176151969,3.84013284229143,3.8378064469644295,3.528805860904999,3.836684362341804,4.175383020613028,0.0002992316458243,-0.5088890068344853,-0.5091882384803097,-0.5098671577085696,-0.5121935530355701,0.5088890068344853,0.5091882384803097,0.5098671577085696,0.5121935530355701,False,0.0002992316458243,0.4171328758440847,0.4173461414538646,0.0117354566464494,0.3951263429332414,0.4170532495497754,0.4410046025081179,1.00084651928423,1.0003125791570366,0.243668720054757,0.9904991609111123,627
2026-09-02,jaox6_9100c,2026-09-02,2026-11,call,91.0,4.14,114.0,0.0,0,21,0.0,84.46428571428571,0.0745307157660207,3.60641481296116,3.606042954651095,3.6053728707615353,3.603076750745364,3.298400115966751,3.601969268740072,3.936554078784263,0.0003718583100651,-0.5335851870388395,-0.5339570453489046,-0.5346271292384652,-0.5369232492546359,0.5335851870388395,0.5339570453489046,0.5346271292384652,0.5369232492546359,False,0.0003718583100651,0.4171328758440847,0.4173461414538646,0.0117354566464494,0.3951263429332414,0.4170532495497754,0.4410046025081179,1.00084651928423,1.0003125791570366,0.243668720054757,0.9904991609111123,627
2026-09-02,jaox6_9196c,2026-09-02,2026-11,call,91.96,3.88,4.0,0.0,0,21,0.0,84.46428571428571,0.0850249091441514,3.3232795440500658,3.322816155153862,3.322159392069108,3.3199089173326137,3.021678211119305,3.318823451304497,3.6471618515140216,0.0004633888962031,-0.5567204559499341,-0.5571838448461373,-0.557840607930892,-0.5600910826673862,0.5567204559499341,0.5571838448461373,0.557840607930892,0.5600910826673862,False,0.0004633888962031,0.4171328758440847,0.4173461414538646,0.0117354566464494,0.3951263429332414,0.4170532495497754,0.4410046025081179,1.00084651928423,1.0003125791570366,0.243668720054757,0.9904991609111123,627
2026-09-02,jaox6_9200c,2026-09-02,2026-11,call,92.0,3.87,1.0,0.0,0,21,0.0,84.46428571428571,0.085459786298211,3.311892786762788,3.3114253100047244,3.3107690904944715,3.308520478378932,3.0105726049386448,3.3074359107442683,3.635499977481637,0.0004674767580632,-0.5581072132372125,-0.5585746899952757,-0.5592309095055286,-0.561479521621068,0.5581072132372125,0.5585746899952757,0.5592309095055286,0.561479521621068,False,0.0004674767580632,0.4171328758440847,0.4173461414538646,0.0117354566464494,0.3951263429332414,0.4170532495497754,0.4410046025081179,1.00084651928423,1.0003125791570366,0.243668720054757,0.9904991609111123,627
2026-09-02,jaox6_9225c,2026-09-02,2026-11,call,92.25,3.81,12.0,0.0,0,21,0.0,84.46428571428571,0.0881734921698072,3.241439571786306,3.240939135381109,3.2402865736714563,3.238050495433097,2.9418827978105244,3.2369719732330524,3.563324708989404,0.000500436405197,-0.568560428213694,-0.569060864618891,-0.5697134263285437,-0.5719495045669025,0.568560428213694,0.569060864618891,0.5697134263285437,0.5719495045669025,False,0.000500436405197,0.4171328758440847,0.4173461414538646,0.0117354566464494,0.3951263429332414,0.4170532495497754,0.4410046025081179,1.00084651928423,1.0003125791570366,0.243668720054757,0.9904991609111123,627
2026-09-02,jaox6_9348c,2026-09-02,2026-11,call,93.48,3.51,10.0,0.0,0,21,0.0,84.46428571428571,0.1014187189198279,2.912123055523163,2.9114690709118127,2.9108359672815824,2.908666564404822,2.6219147114336865,2.907620201570424,3.224946510659283,0.0006539846113504,-0.5978769444768366,-0.5985309290881871,-0.5991640327184173,-0.6013334355951772,0.5978769444768366,0.5985309290881871,0.5991640327184173,0.6013334355951772,False,0.0006539846113504,0.4171328758440847,0.4173461414538646,0.0117354566464494,0.3951263429332414,0.4170532495497754,0.4410046025081179,1.00084651928423,1.0003125791570366,0.243668720054757,0.9904991609111123,627
2026-09-02,jaox6_9353c,2026-09-02,2026-11,call,93.53,3.5,20.0,0.0,0,21,0.0,84.46428571428571,0.1019534496956301,2.899334138608391,2.898677103694113,2.898044849635625,2.895878357914787,2.6095351921956027,2.8948333992111714,3.21174790058838,0.000657034914278,-0.6006658613916089,-0.601322896305887,-0.601955150364375,-0.6041216420852131,0.6006658613916089,0.601322896305887,0.601955150364375,0.6041216420852131,False,0.000657034914278,0.4171328758440847,0.4173461414538646,0.0117354566464494,0.3951263429332414,0.4170532495497754,0.4410046025081179,1.00084651928423,1.0003125791570366,0.243668720054757,0.9904991609111123,627
2026-09-02,jaox6_9435c,2026-09-02,2026-11,call,94.35,3.32,10.0,0.0,0,21,0.0,84.46428571428571,0.1106824810637297,2.6961400454895337,2.695369365028132,2.6947516177153785,2.692634835038095,2.413391310586684,2.691613852377043,3.001711364877022,0.000770680461402,-0.6238599545104662,-0.6246306349718682,-0.6252483822846213,-0.6273651649619048,0.6238599545104662,0.6246306349718682,0.6252483822846213,0.6273651649619048,False,0.000770680461402,0.4171328758440847,0.4173461414538646,0.0117354566464494,0.3951263429332414,0.4170532495497754,0.4410046025081179,1.00084651928423,1.0003125791570366,0.243668720054757,0.9904991609111123,627
2026-09-02,jaox6_9700c,2026-09-02,2026-11,call,97.0,2.8,3.0,0.0,0,21,0.0,84.46428571428571,0.1383821877525535,2.120916009701349,2.1198119309970243,2.119248350324504,2.1173171759102822,1.863966436426504,2.116385717233136,2.4010289647048686,0.0011040787043246,-0.679083990298651,-0.6801880690029756,-0.680751649675496,-0.6826828240897176,0.679083990298651,0.6801880690029756,0.680751649675496,0.6826828240897176,False,0.0011040787043246,0.4171328758440847,0.4173461414538646,0.0117354566464494,0.3951263429332414,0.4170532495497754,0.4410046025081179,1.00084651928423,1.0003125791570366,0.243668720054757,0.9904991609111123,627
2026-09-02,jaox6_9911c,2026-09-02,2026-11,call,99.11,2.45,11.0,0.0,0,21,0.0,84.46428571428571,0.1599015536677877,1.7430013559470572,1.7416590798686686,1.741141030898656,1.7393658761338056,1.5079621814945483,1.7385096700361995,2.001130435635381,0.0013422760783885,-0.706998644052943,-0.7083409201313315,-0.708858969101344,-0.7106341238661946,0.706998644052943,0.7083409201313315,0.708858969101344,0.7106341238661946,False,0.0013422760783885,0.4171328758440847,0.4173461414538646,0.0117354566464494,0.3951263429332414,0.4170532495497754,0.4410046025081179,1.00084651928423,1.0003125791570366,0.243668720054757,0.9904991609111123,627
2026-09-02,jaox6_10000c,2026-09-02,2026-11,call,100.0,2.31,1636.0,0.0,0,21,0.0,84.46428571428571,0.168841395237262,1.6021972635932171,1.6007668876709218,1.60026947191446,1.598565019244333,1.3767292140980387,1.5977429147168067,1.8507304105051932,0.0014303759222953,-0.7078027364067829,-0.7092331123290783,-0.7097305280855399,-0.711434980755667,0.7078027364067829,0.7092331123290783,0.7097305280855399,0.711434980755667,False,0.0014303759222953,0.4171328758440847,0.4173461414538646,0.0117354566464494,0.3951263429332414,0.4170532495497754,0.4410046025081179,1.00084651928423,1.0003125791570366,0.243668720054757,0.9904991609111123,627
2026-09-02,jaox6_10205c,2026-09-02,2026-11,call,102.05,2.04,4.0,0.0,0,21,0.0,84.46428571428571,0.1891340985050243,1.3160010599727818,1.3144016303757402,1.3139507616785946,1.312405807895479,1.1124505916725482,1.311660634079756,1.5421031610330374,0.0015994295970416,-0.7239989400272182,-0.7255983696242598,-0.7260492383214054,-0.727594192104521,0.7239989400272182,0.7255983696242598,0.7260492383214054,0.727594192104521,False,0.0015994295970416,0.4171328758440847,0.4173461414538646,0.0117354566464494,0.3951263429332414,0.4170532495497754,0.4410046025081179,1.00084651928423,1.0003125791570366,0.243668720054757,0.9904991609111123,627
2026-09-02,jaox6_10240c,2026-09-02,2026-11,call,102.4,1.99,4.0,0.0,0,21,0.0,84.46428571428571,0.1925579218545781,1.271987315541088,1.2703516940923991,1.2699088219377193,1.268391269233039,1.072157141072845,1.2676593117131014,1.494368938447686,0.0016356214486887,-0.7180126844589121,-0.7196483059076009,-0.7200911780622807,-0.721608730766961,0.7180126844589121,0.7196483059076009,0.7200911780622807,0.721608730766961,False,0.0016356214486887,0.4171328758440847,0.4173461414538646,0.0117354566464494,0.3951263429332414,0.4170532495497754,0.4410046025081179,1.00084651928423,1.0003125791570366,0.243668720054757,0.9904991609111123,627
2026-09-02,jaox6_10500c,2026-09-02,2026-11,call,105.0,1.7,23.0,0.0,0,21,0.0,84.46428571428571,0.217631559406694,0.984681955262356,0.9829152660106986,0.9825304716847616,0.9812119293833308,0.812064514801479,0.9805759600691109,1.1790077959607157,0.0017666892516573,-0.715318044737644,-0.7170847339893014,-0.7174695283152382,-0.718788070616669,0.715318044737644,0.7170847339893014,0.7174695283152382,0.718788070616669,False,0.0017666892516573,0.4171328758440847,0.4173461414538646,0.0117354566464494,0.3951263429332414,0.4170532495497754,0.4410046025081179,1.00084651928423,1.0003125791570366,0.243668720054757,0.9904991609111123,627
2026-09-02,jaox6_10800c,2026-09-02,2026-11,call,108.0,1.43,100.0,0.0,0,21,0.0,84.46428571428571,0.2458024363733902,0.727006376357666,0.7251157773285078,0.7247923106778226,0.723683914754904,0.5829762218941202,0.7231493048343743,0.8914447540197141,0.0018905990291581,-0.702993623642334,-0.7048842226714921,-0.7052076893221774,-0.7063160852450959,0.702993623642334,0.7048842226714921,0.7052076893221774,0.7063160852450959,False,0.0018905990291581,0.4171328758440847,0.4173461414538646,0.0117354566464494,0.3951263429332414,0.4170532495497754,0.4410046025081179,1.00084651928423,1.0003125791570366,0.243668720054757,0.9904991609111123,627
2026-09-02,jaox6_7200p,2026-09-02,2026-11,put,72.0,1.53,1.0,0.0,0,21,0.0,84.46428571428571,-0.159662671734774,1.4764600178686798,1.4753051860119424,1.4748665951059474,1.4733637125954806,1.2772965712972857,1.4726388309147809,1.6952799897226465,0.0011548318567373,-0.0535399821313202,-0.0546948139880576,-0.0551334048940526,-0.0566362874045194,0.0535399821313202,0.0546948139880576,0.0551334048940526,0.0566362874045194,False,0.0011548318567373,0.4171328758440847,0.4173461414538646,0.0117354566464494,0.3951263429332414,0.4170532495497754,0.4410046025081179,1.00084651928423,1.0003125791570366,0.243668720054757,0.9904991609111123,627
2026-09-02,jaox6_7400p,2026-09-02,2026-11,put,74.0,1.99,205.0,0.0,0,21,0.0,84.46428571428571,-0.1322636975466596,1.9498611258245695,1.949001188692845,1.948498143079364,1.946774399052448,1.7204474587350895,1.9459429897715328,2.199196170475085,0.0008599371317243,-0.0401388741754302,-0.0409988113071546,-0.041501856920636,-0.0432256009475517,0.0401388741754302,0.0409988113071546,0.041501856920636,0.0432256009475517,False,0.0008599371317243,0.4171328758440847,0.4173461414538646,0.0117354566464494,0.3951263429332414,0.4170532495497754,0.4410046025081179,1.00084651928423,1.0003125791570366,0.243668720054757,0.9904991609111123,627
2026-09-02,jaox6_7450p,2026-09-02,2026-11,put,74.5,2.13,397.0,0.0,0,21,0.0,84.46428571428571,-0.1255296653653155,2.0829252864685697,2.082149017624448,2.081631796281165,2.0798594774751105,1.8464835488069269,2.0790046392386405,2.3392205323457222,0.0007762688441217,-0.0470747135314302,-0.0478509823755519,-0.0483682037188346,-0.0501405225248894,0.0470747135314302,0.0478509823755519,0.0483682037188346,0.0501405225248894,False,0.0007762688441217,0.4171328758440847,0.4173461414538646,0.0117354566464494,0.3951263429332414,0.4170532495497754,0.4410046025081179,1.00084651928423,1.0003125791570366,0.243668720054757,0.9904991609111123,627
2026-09-02,jaox6_7500p,2026-09-02,2026-11,put,75.0,2.26,657.0,0.0,0,21,0.0,84.46428571428571,-0.1188406772145189,2.221878347951588,2.2211555299741814,2.220624062293803,2.2188029267645404,1.9787502446174032,2.217924542876219,2.485059877913122,0.0007228179774063,-0.038121652048412,-0.0388444700258183,-0.0393759377061968,-0.0411970732354594,0.038121652048412,0.0388444700258183,0.0393759377061968,0.0411970732354594,False,0.0007228179774063,0.4171328758440847,0.4173461414538646,0.0117354566464494,0.3951263429332414,0.4170532495497754,0.4410046025081179,1.00084651928423,1.0003125791570366,0.243668720054757,0.9904991609111123,627
2026-09-02,jaox6_7600p,2026-09-02,2026-11,put,76.0,2.56,4.0,0.0,0,21,0.0,84.46428571428571,-0.1055954504644982,2.5182143789741755,2.517604498734518,2.517044677375911,2.515126384685991,2.261821169805201,2.5142011392197228,2.7947832327960005,0.0006098802396574,-0.0417856210258245,-0.0423955012654819,-0.0429553226240888,-0.044873615314009,0.0417856210258245,0.0423955012654819,0.0429553226240888,0.044873615314009,False,0.0006098802396574,0.4171328758440847,0.4173461414538646,0.0117354566464494,0.3951263429332414,0.4170532495497754,0.4410046025081179,1.00084651928423,1.0003125791570366,0.243668720054757,0.9904991609111123,627
2026-09-02,jaox6_7800p,2026-09-02,2026-11,put,78.0,3.25,26.0,0.0,0,21,0.0,84.46428571428571,-0.0796199640612375,3.1880955063970293,3.187734303474659,3.187124213353873,3.1850336689312595,2.907689042334893,3.1840253417040225,3.488825239752194,0.0003612029223702,-0.0619044936029706,-0.0622656965253409,-0.0628757866461264,-0.0649663310687405,0.0619044936029706,0.0622656965253409,0.0628757866461264,0.0649663310687405,False,0.0003612029223702,0.4171328758440847,0.4173461414538646,0.0117354566464494,0.3951263429332414,0.4170532495497754,0.4410046025081179,1.00084651928423,1.0003125791570366,0.243668720054757,0.9904991609111123,627
2026-09-02,jaox6_8000p,2026-09-02,2026-11,put,80.0,4.06,3560.0,30.0,0,21,0.0,84.46428571428571,-0.0543021560769477,3.96321715124852,3.9630493389524006,3.9623989728435673,3.960170418085578,3.663728381838391,3.9590955246675943,4.283091730203321,0.0001678122961195,-0.0967828487514794,-0.0969506610475989,-0.0976010271564322,-0.0998295819144217,0.0967828487514794,0.0969506610475989,0.0976010271564322,0.0998295819144217,True,0.0001678122961195,0.4171328758440847,0.4173461414538646,0.0117354566464494,0.3951263429332414,0.4170532495497754,0.4410046025081179,1.00084651928423,1.0003125791570366,0.243668720054757,0.9904991609111123,627
2026-09-02,jaox6_8200p,2026-09-02,2026-11,put,82.0,4.99,7.0,0.0,0,21,0.0,84.46428571428571,-0.0296095434865762,4.844017061707119,4.843978681597228,4.843299254179026,4.840971117480362,4.53077077322211,4.839848192946159,5.1777717240695456,3.838010989110074e-05,-0.1459829382928807,-0.1460213184027718,-0.1467007458209739,-0.1490288825196382,0.1459829382928807,0.1460213184027718,0.1467007458209739,0.1490288825196382,False,3.838010989110074e-05,0.4171328758440847,0.4173461414538646,0.0117354566464494,0.3951263429332414,0.4170532495497754,0.4410046025081179,1.00084651928423,1.0003125791570366,0.243668720054757,0.9904991609111123,627
2026-09-02,jaox6_9000p,2026-09-02,2026-11,put,90.0,9.81,400.0,0.0,0,21,0.0,84.46428571428571,0.0634808795794357,9.390711149106716,9.390444699852868,9.389766248124705,9.387441454740896,9.078554970370522,9.38632014277965,9.724640475504092,0.0002664492538482,-0.4192888508932846,-0.4195553001471328,-0.4202337518752976,-0.4225585452591041,0.4192888508932846,0.4195553001471328,0.4202337518752976,0.4225585452591041,False,0.0002664492538482,0.4171328758440847,0.4173461414538646,0.0117354566464494,0.3951263429332414,0.4170532495497754,0.4410046025081179,1.00084651928423,1.0003125791570366,0.243668720054757,0.9904991609111123,627
